id_pedido,cliente_id,zona,fecha_creacion,fecha_asignacion,fecha_entrega,estado,repartidor_id,metodo_pago,monto,tipo_vehiculo,costo_operacion,latitud,longitud
bce3cc09-2fca-45ff-9a81-465df6a4da99,cde4c37d-3d93-402d-8476-5ac08324b8fc,Sur,2026-07-28 22:01:16,2026-07-28 22:03:16,,en_camino,c7821b64-7aa0-48bf-8b4d-b4728048dd60,app,41468.19,moto_electrica,9741.44,6.158379,-75.608394
5ea5bab8-9c62-4d83-98d0-1b9dbfd87bb9,2bcc12cb-5d87-4176-a287-3a2aee9351e5,Occidente,2026-07-29 00:41:04,2026-07-29 00:51:04,2026-07-29 01:26:04,entregado,ae960795-51c3-43fe-8b0c-cd21d3738b27,app,24117.68,bicicleta,4682.45,6.273562,-75.615582
2d602317-e58d-49e6-84f7-90d2d57e59f2,3846dadb-18c0-49fe-9be8-725b48a79373,Centro,2026-07-29 00:45:41,2026-07-29 01:00:41,2026-07-29 01:22:41,entregado,2ba6deb3-6f6f-4b15-86fc-06a32886e27a,efectivo,89302.27,moto_electrica,20692.47,6.24493,-75.568105
22c01f43-a611-4d59-9f98-04fffeddb43a,5a53097d-77e6-43e0-970b-3e537f059cf8,Occidente,2026-07-29 00:47:24,2026-07-29 00:54:24,2026-07-29 01:20:24,entregado,65c0052d-e656-48ba-9f6c-ba710d8242eb,app,69390.07,moto_electrica,16736.8,6.25966,-75.606214
9563c2a0-c3a6-41e5-96db-a390ce5b2ac9,33d96349-be47-4ec3-a139-34ca61add917,Chapinero,2026-07-29 01:28:31,2026-07-29 01:38:31,2026-07-29 02:09:31,entregado,d3492baf-d484-402d-a53e-ed3ddd5838b9,app,61652.7,bicicleta,14281.04,6.26974,-75.540444
11adaeb9-d82d-4628-bc16-871f4c17f5ed,85376b3d-bf0a-462c-9812-374620e92e59,Norte,2026-07-29 01:37:48,2026-07-29 01:45:48,2026-07-29 02:22:48,entregado,bb6f84b2-6b62-49d9-ac7c-390723a72a9b,efectivo,70358.95,moto_electrica,12838.34,6.272033,-75.557094
74a5483c-f19e-41a6-af13-bc2e3c22c1b9,6c7dcc33-6f64-4bae-a30c-600099b54f33,Occidente,2026-07-29 01:55:12,2026-07-29 02:05:12,2026-07-29 02:20:12,entregado,eec9c1a6-fa0a-4ee3-bcf5-687cf4ffffd1,efectivo,89117.52,moto_electrica,15331.91,6.249864,-75.602802
f1a4b277-d4c1-4cac-aa41-deca38e9dc72,06e97137-7dac-45fd-8c25-3d5ffc2931e2,Norte,2026-07-29 02:09:42,2026-07-29 02:22:42,,en_camino,d3492baf-d484-402d-a53e-ed3ddd5838b9,app,56841.6,bicicleta,9953.23,6.284311,-75.574955
cc35f629-5262-47ff-8fed-3ddd9f7033f0,6a3ea9aa-61e6-4a9b-bb8a-673c32bd53e3,Sur,2026-07-29 02:38:18,2026-07-29 02:53:18,2026-07-29 03:20:18,entregado,2ba6deb3-6f6f-4b15-86fc-06a32886e27a,app,23298.7,bicicleta,4012.79,6.161164,-75.607542
5fce905a-826b-453f-a091-80c34e37f031,532946ef-c978-4995-b94c-d3c989755106,Occidente,2026-07-29 03:14:56,2026-07-29 03:23:56,2026-07-29 03:52:56,entregado,f8f6f0d9-c708-4217-bad3-d580bf28fd5f,tarjeta,15239.0,bicicleta,3086.6,6.231567,-75.591519
54d46d2d-2c4a-41e4-8a51-d3f8b2e5b41d,501d52ea-dd62-4c6b-b43e-eb3cd5fa2d37,Norte,2026-07-29 03:17:54,2026-07-29 03:20:54,2026-07-29 04:05:54,entregado,c37ce403-bebf-4091-b511-62cf4048e8c2,efectivo,59556.84,bicicleta,11909.46,6.297943,-75.574208
e36d194e-9667-49cb-8249-da12f85f1018,a07da55a-88bb-45a6-9d6f-bfdacccc0991,Norte,2026-07-29 03:34:48,2026-07-29 03:38:48,2026-07-29 04:21:48,entregado,48692700-055f-400c-8687-6573be0be73f,app,31602.41,bicicleta,7504.0,6.280316,-75.578721
8038df40-5839-4029-ab03-3f68a2ce6143,6c7dcc33-6f64-4bae-a30c-600099b54f33,Sur,2026-07-29 03:36:46,2026-07-29 03:42:46,2026-07-29 04:04:46,entregado,fc03515f-887a-46b7-a44a-8c0fcb0775be,app,43013.62,moto_electrica,7278.57,6.170301,-75.591045
8239247e-2dd8-4a2a-9f85-3030f161a8a5,b08e0f7c-3078-41b9-8e89-00b4e8e31b8d,Occidente,2026-07-29 06:04:36,2026-07-29 06:08:36,2026-07-29 06:32:36,entregado,c7821b64-7aa0-48bf-8b4d-b4728048dd60,app,21979.17,moto_electrica,4461.69,6.260041,-75.619481
4acc7363-de74-4ddf-9f8c-ef69bc0e5792,b2322744-c7c4-49f3-9caa-8df835be917b,Chapinero,2026-07-29 06:08:14,2026-07-29 06:13:14,2026-07-29 06:31:14,entregado,9852732d-4628-4e78-ba2e-16d78d91a915,efectivo,55815.44,moto_electrica,10359.33,6.260933,-75.554374
97e68c20-e8c9-4ab9-9380-de204220c848,c1c45866-47a2-47f7-b1e6-4dfecbbdda25,Chapinero,2026-07-29 06:32:14,2026-07-29 06:47:14,2026-07-29 07:16:14,entregado,2ba6deb3-6f6f-4b15-86fc-06a32886e27a,app,71610.84,bicicleta,12590.97,6.261854,-75.544726
00bb34c6-70ce-45d8-aa35-14f7f89ae795,33d96349-be47-4ec3-a139-34ca61add917,Chapinero,2026-07-29 07:13:22,2026-07-29 07:28:22,2026-07-29 07:45:22,entregado,c7821b64-7aa0-48bf-8b4d-b4728048dd60,tarjeta,31878.67,moto_electrica,6658.28,6.269882,-75.540535
327e43a9-be10-40c5-9376-4afcb91d72ef,c2117215-2808-47fd-8fc9-330bdba5c03a,Sur,2026-07-29 07:59:11,2026-07-29 08:09:11,2026-07-29 08:34:11,entregado,dd0aed03-899f-4d40-91a2-c94ffa9d7e52,tarjeta,40633.17,moto_electrica,8708.32,6.156641,-75.591917
66e45dae-8e5f-4acb-8e39-90c66a0f270b,c9baeee8-18c8-43a5-91a4-eb6a1108ec13,Occidente,2026-07-29 09:41:58,2026-07-29 09:48:58,2026-07-29 10:07:58,entregado,fc03515f-887a-46b7-a44a-8c0fcb0775be,efectivo,19502.74,moto_electrica,3374.6,6.249008,-75.605121
cfd8c56d-b575-4f50-9fe4-fe24f6091e22,1bb9fc1b-4864-44ef-a2b3-5ea92d0e0afa,Centro,2026-07-29 09:51:51,2026-07-29 10:00:51,2026-07-29 10:20:51,entregado,7e7763b0-2145-4ea0-99f0-070486f95eff,tarjeta,64511.08,moto_electrica,14256.5,6.245998,-75.561017
3afc943c-ea37-45db-b1ad-4f4b2c278ef5,6c7dcc33-6f64-4bae-a30c-600099b54f33,Centro,2026-07-29 10:16:17,2026-07-29 10:31:17,2026-07-29 10:50:17,entregado,c7821b64-7aa0-48bf-8b4d-b4728048dd60,tarjeta,83053.94,moto_electrica,19713.12,6.248195,-75.555774
9917f3a8-682e-43d9-ae55-f1169e475d31,d9f1576e-b837-45f6-9043-bc29a44d438c,Chapinero,2026-07-29 11:27:02,2026-07-29 11:42:02,2026-07-29 12:15:02,entregado,4fb4b86b-6657-418f-9af0-05576b82420b,efectivo,83889.71,bicicleta,14339.63,6.26273,-75.552208
0c09dbe7-01ae-4235-bf89-54f1878a415b,2e431e06-4c17-49d0-97dd-2d1cd10b4a95,Chapinero,2026-07-29 13:08:08,2026-07-29 13:14:08,2026-07-29 13:53:08,entregado,df1dce50-5616-4589-9d5f-16212ef42b85,tarjeta,64217.44,bicicleta,13528.22,6.264682,-75.553262
3762d087-d786-438f-9d70-3763e1ad8809,cab0f77c-6a9c-4833-ab98-ff5e181a7e8c,Chapinero,2026-07-29 13:23:07,2026-07-29 13:26:07,2026-07-29 14:00:07,entregado,fc03515f-887a-46b7-a44a-8c0fcb0775be,tarjeta,56357.2,bicicleta,12490.89,6.264947,-75.540869
f91f722f-fcff-47b9-9cad-7005e550d212,575c8a28-ba91-49bb-a720-b2b5c45d5a33,Occidente,2026-07-29 13:27:07,,,cancelado,,app,72404.81,moto_electrica,11557.96,6.278253,-75.599407
0227e136-bd97-4ea2-826f-f3701b51aa1f,e14bdbbd-1b66-47ce-a156-94fef926e48d,Sur,2026-07-29 13:30:06,2026-07-29 13:41:06,2026-07-29 14:00:06,entregado,bb6f84b2-6b62-49d9-ac7c-390723a72a9b,app,63846.52,moto_electrica,10204.84,6.159704,-75.600985
c52cd993-acc8-46e1-84a9-c7f8fe3f2c2e,fa03a4c0-a33c-47a6-aa10-616ec3e63346,Chapinero,2026-07-29 14:48:16,2026-07-29 14:57:16,2026-07-29 15:24:16,entregado,7e7763b0-2145-4ea0-99f0-070486f95eff,app,18905.17,bicicleta,3198.6,6.269601,-75.549941
6fec93cb-3efb-4884-931b-1d2ef9b86e28,0bf86823-cb4c-48f8-8917-ae330525c6d5,Sur,2026-07-29 16:05:16,2026-07-29 16:19:16,2026-07-29 16:43:16,entregado,df1dce50-5616-4589-9d5f-16212ef42b85,app,24521.25,moto_electrica,4051.22,6.172863,-75.604817
4c7c9637-9608-4813-9533-def4012b3c96,532946ef-c978-4995-b94c-d3c989755106,Centro,2026-07-29 16:58:08,2026-07-29 17:12:08,2026-07-29 17:44:08,entregado,8caf803c-0a87-4a8a-88c8-b2e2476e1eeb,tarjeta,79820.04,bicicleta,13581.3,6.250916,-75.554541
71a6704d-919a-49a4-bd41-a8bfb02f38c7,3846dadb-18c0-49fe-9be8-725b48a79373,Occidente,2026-07-29 17:08:35,2026-07-29 17:18:35,2026-07-29 17:55:35,entregado,4a610ffa-babe-4263-9ee4-1ec7d61cdb29,tarjeta,62709.95,bicicleta,11530.94,6.241592,-75.607793
3392874c-0005-4e58-821f-c1b59fdf50a5,28146250-cf6a-4026-b1f9-b6628c2d8c60,Occidente,2026-07-29 17:11:30,2026-07-29 17:18:30,,en_camino,7e7763b0-2145-4ea0-99f0-070486f95eff,efectivo,77999.65,bicicleta,16801.52,6.237715,-75.591582
99ef2d5f-bfaa-4fe0-ab8b-c30771b39f93,7b93bed4-ad49-4ae0-b9c6-73325f042816,Sur,2026-07-29 17:15:12,2026-07-29 17:23:12,2026-07-29 17:39:12,entregado,dd0aed03-899f-4d40-91a2-c94ffa9d7e52,app,71765.82,moto_electrica,15203.53,6.158713,-75.595437
57e897a9-4c72-4ef0-a3f6-9607322eaef7,2bcc12cb-5d87-4176-a287-3a2aee9351e5,Norte,2026-07-29 17:31:38,,,cancelado,,app,20485.07,bicicleta,3923.04,6.291738,-75.578611
37476103-2593-4a49-9340-05d2d9f6dd0f,9b929e05-3be7-47f5-8987-51f10d07938d,Occidente,2026-07-29 18:04:32,2026-07-29 18:14:32,2026-07-29 18:46:32,entregado,dd0aed03-899f-4d40-91a2-c94ffa9d7e52,efectivo,78161.13,bicicleta,15702.58,6.267753,-75.60056
6eda8ba9-fa3d-4cfb-bf05-0d88f8454b66,f5dd7f93-442b-4f9f-b4d8-50c8af7475e5,Centro,2026-07-29 18:09:12,2026-07-29 18:18:12,2026-07-29 18:41:12,entregado,7bc55f10-dfa3-425e-be6d-9697b5a6edd0,tarjeta,91254.65,moto_electrica,21329.41,6.241233,-75.565768
375de319-3c6e-4b9c-a365-6970f1747faa,53e623f4-bf20-4228-82e3-ee34aa52cc05,Norte,2026-07-29 18:14:07,2026-07-29 18:16:07,2026-07-29 18:49:07,entregado,fc03515f-887a-46b7-a44a-8c0fcb0775be,app,82491.83,moto_electrica,17796.74,6.288696,-75.554927
7a3f47d4-1651-4231-ace2-f792a4eab1f8,0cecba19-546d-45bc-a482-e679d7148b85,Centro,2026-07-29 18:24:35,2026-07-29 18:30:35,2026-07-29 19:04:35,entregado,2ba6deb3-6f6f-4b15-86fc-06a32886e27a,efectivo,24795.65,bicicleta,4082.95,6.246378,-75.566848
ec9fcf08-4f8a-40f0-8fe5-8b48d57bb2fc,28146250-cf6a-4026-b1f9-b6628c2d8c60,Sur,2026-07-29 18:55:20,2026-07-29 19:00:20,2026-07-29 19:21:20,entregado,f8f6f0d9-c708-4217-bad3-d580bf28fd5f,efectivo,37315.32,moto_electrica,7937.07,6.166393,-75.601088
d5b2a097-5f60-4c89-995d-0b5e27b7f963,e3d7ed4c-b628-4a8e-a070-6cb9dcb5d8d0,Chapinero,2026-07-29 19:29:44,,,pendiente,,tarjeta,77077.11,bicicleta,17188.89,6.264024,-75.550709
f6176c89-339a-49c0-a48b-976778b4bf68,8f0ac0bd-4c61-4d9c-8a0a-a6c0f2d7227c,Sur,2026-07-29 19:33:54,2026-07-29 19:44:54,2026-07-29 20:02:54,entregado,65c0052d-e656-48ba-9f6c-ba710d8242eb,efectivo,65078.99,moto_electrica,15969.35,6.15102,-75.599325
1302f88e-a7de-43cb-96c2-b3c90edfdf31,c9baeee8-18c8-43a5-91a4-eb6a1108ec13,Sur,2026-07-29 19:52:37,2026-07-29 20:04:37,2026-07-29 20:41:37,entregado,8caf803c-0a87-4a8a-88c8-b2e2476e1eeb,app,58868.7,bicicleta,10705.21,6.168106,-75.600811
53dd4a54-6830-4b71-81dd-db5f1738c00c,0cecba19-546d-45bc-a482-e679d7148b85,Chapinero,2026-07-29 20:30:16,2026-07-29 20:37:16,2026-07-29 21:14:16,entregado,dd0aed03-899f-4d40-91a2-c94ffa9d7e52,tarjeta,88989.3,bicicleta,17036.91,6.268706,-75.545137
fa18db81-cee5-489d-b999-ae1eed5193c3,3846dadb-18c0-49fe-9be8-725b48a79373,Centro,2026-07-29 20:37:05,2026-07-29 20:48:05,,en_camino,652a1885-2699-4597-afd1-1379a48e1f75,efectivo,51513.48,bicicleta,11273.79,6.259023,-75.561969
30dde78d-f95c-4965-8116-ea14bfcc27d7,54233927-6db7-4079-8943-602740d70b79,Sur,2026-07-29 20:53:19,2026-07-29 21:08:19,2026-07-29 21:23:19,entregado,c946470e-cab4-4e7a-bcca-849685696e98,app,49541.57,moto_electrica,7488.51,6.155857,-75.580704
a59b1333-13b5-4d87-8c3a-89bcd7d7a563,7d75a9ec-1aa7-433b-920a-65483447d468,Occidente,2026-07-29 23:52:56,2026-07-29 23:59:56,2026-07-30 00:19:56,entregado,7bc55f10-dfa3-425e-be6d-9697b5a6edd0,tarjeta,87358.63,moto_electrica,20782.68,6.276964,-75.603844
d5c2102e-92a3-4c8a-abf9-1112ab116d49,7fcd166e-cba3-4232-91a1-41d51f495d35,Chapinero,2026-07-30 00:26:04,2026-07-30 00:40:04,2026-07-30 01:06:04,entregado,45b54b7a-158a-475b-b074-bc304ee06c5f,app,23250.52,moto_electrica,5664.85,6.262541,-75.553402
fa03418f-3260-4222-97b8-855df4485463,1183439d-4b22-4c45-9ada-cbc6d34960d7,Centro,2026-07-30 01:06:34,2026-07-30 01:15:34,,cancelado,45b54b7a-158a-475b-b074-bc304ee06c5f,efectivo,72924.09,bicicleta,11457.64,6.257209,-75.56093
818a6cf8-d005-4162-a223-699ae3ccc883,6332c5ab-6d19-41bf-87fa-7ee16a311a73,Norte,2026-07-30 01:08:59,2026-07-30 01:14:59,,en_camino,eec9c1a6-fa0a-4ee3-bcf5-687cf4ffffd1,tarjeta,74360.32,bicicleta,11734.81,6.293613,-75.57248
bd54ad2d-ff1a-4067-84f6-d787b3cae707,0604c774-2d96-40ec-b987-51c090ef688c,Chapinero,2026-07-30 01:25:18,2026-07-30 01:35:18,2026-07-30 01:59:18,entregado,d3492baf-d484-402d-a53e-ed3ddd5838b9,tarjeta,61527.47,moto_electrica,9738.28,6.269002,-75.540716
17bd7e92-9fbe-4d2f-bdb5-585279ea8a4c,501d52ea-dd62-4c6b-b43e-eb3cd5fa2d37,Sur,2026-07-30 01:26:00,2026-07-30 01:38:00,,en_camino,2ba6deb3-6f6f-4b15-86fc-06a32886e27a,tarjeta,70419.54,bicicleta,16798.46,6.16829,-75.591508
4a331f9b-e00a-4c81-9785-5b446a20862c,7b93bed4-ad49-4ae0-b9c6-73325f042816,Norte,2026-07-30 01:38:41,2026-07-30 01:43:41,2026-07-30 02:39:41,entregado,4a610ffa-babe-4263-9ee4-1ec7d61cdb29,efectivo,35642.23,bicicleta,6047.67,6.296247,-75.577831
b25328ed-aa70-44f1-822a-040b7b2b9587,85376b3d-bf0a-462c-9812-374620e92e59,Sur,2026-07-30 02:08:05,2026-07-30 02:13:05,,cancelado,8caf803c-0a87-4a8a-88c8-b2e2476e1eeb,tarjeta,40667.2,moto_electrica,8383.81,6.154066,-75.583985
b1699c6a-e162-4112-92ad-e5dd82860e38,c1c45866-47a2-47f7-b1e6-4dfecbbdda25,Sur,2026-07-30 02:09:51,2026-07-30 02:12:51,2026-07-30 02:50:51,entregado,7e7763b0-2145-4ea0-99f0-070486f95eff,tarjeta,16036.8,bicicleta,3965.51,6.162491,-75.608127
9336faaf-8983-4c45-ba4f-1082ef62f01d,501d52ea-dd62-4c6b-b43e-eb3cd5fa2d37,Centro,2026-07-30 03:39:04,2026-07-30 03:47:04,2026-07-30 04:15:04,entregado,567b2569-6593-43a6-afb7-944d81edda57,efectivo,77938.09,moto_electrica,18025.72,6.24303,-75.554883
36ef42e6-1dc1-45fd-977f-ac26eeaf2c2e,a4be7243-5dfa-45d2-818a-54607daa3daa,Norte,2026-07-30 04:03:40,2026-07-30 04:06:40,2026-07-30 04:52:40,entregado,4a610ffa-babe-4263-9ee4-1ec7d61cdb29,app,60229.11,bicicleta,13478.59,6.273168,-75.566146
404acb28-dbe8-4fe6-bd2a-a3d74841ac59,245581e8-7f2e-4595-bf4c-7d7b225aaca3,Norte,2026-07-30 04:20:15,2026-07-30 04:34:15,2026-07-30 05:18:15,entregado,45b54b7a-158a-475b-b074-bc304ee06c5f,efectivo,74646.59,bicicleta,17143.9,6.27798,-75.568018
19d02062-45b7-4ad7-b917-2441b0a07ce5,f5dd7f93-442b-4f9f-b4d8-50c8af7475e5,Sur,2026-07-30 04:49:03,2026-07-30 04:57:03,2026-07-30 05:18:03,entregado,c946470e-cab4-4e7a-bcca-849685696e98,tarjeta,70839.67,moto_electrica,13376.19,6.179459,-75.584452
f7ac3b5d-ef0a-498d-98d8-4ac9984d8b3d,bb4ee5cc-800a-45a7-9b16-65e6a83af29c,Centro,2026-07-30 04:50:47,2026-07-30 04:58:47,2026-07-30 05:14:47,entregado,8caf803c-0a87-4a8a-88c8-b2e2476e1eeb,app,91273.98,moto_electrica,14003.65,6.250588,-75.560626
7c0bcf0e-2025-4ef7-bc66-cf69b349f98a,6c7dcc33-6f64-4bae-a30c-600099b54f33,Chapinero,2026-07-30 05:41:28,2026-07-30 05:47:28,,en_camino,fc03515f-887a-46b7-a44a-8c0fcb0775be,app,51491.78,moto_electrica,11896.36,6.266084,-75.547748
719b314e-b7ee-4e82-9d10-39f77985f76e,ec199edf-cdc2-4925-8ff2-1f0f224fc41a,Chapinero,2026-07-30 06:20:43,2026-07-30 06:35:43,2026-07-30 07:16:43,entregado,65c0052d-e656-48ba-9f6c-ba710d8242eb,efectivo,16676.47,bicicleta,3028.14,6.265127,-75.55
a6b32fef-2094-41fa-807b-fbad74bed750,28146250-cf6a-4026-b1f9-b6628c2d8c60,Occidente,2026-07-30 07:32:31,2026-07-30 07:38:31,2026-07-30 08:07:31,entregado,17e891b7-bc3c-457b-8c87-b29642b7ab70,tarjeta,43968.29,bicicleta,8795.26,6.246875,-75.602799
294f3549-3ef5-460d-aad6-15873a97df4c,c9baeee8-18c8-43a5-91a4-eb6a1108ec13,Centro,2026-07-30 07:52:27,2026-07-30 08:03:27,2026-07-30 08:22:27,entregado,8dbe836f-3f88-4e02-a3e2-bf2a6a310110,efectivo,40057.86,moto_electrica,8969.63,6.242655,-75.552417
51271af8-6164-4bda-a5e1-0ab05a4c5ca4,33d96349-be47-4ec3-a139-34ca61add917,Chapinero,2026-07-30 09:49:52,2026-07-30 09:53:52,2026-07-30 10:21:52,entregado,7e7763b0-2145-4ea0-99f0-070486f95eff,app,24371.24,moto_electrica,3937.09,6.263851,-75.547613
54928fac-7bca-4606-8322-99fb319bf586,157a44e6-6bcc-45ef-b789-e6ee479dee83,Centro,2026-07-30 10:23:03,2026-07-30 10:38:03,2026-07-30 11:06:03,entregado,c7821b64-7aa0-48bf-8b4d-b4728048dd60,efectivo,70100.6,moto_electrica,11210.32,6.253216,-75.557847
027c3e52-3f95-4318-81b6-7ed225daf6f0,e3d7ed4c-b628-4a8e-a070-6cb9dcb5d8d0,Occidente,2026-07-30 12:10:38,2026-07-30 12:15:38,2026-07-30 12:46:38,entregado,3a4a49e1-666d-4fe0-be3c-6ffb0dd04f55,efectivo,86451.07,bicicleta,17495.03,6.271783,-75.592628
5929f9a0-8d88-451a-ab7d-b2de5030130d,da8767ea-5f63-4a99-97c2-d4b473af120b,Chapinero,2026-07-30 12:36:04,2026-07-30 12:43:04,2026-07-30 13:11:04,entregado,ae960795-51c3-43fe-8b0c-cd21d3738b27,tarjeta,86085.84,moto_electrica,17086.88,6.26045,-75.552478
7e99f5c3-a066-4dfa-b96f-a528fbe45f0e,da8767ea-5f63-4a99-97c2-d4b473af120b,Occidente,2026-07-30 13:07:36,2026-07-30 13:12:36,2026-07-30 13:27:36,entregado,f8f6f0d9-c708-4217-bad3-d580bf28fd5f,tarjeta,46960.06,moto_electrica,7953.45,6.266893,-75.609944
89074852-2db7-4872-9167-30b2cecab982,975f478d-4a1e-48cd-b2b3-f923d30b9251,Occidente,2026-07-30 13:11:24,2026-07-30 13:20:24,2026-07-30 13:51:24,entregado,c7821b64-7aa0-48bf-8b4d-b4728048dd60,tarjeta,53080.72,bicicleta,9874.53,6.277673,-75.59472
2427acdb-cb3c-4fb3-8d37-673f58c6ca62,d93054ed-cd47-4d20-aed5-d5b5d35ef806,Occidente,2026-07-30 16:21:04,2026-07-30 16:25:04,2026-07-30 16:57:04,entregado,4fb4b86b-6657-418f-9af0-05576b82420b,tarjeta,61330.14,bicicleta,10025.08,6.278515,-75.604769
0d734a81-3b68-4dde-abc8-ff0c7a0b0e7d,fde42dcc-b6cc-4f58-995d-e8c613f6c077,Sur,2026-07-30 16:40:37,2026-07-30 16:51:37,2026-07-30 17:10:37,entregado,65c0052d-e656-48ba-9f6c-ba710d8242eb,app,68150.6,moto_electrica,13783.6,6.174697,-75.587822
69b17ac4-9017-4d18-9e8b-18128459f05f,8d96d9c5-ae92-4815-b27b-066d5dd13ec9,Sur,2026-07-30 19:06:20,,,pendiente,,app,59714.24,moto_electrica,9579.53,6.162245,-75.598762
72c37191-5d4e-44ae-a141-00d522f9fd27,bb4ee5cc-800a-45a7-9b16-65e6a83af29c,Norte,2026-07-30 19:18:05,2026-07-30 19:27:05,2026-07-30 20:04:05,entregado,f8f6f0d9-c708-4217-bad3-d580bf28fd5f,app,85029.08,moto_electrica,16005.34,6.293994,-75.576293
bd786b3c-e4a1-4371-badc-804ed5035ed5,3f8d1bde-b423-4744-8ce5-b3e0ca57dbac,Norte,2026-07-30 19:50:25,2026-07-30 20:02:25,2026-07-30 20:51:25,entregado,df1dce50-5616-4589-9d5f-16212ef42b85,efectivo,63279.65,bicicleta,9613.63,6.282336,-75.561464
6cb80918-d6c3-4c01-9031-6d3dba3cf9d8,f5dd7f93-442b-4f9f-b4d8-50c8af7475e5,Occidente,2026-07-30 20:15:12,2026-07-30 20:23:12,2026-07-30 20:44:12,entregado,3a4a49e1-666d-4fe0-be3c-6ffb0dd04f55,efectivo,66384.14,moto_electrica,14153.4,6.275382,-75.596999
06c609d9-ab60-4db0-9deb-6c3b72ef73c8,124884e3-8948-4e50-af07-f6c130335c60,Chapinero,2026-07-30 20:17:08,2026-07-30 20:31:08,2026-07-30 21:08:08,entregado,2ba6deb3-6f6f-4b15-86fc-06a32886e27a,app,27210.19,bicicleta,4554.38,6.269424,-75.55143
1e4a0d52-a287-4e8e-8f8e-d4bd00eb72a9,a5fc4169-f965-493f-a8db-e44edb1d21a7,Centro,2026-07-30 21:44:51,2026-07-30 21:48:51,,en_camino,567b2569-6593-43a6-afb7-944d81edda57,tarjeta,74903.09,moto_electrica,15286.58,6.257521,-75.552218
1fc4afc4-2c2f-4308-a64e-337c83d362e3,c1c45866-47a2-47f7-b1e6-4dfecbbdda25,Centro,2026-07-30 22:03:24,2026-07-30 22:10:24,,en_camino,ae960795-51c3-43fe-8b0c-cd21d3738b27,efectivo,80837.24,moto_electrica,15905.67,6.255195,-75.552289
9438072b-def9-42a0-a6b7-c9ab980336a0,c0865051-d7c6-4a00-b5f5-c553e05e7b6f,Chapinero,2026-07-30 22:40:02,2026-07-30 22:55:02,2026-07-30 23:15:02,entregado,7e7763b0-2145-4ea0-99f0-070486f95eff,efectivo,79232.99,moto_electrica,13334.83,6.26264,-75.546221
742ec478-dc5f-4b01-b561-45ef8d593339,8c4b07f3-4be0-4550-a487-d5bfdfe98e97,Norte,2026-07-31 01:53:58,2026-07-31 02:08:58,2026-07-31 02:57:58,entregado,f8f6f0d9-c708-4217-bad3-d580bf28fd5f,app,46023.74,bicicleta,8987.94,6.271898,-75.551277
a164f828-f34a-4272-9751-76f1235975e6,f742a46d-f918-41e0-be90-30f40dc4d68f,Norte,2026-07-31 03:55:45,2026-07-31 04:08:45,2026-07-31 04:57:45,entregado,eec9c1a6-fa0a-4ee3-bcf5-687cf4ffffd1,efectivo,52137.32,bicicleta,12515.75,6.271051,-75.567779
26e588ce-2b7a-4da8-a6b0-9534136f8688,2e431e06-4c17-49d0-97dd-2d1cd10b4a95,Chapinero,2026-07-31 05:05:29,2026-07-31 05:14:29,2026-07-31 05:35:29,entregado,652a1885-2699-4597-afd1-1379a48e1f75,tarjeta,44062.0,moto_electrica,10841.88,6.264697,-75.554947
6c7d2c43-00d7-4550-82cd-6fe3732989f4,a1e55b58-2600-44cc-9743-bc7ffad4510a,Occidente,2026-07-31 05:57:01,2026-07-31 06:01:01,2026-07-31 06:31:01,entregado,f8f6f0d9-c708-4217-bad3-d580bf28fd5f,efectivo,20938.52,moto_electrica,4043.65,6.239949,-75.61186
025ff461-f7f4-466a-b8aa-b569eba9df2e,6a3ea9aa-61e6-4a9b-bb8a-673c32bd53e3,Norte,2026-07-31 05:57:52,2026-07-31 06:06:52,2026-07-31 06:42:52,entregado,bb6f84b2-6b62-49d9-ac7c-390723a72a9b,tarjeta,15398.75,moto_electrica,3083.47,6.29258,-75.56237
9e9cbf44-1695-4444-9374-45f72d211225,214122ff-3ed0-4ee7-b22f-e1e1b8f04e7e,Centro,2026-07-31 06:45:02,2026-07-31 06:55:02,2026-07-31 07:24:02,entregado,fc03515f-887a-46b7-a44a-8c0fcb0775be,efectivo,51295.18,bicicleta,10075.32,6.255794,-75.554831
00064ae7-c796-47e3-a207-519f1f4303dc,065ed21a-e960-49f7-928c-facf2bab622a,Occidente,2026-07-31 08:46:52,2026-07-31 08:53:52,2026-07-31 09:22:52,entregado,3a4a49e1-666d-4fe0-be3c-6ffb0dd04f55,app,76426.59,bicicleta,12623.45,6.251605,-75.604367
b04e4a68-106f-4b28-89b5-0db0e7d0b467,6c7dcc33-6f64-4bae-a30c-600099b54f33,Norte,2026-07-31 08:51:55,2026-07-31 09:05:55,2026-07-31 09:40:55,entregado,eec9c1a6-fa0a-4ee3-bcf5-687cf4ffffd1,tarjeta,23691.43,moto_electrica,5768.75,6.273224,-75.552859
2d9d5933-cc1f-4b34-aaa8-17b574938d08,f5dd7f93-442b-4f9f-b4d8-50c8af7475e5,Norte,2026-07-31 09:16:08,2026-07-31 09:29:08,,en_camino,48692700-055f-400c-8687-6573be0be73f,efectivo,60913.54,moto_electrica,14019.17,6.298141,-75.568458
6cddc793-ee0c-4969-a2d3-1d7f938119fe,8d96d9c5-ae92-4815-b27b-066d5dd13ec9,Chapinero,2026-07-31 10:59:20,2026-07-31 11:12:20,2026-07-31 11:51:20,entregado,8caf803c-0a87-4a8a-88c8-b2e2476e1eeb,efectivo,83832.52,bicicleta,16730.07,6.263864,-75.540426
e60d262e-9128-4497-81cc-1525b6dadff3,c2117215-2808-47fd-8fc9-330bdba5c03a,Occidente,2026-07-31 11:34:45,2026-07-31 11:37:45,2026-07-31 11:55:45,entregado,45b54b7a-158a-475b-b074-bc304ee06c5f,efectivo,20070.44,moto_electrica,4676.97,6.257244,-75.590054
7538d084-ac13-45e6-875b-dc74e701bf84,c868f96d-ea66-42c6-ab2c-c8e836b35c37,Chapinero,2026-07-31 11:53:47,2026-07-31 12:04:47,2026-07-31 12:24:47,entregado,48692700-055f-400c-8687-6573be0be73f,efectivo,36805.28,moto_electrica,8913.93,6.263793,-75.558696
2060cbfe-ad4e-49fd-b8ef-fccdb3a0f589,501d52ea-dd62-4c6b-b43e-eb3cd5fa2d37,Occidente,2026-07-31 12:41:51,2026-07-31 12:52:51,2026-07-31 13:24:51,entregado,9852732d-4628-4e78-ba2e-16d78d91a915,efectivo,30713.59,bicicleta,5668.15,6.269939,-75.602878
c84cb3b5-d3d8-450d-b184-a4dced8c59ec,d9b324e7-1d27-48a5-b73a-8850b01f1da7,Occidente,2026-07-31 13:21:12,2026-07-31 13:31:12,2026-07-31 13:58:12,entregado,7e7763b0-2145-4ea0-99f0-070486f95eff,efectivo,46002.77,bicicleta,8657.31,6.255916,-75.602562
0dda9231-63a3-4f35-b706-7fc0c7737e02,f00e2d66-a77b-4a5b-a16d-97ff62ba0fd3,Centro,2026-07-31 15:40:15,2026-07-31 15:45:15,2026-07-31 16:16:15,entregado,dd0aed03-899f-4d40-91a2-c94ffa9d7e52,tarjeta,30175.82,bicicleta,5433.84,6.254672,-75.556219
f4f761f6-f37b-4092-8d06-dd61ce6dcd1d,d9f1576e-b837-45f6-9043-bc29a44d438c,Sur,2026-07-31 16:08:21,2026-07-31 16:17:21,2026-07-31 16:35:21,entregado,7814bc90-b0b8-47d7-afaf-af5aeb7abd42,efectivo,23406.27,moto_electrica,5289.76,6.169947,-75.591523
7327913f-8189-452e-9ef9-5ad6ac9d4e52,a28985ff-49c5-4625-acee-adacb4e59154,Chapinero,2026-07-31 16:25:50,2026-07-31 16:27:50,2026-07-31 16:58:50,entregado,ddf43472-6d4b-4f43-8038-029005b65044,app,54294.48,bicicleta,13266.22,6.262225,-75.552348
37aa85d3-0922-40f9-80fc-b13b28d17c6f,34f9f1b5-bdd0-46e7-b81d-623e9fdf17d8,Norte,2026-07-31 16:25:52,2026-07-31 16:36:52,2026-07-31 17:21:52,entregado,c7821b64-7aa0-48bf-8b4d-b4728048dd60,app,22911.46,bicicleta,3638.9,6.278006,-75.571967
8351a9be-f9cf-4556-8426-e936e47ff42c,cab0f77c-6a9c-4833-ab98-ff5e181a7e8c,Norte,2026-07-31 16:39:42,2026-07-31 16:41:42,2026-07-31 17:18:42,entregado,8dbe836f-3f88-4e02-a3e2-bf2a6a310110,efectivo,32740.33,moto_electrica,7473.26,6.271741,-75.561061
7eacabf8-8b68-4feb-b05d-4f28ce9d65d7,2bcc12cb-5d87-4176-a287-3a2aee9351e5,Chapinero,2026-07-31 16:42:03,,,pendiente,,app,66960.26,moto_electrica,11722.44,6.269837,-75.555507
be57e957-cfe5-4087-bc89-6dbe12afd6e8,05f438aa-91cf-4c97-b79d-dca22be98b69,Norte,2026-07-31 16:56:02,2026-07-31 17:10:02,2026-07-31 17:40:02,entregado,4a610ffa-babe-4263-9ee4-1ec7d61cdb29,efectivo,29890.75,moto_electrica,7156.78,6.272857,-75.575378
cacb6ff3-5e75-4dec-8821-b473c3460e13,f742a46d-f918-41e0-be90-30f40dc4d68f,Occidente,2026-07-31 17:49:31,2026-07-31 17:59:31,2026-07-31 18:26:31,entregado,dd0aed03-899f-4d40-91a2-c94ffa9d7e52,app,89979.88,bicicleta,17815.47,6.260015,-75.613361
6ebb629a-4821-40d9-afc9-7a7f023882b4,065ed21a-e960-49f7-928c-facf2bab622a,Chapinero,2026-07-31 19:59:59,2026-07-31 20:03:59,2026-07-31 20:30:59,entregado,df1dce50-5616-4589-9d5f-16212ef42b85,efectivo,61085.64,moto_electrica,14445.46,6.264839,-75.546158
28f6e695-ecb7-4e20-91e2-66b7e44cafc1,e14bdbbd-1b66-47ce-a156-94fef926e48d,Occidente,2026-07-31 21:19:26,2026-07-31 21:29:26,2026-07-31 21:48:26,entregado,8caf803c-0a87-4a8a-88c8-b2e2476e1eeb,app,15390.59,moto_electrica,2824.52,6.266475,-75.593697
78024b0f-1b0b-430c-b651-04de0d3ac1f3,c9baeee8-18c8-43a5-91a4-eb6a1108ec13,Occidente,2026-07-31 21:23:10,,,cancelado,,tarjeta,22135.31,bicicleta,3454.81,6.264046,-75.605518
be7a8047-022a-49fe-badb-6c545297eb78,28146250-cf6a-4026-b1f9-b6628c2d8c60,Norte,2026-07-31 22:49:56,2026-07-31 23:04:56,2026-07-31 23:45:56,entregado,df1dce50-5616-4589-9d5f-16212ef42b85,tarjeta,76495.9,moto_electrica,13803.01,6.299887,-75.563951
c17cda49-6d6c-487e-8e6a-71bf53770662,da8767ea-5f63-4a99-97c2-d4b473af120b,Centro,2026-07-31 23:54:36,,,pendiente,,app,47713.41,bicicleta,11503.14,6.258729,-75.564835
4ea35049-a240-4d70-a52e-8b572002feab,06e97137-7dac-45fd-8c25-3d5ffc2931e2,Centro,2026-07-31 23:55:12,2026-07-31 23:57:12,2026-08-01 00:30:12,entregado,65c0052d-e656-48ba-9f6c-ba710d8242eb,efectivo,26891.54,bicicleta,6127.7,6.245731,-75.568421
0b3d3820-abdf-42fd-a36d-d4cc27091225,245581e8-7f2e-4595-bf4c-7d7b225aaca3,Norte,2026-08-01 00:26:10,2026-08-01 00:40:10,2026-08-01 01:34:10,entregado,ddf43472-6d4b-4f43-8038-029005b65044,efectivo,73601.28,bicicleta,17273.29,6.274612,-75.577574
14edad4b-91e1-42a7-9ecc-2d33a801b889,7fcd166e-cba3-4232-91a1-41d51f495d35,Sur,2026-08-01 00:27:31,2026-08-01 00:41:31,2026-08-01 01:00:31,entregado,683d79f9-8c30-41e0-8b8b-0050b7d22560,tarjeta,80173.14,moto_electrica,19210.38,6.15847,-75.586046
ac1e3d23-0cf8-463b-9e82-ef87f54bd715,a1e55b58-2600-44cc-9743-bc7ffad4510a,Chapinero,2026-08-01 00:39:30,,,cancelado,,app,75801.06,moto_electrica,17947.22,6.260725,-75.552174
fbfeccae-2998-4954-bbd6-8ed0507778d6,d6fde3c1-dc4b-4f8c-bad9-53234ff05ee2,Chapinero,2026-08-01 01:39:13,2026-08-01 01:47:13,2026-08-01 02:17:13,entregado,c7821b64-7aa0-48bf-8b4d-b4728048dd60,efectivo,48571.08,moto_electrica,8422.66,6.269482,-75.547366
345c323d-85e8-4e47-84d7-f152f93039c8,a4be7243-5dfa-45d2-818a-54607daa3daa,Occidente,2026-08-01 02:56:17,2026-08-01 02:58:17,2026-08-01 03:16:17,entregado,7814bc90-b0b8-47d7-afaf-af5aeb7abd42,app,92074.88,moto_electrica,22240.12,6.234928,-75.615076
da59fd37-9751-4eeb-b0e4-8740bdd3a849,2493b729-731e-4c01-a114-f6dfc717faa7,Occidente,2026-08-01 03:23:02,2026-08-01 03:31:02,2026-08-01 04:10:02,entregado,567b2569-6593-43a6-afb7-944d81edda57,tarjeta,34804.54,bicicleta,5589.07,6.263836,-75.610001
bc3a5deb-b4cd-4fbc-9a1c-4838289b9a1c,1bb9fc1b-4864-44ef-a2b3-5ea92d0e0afa,Occidente,2026-08-01 03:27:36,2026-08-01 03:40:36,2026-08-01 04:10:36,entregado,f8f6f0d9-c708-4217-bad3-d580bf28fd5f,app,68444.37,moto_electrica,11982.82,6.233192,-75.607132
48ee7d34-ebba-4d3c-8eb9-8646e74b33c9,d9b324e7-1d27-48a5-b73a-8850b01f1da7,Norte,2026-08-01 04:13:47,2026-08-01 04:25:47,,en_camino,7814bc90-b0b8-47d7-afaf-af5aeb7abd42,app,26159.65,bicicleta,6222.68,6.288524,-75.562398
23f1fc3a-e669-4064-ba9b-d026d77b8c54,da8767ea-5f63-4a99-97c2-d4b473af120b,Sur,2026-08-01 06:14:49,2026-08-01 06:18:49,2026-08-01 06:57:49,entregado,7e7763b0-2145-4ea0-99f0-070486f95eff,efectivo,51211.43,bicicleta,8644.61,6.166132,-75.599754
e8a53ab0-fe22-4bfe-898d-e3dc468814cb,651347e4-debe-4831-bdda-7ce4e7067076,Centro,2026-08-01 06:22:05,2026-08-01 06:29:05,2026-08-01 07:06:05,entregado,7bc55f10-dfa3-425e-be6d-9697b5a6edd0,app,64746.52,bicicleta,10563.74,6.24342,-75.569736
426a7de6-3b51-4d14-828e-15572ce0e76b,937fe017-e232-4857-842b-9c2982b4c987,Sur,2026-08-01 07:44:46,2026-08-01 07:52:46,2026-08-01 08:32:46,entregado,c7821b64-7aa0-48bf-8b4d-b4728048dd60,efectivo,94290.97,bicicleta,21300.54,6.153201,-75.593509
46e18525-3e8c-4f78-a0e7-286580369b28,64402c49-ecbf-46cc-87ae-13215db14f7d,Centro,2026-08-01 09:56:32,2026-08-01 10:07:32,2026-08-01 10:24:32,entregado,ddf43472-6d4b-4f43-8038-029005b65044,efectivo,16939.5,moto_electrica,3857.52,6.256804,-75.553892
93ca11c2-f60e-4464-81c6-1f13a7e4dfd3,28146250-cf6a-4026-b1f9-b6628c2d8c60,Chapinero,2026-08-01 10:18:54,2026-08-01 10:31:54,2026-08-01 10:53:54,entregado,65c0052d-e656-48ba-9f6c-ba710d8242eb,efectivo,46563.39,moto_electrica,9675.11,6.269814,-75.54241
246f333d-ed3e-4834-862a-72c40c33b3ef,56eef3c1-26f4-4db0-ae36-a001ada2aa7a,Centro,2026-08-01 10:26:11,2026-08-01 10:34:11,2026-08-01 11:05:11,entregado,ae960795-51c3-43fe-8b0c-cd21d3738b27,efectivo,35736.66,bicicleta,7316.08,6.240407,-75.560227
ad9ea40f-fcd0-45ac-b4ec-43c6030a9eee,85d139a7-7a45-49aa-9638-dcd1f5d1c539,Chapinero,2026-08-01 10:39:58,2026-08-01 10:51:58,2026-08-01 11:23:58,entregado,c7821b64-7aa0-48bf-8b4d-b4728048dd60,tarjeta,47344.77,bicicleta,7589.01,6.269177,-75.547135
e45ab3fd-f768-43cf-a461-230adc6f4d3a,7f429b09-d2c9-4b17-84f6-4ef50370180a,Centro,2026-08-01 10:57:32,2026-08-01 11:08:32,2026-08-01 11:44:32,entregado,ddf43472-6d4b-4f43-8038-029005b65044,tarjeta,72067.66,bicicleta,11849.49,6.256546,-75.556976
719763e1-b3e8-4c35-9eb1-cfd256b09078,994850d2-c7f7-4ee7-8182-5507f4e2ad8d,Centro,2026-08-01 11:02:24,2026-08-01 11:04:24,2026-08-01 11:19:24,entregado,2ba6deb3-6f6f-4b15-86fc-06a32886e27a,tarjeta,80940.06,moto_electrica,14056.35,6.248448,-75.562039
3a0a1a01-ba49-4e15-a35e-2456cde485b9,501d52ea-dd62-4c6b-b43e-eb3cd5fa2d37,Occidente,2026-08-01 11:23:27,2026-08-01 11:38:27,2026-08-01 12:07:27,entregado,4fb4b86b-6657-418f-9af0-05576b82420b,app,37692.57,moto_electrica,7014.18,6.250541,-75.61619
4eb752c0-cfad-4709-8be4-3c6e9d675b0b,aecd818b-df62-4138-a5fd-5d3004aa264b,Sur,2026-08-01 14:59:48,2026-08-01 15:11:48,2026-08-01 15:50:48,entregado,48692700-055f-400c-8687-6573be0be73f,tarjeta,48074.01,bicicleta,10914.53,6.165991,-75.601377
f6a44bc0-c4c1-4520-b6bd-5c75441424f8,f2dfaa5a-f205-4345-92ca-af0a6f5a2de7,Sur,2026-08-01 15:23:39,2026-08-01 15:31:39,2026-08-01 15:55:39,entregado,7bc55f10-dfa3-425e-be6d-9697b5a6edd0,tarjeta,30541.97,moto_electrica,5624.55,6.169705,-75.586497
f797576b-3768-4c13-8fcc-e61e4a4862eb,c868f96d-ea66-42c6-ab2c-c8e836b35c37,Centro,2026-08-01 17:11:23,2026-08-01 17:19:23,2026-08-01 17:49:23,entregado,f8f6f0d9-c708-4217-bad3-d580bf28fd5f,app,77765.42,bicicleta,18920.33,6.248204,-75.552556
596028cf-91e7-40fc-9d7a-b56bd1383b83,06e97137-7dac-45fd-8c25-3d5ffc2931e2,Sur,2026-08-01 18:26:44,2026-08-01 18:39:44,2026-08-01 18:54:44,entregado,8dbe836f-3f88-4e02-a3e2-bf2a6a310110,efectivo,78051.48,moto_electrica,14624.18,6.153562,-75.603983
01ac0208-47cf-4620-9ef6-f5ba32530ab8,8b9a8480-24e2-4d18-aa2c-dd9488b5a08f,Occidente,2026-08-01 18:44:57,2026-08-01 18:51:57,2026-08-01 19:17:57,entregado,48692700-055f-400c-8687-6573be0be73f,tarjeta,54517.52,moto_electrica,12596.38,6.269545,-75.607795
67172b50-b3fd-40f8-9f09-3b139b7639a6,e14bdbbd-1b66-47ce-a156-94fef926e48d,Chapinero,2026-08-01 18:59:55,2026-08-01 19:01:55,2026-08-01 19:39:55,entregado,9852732d-4628-4e78-ba2e-16d78d91a915,tarjeta,47819.07,bicicleta,7509.59,6.268211,-75.544999
2e65ee0f-0498-43ba-aaff-b9bdf330361c,d71fd6be-c4b7-4470-ac26-7d00a9f047c9,Chapinero,2026-08-01 19:23:39,2026-08-01 19:38:39,2026-08-01 20:17:39,entregado,ae960795-51c3-43fe-8b0c-cd21d3738b27,efectivo,69583.74,bicicleta,17140.5,6.266181,-75.54195
a9cd7a45-50bf-4944-bcea-5f54183e81bc,bb4ee5cc-800a-45a7-9b16-65e6a83af29c,Chapinero,2026-08-01 20:33:04,2026-08-01 20:36:04,2026-08-01 20:57:04,entregado,683d79f9-8c30-41e0-8b8b-0050b7d22560,efectivo,31303.27,moto_electrica,5439.0,6.266118,-75.547188
fdd0314c-25ed-4c90-8139-f1a074f3447f,641ead09-0b8f-4038-8289-ef1f96225b9d,Chapinero,2026-08-01 20:55:10,2026-08-01 21:08:10,,en_camino,fc03515f-887a-46b7-a44a-8c0fcb0775be,app,83570.98,bicicleta,17569.31,6.267911,-75.551714
d1c74cbc-1529-4743-8d6c-2f5986e57b40,e3d7ed4c-b628-4a8e-a070-6cb9dcb5d8d0,Sur,2026-08-01 21:38:53,2026-08-01 21:41:53,2026-08-01 22:10:53,entregado,48692700-055f-400c-8687-6573be0be73f,efectivo,54671.43,moto_electrica,9394.13,6.179106,-75.600375
b1590be7-cd4c-4a43-a3e9-5761d502c90e,c6b06ff5-5bd5-4cf6-9ab7-14b19aae54c6,Occidente,2026-08-01 21:59:59,2026-08-01 22:05:59,2026-08-01 22:46:59,entregado,c7821b64-7aa0-48bf-8b4d-b4728048dd60,efectivo,72657.75,bicicleta,15545.76,6.233028,-75.599533
032825a7-19c6-45b9-9600-aead14c6c9f1,34f9f1b5-bdd0-46e7-b81d-623e9fdf17d8,Centro,2026-08-01 22:26:29,2026-08-01 22:33:29,2026-08-01 23:02:29,entregado,f8f6f0d9-c708-4217-bad3-d580bf28fd5f,app,69407.89,bicicleta,12610.11,6.259801,-75.563799
0d439261-9d97-4dc0-8c8f-089c74417621,c5392279-bee4-46f6-9a0a-50b84b29381b,Norte,2026-08-01 22:46:07,2026-08-01 22:56:07,2026-08-01 23:26:07,entregado,df1dce50-5616-4589-9d5f-16212ef42b85,efectivo,73850.59,moto_electrica,12034.17,6.299086,-75.551711
29106eb9-c142-40ea-a17f-d335b0cb3575,e933ff4c-ee9c-4811-81b0-36ecf8c6f87a,Norte,2026-08-01 23:29:05,2026-08-01 23:34:05,2026-08-02 00:26:05,entregado,7bc55f10-dfa3-425e-be6d-9697b5a6edd0,efectivo,90872.07,bicicleta,18909.02,6.289042,-75.55899
3b7f16ca-67d4-4693-89c4-b06939801e00,3b9ed80e-3c01-457b-bd6e-f8878424b937,Occidente,2026-08-01 23:52:24,2026-08-01 23:58:24,2026-08-02 00:13:24,entregado,45b54b7a-158a-475b-b074-bc304ee06c5f,tarjeta,28887.56,moto_electrica,5535.55,6.258505,-75.606874
c663e30d-75ad-480b-a351-9af175255810,ceb11d92-eaf4-49dc-b011-4eaca397869c,Norte,2026-08-02 00:15:24,2026-08-02 00:26:24,2026-08-02 01:00:24,entregado,45b54b7a-158a-475b-b074-bc304ee06c5f,tarjeta,73850.67,moto_electrica,16374.6,6.279277,-75.573041
8bff066b-1635-4f9b-a936-c34731532d5d,5a53097d-77e6-43e0-970b-3e537f059cf8,Chapinero,2026-08-02 01:12:09,2026-08-02 01:15:09,2026-08-02 01:36:09,entregado,d3492baf-d484-402d-a53e-ed3ddd5838b9,tarjeta,15607.64,moto_electrica,3016.04,6.269161,-75.547755
0ebc7754-60dd-422f-9c38-4b847b4b75e5,9b48ed18-2e2c-49c0-8caf-85c1d0fd941e,Chapinero,2026-08-02 01:19:51,2026-08-02 01:32:51,2026-08-02 02:12:51,entregado,7e7763b0-2145-4ea0-99f0-070486f95eff,tarjeta,83206.88,bicicleta,17185.03,6.261836,-75.541862
c51b927a-576f-4863-8ff1-291d49002a1a,bce090af-1112-4cbd-bbaa-873467f9a4fd,Chapinero,2026-08-02 02:19:51,2026-08-02 02:32:51,2026-08-02 02:52:51,entregado,48692700-055f-400c-8687-6573be0be73f,tarjeta,18511.34,moto_electrica,3800.3,6.263005,-75.540434
dec0df0e-00d9-45b4-aa75-837e1b276b9d,d71fd6be-c4b7-4470-ac26-7d00a9f047c9,Chapinero,2026-08-02 02:33:38,2026-08-02 02:38:38,2026-08-02 03:12:38,entregado,fc03515f-887a-46b7-a44a-8c0fcb0775be,tarjeta,17668.88,bicicleta,3227.92,6.262796,-75.550272
e031f8f3-8432-46b4-b188-7f56dbed8deb,d6fde3c1-dc4b-4f8c-bad9-53234ff05ee2,Norte,2026-08-02 02:48:19,2026-08-02 02:54:19,2026-08-02 03:37:19,entregado,4fb4b86b-6657-418f-9af0-05576b82420b,app,44992.62,moto_electrica,7918.05,6.28857,-75.551988
5f2c1eec-38cf-4d09-8ff3-88608757dcba,41127643-beb8-48b2-958e-79180a8bf64c,Centro,2026-08-02 02:53:44,2026-08-02 03:03:44,2026-08-02 03:21:44,entregado,7814bc90-b0b8-47d7-afaf-af5aeb7abd42,app,19056.57,moto_electrica,3598.92,6.245039,-75.56446
23c6a4ad-728e-4259-9c62-90e785757438,6332c5ab-6d19-41bf-87fa-7ee16a311a73,Chapinero,2026-08-02 08:12:53,2026-08-02 08:14:53,2026-08-02 08:50:53,entregado,ae960795-51c3-43fe-8b0c-cd21d3738b27,tarjeta,88114.18,bicicleta,15686.26,6.263598,-75.556716
5266ea09-c371-492a-9d77-666c68a75c70,214122ff-3ed0-4ee7-b22f-e1e1b8f04e7e,Chapinero,2026-08-02 09:24:15,2026-08-02 09:26:15,2026-08-02 09:58:15,entregado,652a1885-2699-4597-afd1-1379a48e1f75,efectivo,55357.42,bicicleta,12396.09,6.267766,-75.555809
9308b590-5c68-4295-8bd8-f300f1da041f,d71fd6be-c4b7-4470-ac26-7d00a9f047c9,Occidente,2026-08-02 09:56:01,2026-08-02 10:01:01,2026-08-02 10:25:01,entregado,c37ce403-bebf-4091-b511-62cf4048e8c2,efectivo,26601.71,moto_electrica,4015.64,6.254902,-75.596604
4853325e-ac3f-4a85-8b68-46cdafab8400,ec199edf-cdc2-4925-8ff2-1f0f224fc41a,Norte,2026-08-02 09:58:09,2026-08-02 10:11:09,2026-08-02 11:01:09,entregado,683d79f9-8c30-41e0-8b8b-0050b7d22560,tarjeta,50394.76,bicicleta,8584.01,6.280002,-75.576355
9b19db3b-f75c-4ad5-baab-b415805a0ae4,5cce9a92-b20a-48a7-b742-27d2cd0fa666,Occidente,2026-08-02 10:54:52,2026-08-02 11:01:52,,en_camino,4833d69a-eb17-4595-b943-0c1a439dce6a,efectivo,80440.53,moto_electrica,14149.16,6.271486,-75.603067
950c3ad7-95bd-4b59-94cc-e48e8feaa92a,90134b2f-22cb-42bb-8719-e7c7d7271e06,Chapinero,2026-08-02 12:25:51,2026-08-02 12:31:51,2026-08-02 13:08:51,entregado,7bc55f10-dfa3-425e-be6d-9697b5a6edd0,tarjeta,19859.91,bicicleta,4046.33,6.263249,-75.55683
20640816-e1f0-4216-a217-85171bbf4407,51890d3e-a96b-4fa2-9f0e-7f00344b0997,Sur,2026-08-02 12:30:13,2026-08-02 12:32:13,2026-08-02 12:56:13,entregado,c946470e-cab4-4e7a-bcca-849685696e98,tarjeta,43781.46,moto_electrica,10576.68,6.178017,-75.593642
6da94308-f726-41f6-bd4b-19d18a8e230c,28146250-cf6a-4026-b1f9-b6628c2d8c60,Sur,2026-08-02 12:58:03,2026-08-02 13:01:03,,en_camino,4833d69a-eb17-4595-b943-0c1a439dce6a,app,78783.25,moto_electrica,16436.72,6.158127,-75.587249
498d17c4-e59e-4f54-a92b-60de5559208d,a07da55a-88bb-45a6-9d6f-bfdacccc0991,Norte,2026-08-02 13:48:37,2026-08-02 13:58:37,2026-08-02 14:42:37,entregado,c7821b64-7aa0-48bf-8b4d-b4728048dd60,tarjeta,15467.96,bicicleta,3165.6,6.272754,-75.564364
4cd732a0-017c-404a-9246-d679f1db1d72,c6b06ff5-5bd5-4cf6-9ab7-14b19aae54c6,Centro,2026-08-02 14:15:25,2026-08-02 14:18:25,2026-08-02 14:45:25,entregado,8dbe836f-3f88-4e02-a3e2-bf2a6a310110,tarjeta,25259.4,bicicleta,5309.29,6.247003,-75.552252
1083c767-fa72-4952-9477-e3903e57277b,c6b06ff5-5bd5-4cf6-9ab7-14b19aae54c6,Chapinero,2026-08-02 14:26:01,2026-08-02 14:34:01,2026-08-02 15:14:01,entregado,c946470e-cab4-4e7a-bcca-849685696e98,efectivo,32614.47,bicicleta,7354.12,6.268036,-75.558503
222c4f5a-ebd9-446d-b5e4-a3df136f7277,8193543e-ba17-4ff3-9344-5f76c2184657,Norte,2026-08-02 14:58:20,2026-08-02 15:05:20,2026-08-02 15:47:20,entregado,4a610ffa-babe-4263-9ee4-1ec7d61cdb29,tarjeta,83982.85,bicicleta,15798.75,6.287508,-75.57623
24d246ce-0596-4f55-83d2-fc2f68608cc0,219bd9f5-a5f7-46bb-88b4-e9133b083ff7,Centro,2026-08-02 15:29:36,2026-08-02 15:36:36,2026-08-02 16:03:36,entregado,4a610ffa-babe-4263-9ee4-1ec7d61cdb29,tarjeta,50896.04,moto_electrica,7716.72,6.256603,-75.55117
1cb499b8-17df-45d7-8c53-ae49decc3bef,8d96d9c5-ae92-4815-b27b-066d5dd13ec9,Centro,2026-08-02 16:10:33,2026-08-02 16:17:33,,en_camino,683d79f9-8c30-41e0-8b8b-0050b7d22560,tarjeta,73831.31,moto_electrica,16065.17,6.255621,-75.554439
c95a945e-d723-4e7a-97e8-55eb9f95af29,8193543e-ba17-4ff3-9344-5f76c2184657,Centro,2026-08-02 17:31:35,2026-08-02 17:37:35,2026-08-02 18:19:35,entregado,45b54b7a-158a-475b-b074-bc304ee06c5f,efectivo,62950.59,bicicleta,10306.81,6.25528,-75.551171
38da8ec4-ee32-4816-9253-930b34bd0076,13e0122f-67ce-494f-8347-6975e8c8f54e,Sur,2026-08-02 19:18:23,2026-08-02 19:30:23,,en_camino,683d79f9-8c30-41e0-8b8b-0050b7d22560,efectivo,26809.71,moto_electrica,5073.29,6.156215,-75.594471
b13b7abf-d049-44fe-b081-2c0ac993245a,07710594-2e0c-40d8-9ddb-2a4227d3d41a,Chapinero,2026-08-02 19:18:40,2026-08-02 19:20:40,,en_camino,c946470e-cab4-4e7a-bcca-849685696e98,app,33144.17,bicicleta,7787.48,6.269781,-75.555002
6c89c60b-e092-431b-aa6d-de33943c0786,936e2d19-1a08-4f47-80a6-3332265a04f3,Sur,2026-08-02 19:40:16,2026-08-02 19:55:16,,en_camino,ddf43472-6d4b-4f43-8038-029005b65044,efectivo,38324.31,bicicleta,6195.97,6.171784,-75.594594
28bec398-8834-4094-acd3-2ecc4d26a363,64435586-3152-4620-8118-8c603a6994f4,Occidente,2026-08-02 19:58:38,2026-08-02 20:12:38,2026-08-02 20:42:38,entregado,45b54b7a-158a-475b-b074-bc304ee06c5f,efectivo,52816.7,bicicleta,9994.48,6.268072,-75.595431
2d7749c0-75c0-4132-9f18-946c0eae9b7b,d6fde3c1-dc4b-4f8c-bad9-53234ff05ee2,Norte,2026-08-02 20:26:33,2026-08-02 20:31:33,2026-08-02 21:27:33,entregado,c37ce403-bebf-4091-b511-62cf4048e8c2,tarjeta,27644.18,bicicleta,6655.17,6.285141,-75.559451
cf519e0f-e443-4919-93c0-332ea01606ce,0bf86823-cb4c-48f8-8917-ae330525c6d5,Norte,2026-08-02 20:44:37,2026-08-02 20:47:37,2026-08-02 21:22:37,entregado,8caf803c-0a87-4a8a-88c8-b2e2476e1eeb,efectivo,33326.33,moto_electrica,5424.72,6.29584,-75.55638
c86176d7-8438-4104-b72c-76952d72caf0,8193543e-ba17-4ff3-9344-5f76c2184657,Sur,2026-08-02 21:20:00,2026-08-02 21:31:00,2026-08-02 22:10:00,entregado,567b2569-6593-43a6-afb7-944d81edda57,tarjeta,77169.66,bicicleta,13352.12,6.150355,-75.602165
a80e6282-0dfd-4825-a1ef-450a4b9749fd,6c7dcc33-6f64-4bae-a30c-600099b54f33,Occidente,2026-08-02 21:50:44,2026-08-02 21:53:44,2026-08-02 22:09:44,entregado,4a610ffa-babe-4263-9ee4-1ec7d61cdb29,efectivo,29405.37,moto_electrica,5432.99,6.279602,-75.598628
7604ca63-6861-4af3-95bd-4d0a76e4b0fe,48bc34d2-7f99-4cca-8c08-2dc33d442d18,Occidente,2026-08-02 21:53:22,2026-08-02 22:01:22,,cancelado,c7821b64-7aa0-48bf-8b4d-b4728048dd60,tarjeta,91914.14,moto_electrica,17882.66,6.26673,-75.619629
bff77bbb-07e2-4fee-b6aa-c64571133401,975f478d-4a1e-48cd-b2b3-f923d30b9251,Centro,2026-08-02 21:56:21,,,cancelado,,efectivo,53956.79,moto_electrica,12076.93,6.248438,-75.558798
448399c7-ec83-4933-8ea5-fff057dd8560,651347e4-debe-4831-bdda-7ce4e7067076,Centro,2026-08-02 22:16:18,2026-08-02 22:24:18,2026-08-02 23:05:18,entregado,4fb4b86b-6657-418f-9af0-05576b82420b,efectivo,23092.05,bicicleta,3746.6,6.246341,-75.561989
3dd8ee83-af56-4244-8f21-93de32914b90,214122ff-3ed0-4ee7-b22f-e1e1b8f04e7e,Sur,2026-08-02 23:22:30,2026-08-02 23:34:30,2026-08-02 23:59:30,entregado,c946470e-cab4-4e7a-bcca-849685696e98,efectivo,20745.4,moto_electrica,4455.47,6.169849,-75.595301
6a26286b-25d3-4852-ad3d-1aae957afe0d,b2322744-c7c4-49f3-9caa-8df835be917b,Norte,2026-08-03 03:01:57,2026-08-03 03:13:57,2026-08-03 03:54:57,entregado,45b54b7a-158a-475b-b074-bc304ee06c5f,app,59255.54,moto_electrica,14071.14,6.284476,-75.576501
af5b5fb3-8019-436c-af8d-f65d3ed468fb,0604c774-2d96-40ec-b987-51c090ef688c,Norte,2026-08-03 03:30:20,2026-08-03 03:41:20,2026-08-03 04:25:20,entregado,ddf43472-6d4b-4f43-8038-029005b65044,efectivo,17567.45,moto_electrica,3123.24,6.280686,-75.550019
4aa15fd9-8373-4f7e-ab94-1ce7678646e9,5a53097d-77e6-43e0-970b-3e537f059cf8,Norte,2026-08-03 05:10:01,2026-08-03 05:17:01,2026-08-03 06:00:01,entregado,c946470e-cab4-4e7a-bcca-849685696e98,app,50036.73,moto_electrica,11072.96,6.271816,-75.579675
3fc2e815-a7be-483c-b7aa-1101cca93f45,90134b2f-22cb-42bb-8719-e7c7d7271e06,Sur,2026-08-03 05:22:36,2026-08-03 05:31:36,2026-08-03 06:07:36,entregado,48692700-055f-400c-8687-6573be0be73f,app,48076.2,bicicleta,7262.35,6.178835,-75.587502
e3a1aa9a-9703-4da8-94ae-667128a8df02,31e98e9a-24de-4294-8826-fc491e8529cc,Occidente,2026-08-03 07:57:19,2026-08-03 08:01:19,2026-08-03 08:24:19,entregado,4fb4b86b-6657-418f-9af0-05576b82420b,efectivo,89415.81,moto_electrica,21500.03,6.259176,-75.611534
eedcd1cd-5d73-47d3-a447-8b2b87a9dc3b,85d139a7-7a45-49aa-9638-dcd1f5d1c539,Norte,2026-08-03 09:04:29,2026-08-03 09:19:29,2026-08-03 10:01:29,entregado,9852732d-4628-4e78-ba2e-16d78d91a915,efectivo,48243.8,bicicleta,10322.03,6.272634,-75.570029
4062349a-2639-475b-b843-f4b442c3abdc,6c7dcc33-6f64-4bae-a30c-600099b54f33,Chapinero,2026-08-03 09:50:40,2026-08-03 09:52:40,2026-08-03 10:21:40,entregado,f8f6f0d9-c708-4217-bad3-d580bf28fd5f,efectivo,93584.76,bicicleta,21639.55,6.268091,-75.553764
b84a81e2-c4dd-44ed-a42c-d7aa81a50a19,07710594-2e0c-40d8-9ddb-2a4227d3d41a,Norte,2026-08-03 09:56:50,2026-08-03 10:11:50,2026-08-03 10:55:50,entregado,4833d69a-eb17-4595-b943-0c1a439dce6a,app,20443.0,moto_electrica,4040.14,6.287666,-75.551411
ba71c76e-81c8-43cd-ac5f-f3614656090f,d75d2cf4-7250-4620-8774-e082750cafca,Centro,2026-08-03 10:40:58,,,pendiente,,app,38146.55,bicicleta,6311.07,6.243349,-75.5563
c855daba-0a38-47a7-888f-6fbef8e269f1,01137935-0af8-4f24-8ee9-07632cb39eee,Centro,2026-08-03 10:44:11,,,pendiente,,efectivo,63375.94,moto_electrica,9974.02,6.246517,-75.568577
9be66358-7176-45c7-9d1a-12f68e07943b,2db7afb4-3544-4567-8108-5861c213f9ed,Occidente,2026-08-03 11:08:19,,,cancelado,,app,88810.24,moto_electrica,19080.53,6.252136,-75.610769
1d263898-5a68-420d-9e88-4c6d51d4bf93,1bb9fc1b-4864-44ef-a2b3-5ea92d0e0afa,Norte,2026-08-03 12:37:17,2026-08-03 12:42:17,2026-08-03 13:12:17,entregado,f8f6f0d9-c708-4217-bad3-d580bf28fd5f,efectivo,93184.76,moto_electrica,20762.82,6.290427,-75.572761
972f80f4-6ad2-472a-95fc-7e84c4acf317,6332c5ab-6d19-41bf-87fa-7ee16a311a73,Centro,2026-08-03 12:59:18,2026-08-03 13:12:18,2026-08-03 13:28:18,entregado,7814bc90-b0b8-47d7-afaf-af5aeb7abd42,tarjeta,58340.18,moto_electrica,13818.31,6.2486,-75.557627
44c2ae96-ba21-4321-8e6a-1896f6b9fdfc,8c4b07f3-4be0-4550-a487-d5bfdfe98e97,Occidente,2026-08-03 13:01:50,2026-08-03 13:08:50,2026-08-03 13:38:50,entregado,45b54b7a-158a-475b-b074-bc304ee06c5f,tarjeta,71209.99,moto_electrica,15763.7,6.275848,-75.598539
8a81d902-31c8-4aac-8e30-c3fbe31d778b,56eef3c1-26f4-4db0-ae36-a001ada2aa7a,Centro,2026-08-03 13:15:23,2026-08-03 13:28:23,2026-08-03 14:00:23,entregado,dd0aed03-899f-4d40-91a2-c94ffa9d7e52,efectivo,64498.62,bicicleta,14244.28,6.257914,-75.558987
469b0c39-17eb-44e3-b777-699692305cb2,c1c45866-47a2-47f7-b1e6-4dfecbbdda25,Centro,2026-08-03 14:09:24,2026-08-03 14:19:24,2026-08-03 14:35:24,entregado,7bc55f10-dfa3-425e-be6d-9697b5a6edd0,efectivo,57415.28,moto_electrica,13426.98,6.247777,-75.567
e9354ae0-0e8a-4da4-8bf6-417d710b63a5,936e2d19-1a08-4f47-80a6-3332265a04f3,Centro,2026-08-03 14:44:21,2026-08-03 14:52:21,2026-08-03 15:28:21,entregado,2ba6deb3-6f6f-4b15-86fc-06a32886e27a,tarjeta,49788.64,bicicleta,9502.95,6.254814,-75.560268
6017b607-9754-46db-830d-e4f62392a75a,a4be7243-5dfa-45d2-818a-54607daa3daa,Norte,2026-08-03 17:10:01,2026-08-03 17:25:01,2026-08-03 18:07:01,entregado,ae960795-51c3-43fe-8b0c-cd21d3738b27,efectivo,76395.31,bicicleta,18598.13,6.270949,-75.578319
f6e4df15-4efe-4acb-a0d9-af88b6e18895,2e431e06-4c17-49d0-97dd-2d1cd10b4a95,Sur,2026-08-03 17:20:03,2026-08-03 17:30:03,2026-08-03 17:52:03,entregado,4a610ffa-babe-4263-9ee4-1ec7d61cdb29,efectivo,85236.55,moto_electrica,19148.83,6.158762,-75.586842
84995bdc-a067-43a3-8403-ba9cc1a9f5a4,f2dfaa5a-f205-4345-92ca-af0a6f5a2de7,Norte,2026-08-03 18:10:38,2026-08-03 18:21:38,2026-08-03 18:51:38,entregado,45b54b7a-158a-475b-b074-bc304ee06c5f,tarjeta,85062.02,moto_electrica,13491.9,6.275858,-75.569793
300be953-deda-4990-97e4-02bf7ab6a3a3,13e0122f-67ce-494f-8347-6975e8c8f54e,Chapinero,2026-08-03 19:36:27,2026-08-03 19:38:27,2026-08-03 20:18:27,entregado,7bc55f10-dfa3-425e-be6d-9697b5a6edd0,app,92953.56,bicicleta,15451.71,6.268818,-75.558498
8afe47ee-f6f1-49c0-a45d-3d628938aeb5,9b929e05-3be7-47f5-8987-51f10d07938d,Sur,2026-08-03 19:57:28,2026-08-03 19:59:28,,cancelado,4fb4b86b-6657-418f-9af0-05576b82420b,app,15860.99,bicicleta,2954.41,6.155764,-75.585873
aec39319-6de6-4552-a399-5a7d8ee2e22c,a200fb08-fef7-4a11-b4af-a7fc9c26bc2e,Chapinero,2026-08-03 20:37:29,2026-08-03 20:50:29,2026-08-03 21:05:29,entregado,2ba6deb3-6f6f-4b15-86fc-06a32886e27a,app,93394.71,moto_electrica,22512.65,6.262794,-75.543526
b9b13b22-a2ae-4732-b77c-aae3b3b40304,d9b324e7-1d27-48a5-b73a-8850b01f1da7,Centro,2026-08-03 20:42:51,2026-08-03 20:48:51,2026-08-03 21:29:51,entregado,652a1885-2699-4597-afd1-1379a48e1f75,app,74357.43,bicicleta,17266.76,6.24022,-75.558106
09517060-959a-4a51-8c56-ab66f57f06f4,fd944984-53a0-49d4-9474-ceb6fa280378,Occidente,2026-08-03 22:35:38,2026-08-03 22:50:38,2026-08-03 23:12:38,entregado,8dbe836f-3f88-4e02-a3e2-bf2a6a310110,efectivo,87312.78,moto_electrica,15163.61,6.279412,-75.605753
ae8acaa9-ae12-4521-90d6-ace3095c42b5,31e98e9a-24de-4294-8826-fc491e8529cc,Sur,2026-08-03 22:56:38,,,pendiente,,efectivo,32430.16,bicicleta,5648.97,6.163405,-75.58818
8d1c1a90-0e76-4d50-8a24-2ac1ceaeed3e,cab0f77c-6a9c-4833-ab98-ff5e181a7e8c,Chapinero,2026-08-04 01:07:06,2026-08-04 01:16:06,2026-08-04 01:31:06,entregado,2ba6deb3-6f6f-4b15-86fc-06a32886e27a,tarjeta,92733.44,moto_electrica,14635.99,6.265475,-75.559823
4a91393d-34c3-4569-9bd1-26d6070fcc14,66379f01-baf4-4625-af97-5671a7553d51,Occidente,2026-08-04 01:21:00,2026-08-04 01:25:00,2026-08-04 01:42:00,entregado,ddf43472-6d4b-4f43-8038-029005b65044,tarjeta,63295.46,moto_electrica,11987.98,6.24163,-75.607878
55e2a786-9cfa-4fae-9cd0-b218d5221a11,133e7b9f-2385-4705-9e99-3eb72a0f75cb,Chapinero,2026-08-04 03:27:17,2026-08-04 03:29:17,2026-08-04 03:44:17,entregado,652a1885-2699-4597-afd1-1379a48e1f75,efectivo,68107.27,moto_electrica,15257.29,6.266785,-75.55467
335dbb8a-9efc-4ba5-a26d-2ca0b21b2fed,2db7afb4-3544-4567-8108-5861c213f9ed,Norte,2026-08-04 05:26:19,2026-08-04 05:36:19,,en_camino,f8f6f0d9-c708-4217-bad3-d580bf28fd5f,efectivo,27753.16,bicicleta,5301.3,6.273202,-75.564252
2df18eac-e22a-4372-b3f4-7c676f7ac352,c868f96d-ea66-42c6-ab2c-c8e836b35c37,Centro,2026-08-04 05:44:12,2026-08-04 05:48:12,2026-08-04 06:30:12,entregado,c946470e-cab4-4e7a-bcca-849685696e98,efectivo,65478.27,bicicleta,14056.83,6.252974,-75.563364
05fc68ef-61d6-4c31-bab9-d6ad806ff0db,2bcc12cb-5d87-4176-a287-3a2aee9351e5,Sur,2026-08-04 05:59:27,2026-08-04 06:10:27,2026-08-04 06:34:27,entregado,683d79f9-8c30-41e0-8b8b-0050b7d22560,app,82682.58,moto_electrica,18699.05,6.169651,-75.601123
b073db90-24fd-4fa1-b585-0eae36765e75,34f9f1b5-bdd0-46e7-b81d-623e9fdf17d8,Chapinero,2026-08-04 06:38:45,,,pendiente,,app,46528.63,moto_electrica,10765.43,6.261223,-75.558331
5852eaf4-362e-454f-a794-20413aa371e4,f742a46d-f918-41e0-be90-30f40dc4d68f,Chapinero,2026-08-04 06:49:13,2026-08-04 06:51:13,2026-08-04 07:06:13,entregado,7814bc90-b0b8-47d7-afaf-af5aeb7abd42,app,84865.14,moto_electrica,16379.23,6.260396,-75.556653
038831e7-717b-4c2c-b186-670cacc677ee,34580dd8-9397-4dc9-bc4e-757392d1c5fb,Occidente,2026-08-04 07:17:43,2026-08-04 07:29:43,2026-08-04 07:47:43,entregado,2ba6deb3-6f6f-4b15-86fc-06a32886e27a,tarjeta,22139.27,moto_electrica,3662.1,6.273292,-75.602689
d0aacb92-9d27-49cd-a88c-1e9872f84c63,7fcd166e-cba3-4232-91a1-41d51f495d35,Chapinero,2026-08-04 07:52:48,2026-08-04 07:55:48,2026-08-04 08:16:48,entregado,48692700-055f-400c-8687-6573be0be73f,tarjeta,37203.73,moto_electrica,7159.11,6.26694,-75.550732
6dbd0cc6-1d50-4e26-a738-919c8dbdf874,5cce9a92-b20a-48a7-b742-27d2cd0fa666,Chapinero,2026-08-04 07:56:47,2026-08-04 08:07:47,2026-08-04 08:34:47,entregado,2ba6deb3-6f6f-4b15-86fc-06a32886e27a,tarjeta,58971.6,bicicleta,13627.26,6.261816,-75.550073
925a1c2d-d120-45ae-8675-9000672cd619,f48478ff-e816-452a-913c-41d06df567f2,Centro,2026-08-04 09:35:56,2026-08-04 09:44:56,2026-08-04 09:59:56,entregado,45b54b7a-158a-475b-b074-bc304ee06c5f,efectivo,58007.01,moto_electrica,10113.91,6.243482,-75.560541
e23c5971-c731-41e6-b588-f5407a0ae63e,06e97137-7dac-45fd-8c25-3d5ffc2931e2,Norte,2026-08-04 09:53:25,2026-08-04 09:58:25,2026-08-04 10:35:25,entregado,7bc55f10-dfa3-425e-be6d-9697b5a6edd0,tarjeta,55839.81,moto_electrica,11051.94,6.273341,-75.569636
a1f8cf61-6712-4b74-900a-338d0d4d02e1,532946ef-c978-4995-b94c-d3c989755106,Chapinero,2026-08-04 09:53:34,2026-08-04 10:08:34,,en_camino,45b54b7a-158a-475b-b074-bc304ee06c5f,app,17402.17,bicicleta,4321.05,6.268204,-75.544769
5cf2e8ad-197f-4992-b786-88e3fefcce71,a1e55b58-2600-44cc-9743-bc7ffad4510a,Sur,2026-08-04 10:10:29,2026-08-04 10:25:29,2026-08-04 10:43:29,entregado,fc03515f-887a-46b7-a44a-8c0fcb0775be,efectivo,31855.83,moto_electrica,5595.83,6.161247,-75.585362
e322513a-a3b7-4bbd-a842-dfbf1e7ce913,b2322744-c7c4-49f3-9caa-8df835be917b,Centro,2026-08-04 11:07:47,2026-08-04 11:18:47,2026-08-04 11:34:47,entregado,2ba6deb3-6f6f-4b15-86fc-06a32886e27a,tarjeta,20842.04,moto_electrica,3876.57,6.249874,-75.553415
31dc726e-2ffc-46d2-81b5-a63a9944aedf,133e7b9f-2385-4705-9e99-3eb72a0f75cb,Sur,2026-08-04 11:34:56,2026-08-04 11:41:56,2026-08-04 12:09:56,entregado,3a4a49e1-666d-4fe0-be3c-6ffb0dd04f55,efectivo,18375.54,bicicleta,3934.13,6.155218,-75.583504
ae6c7d32-7849-4f23-99fd-d006954be320,31403c6d-6d71-4dae-a092-3e351f46b23d,Occidente,2026-08-04 12:11:02,2026-08-04 12:13:02,2026-08-04 12:54:02,entregado,8caf803c-0a87-4a8a-88c8-b2e2476e1eeb,app,81079.78,bicicleta,14585.21,6.253142,-75.613876
f8054632-7601-4514-b4a0-c73f3b25b84e,fde42dcc-b6cc-4f58-995d-e8c613f6c077,Centro,2026-08-04 12:52:36,2026-08-04 13:05:36,2026-08-04 13:28:36,entregado,567b2569-6593-43a6-afb7-944d81edda57,tarjeta,58515.4,moto_electrica,14495.32,6.255607,-75.564156
1f072d4c-6f7b-4f87-8f15-09994b35a257,e14bdbbd-1b66-47ce-a156-94fef926e48d,Sur,2026-08-04 13:37:44,2026-08-04 13:45:44,2026-08-04 14:15:44,entregado,df1dce50-5616-4589-9d5f-16212ef42b85,app,80707.33,moto_electrica,15291.32,6.173287,-75.592754
62a5d526-6f3a-4e1a-91a3-b3c8108af7eb,0cecba19-546d-45bc-a482-e679d7148b85,Chapinero,2026-08-04 14:18:32,2026-08-04 14:24:32,2026-08-04 15:01:32,entregado,567b2569-6593-43a6-afb7-944d81edda57,tarjeta,79786.64,bicicleta,15603.03,6.260083,-75.55208
d59f024a-f759-4354-82f6-70f8c40dea61,a4be7243-5dfa-45d2-818a-54607daa3daa,Sur,2026-08-04 15:08:07,2026-08-04 15:12:07,2026-08-04 15:39:07,entregado,45b54b7a-158a-475b-b074-bc304ee06c5f,tarjeta,47160.67,bicicleta,7597.23,6.161184,-75.589721
dbd2b289-5581-4005-9b65-89ce65a9ddbd,3eaec931-6c40-439f-b3ae-a324b6ed84ac,Centro,2026-08-04 15:24:34,2026-08-04 15:28:34,2026-08-04 15:56:34,entregado,f8f6f0d9-c708-4217-bad3-d580bf28fd5f,efectivo,78629.7,bicicleta,18906.79,6.251188,-75.554245
38576b87-48b0-4da0-95e8-d5b17ee3adc5,8d96d9c5-ae92-4815-b27b-066d5dd13ec9,Chapinero,2026-08-04 15:48:57,2026-08-04 15:55:57,2026-08-04 16:35:57,entregado,7e7763b0-2145-4ea0-99f0-070486f95eff,efectivo,91611.07,bicicleta,16969.76,6.26678,-75.552786
3b0b892a-8ce7-4ca9-bf1c-597eef715660,936e2d19-1a08-4f47-80a6-3332265a04f3,Chapinero,2026-08-04 15:51:10,2026-08-04 15:56:10,,en_camino,4a610ffa-babe-4263-9ee4-1ec7d61cdb29,tarjeta,68464.57,moto_electrica,13495.67,6.260194,-75.547652
8d0a377a-e32a-4e57-9f39-7ed3946acb33,d71fd6be-c4b7-4470-ac26-7d00a9f047c9,Norte,2026-08-04 15:54:57,2026-08-04 16:06:57,2026-08-04 17:00:57,entregado,dd0aed03-899f-4d40-91a2-c94ffa9d7e52,efectivo,71876.33,bicicleta,11307.05,6.297305,-75.555047
81681ac3-1ccc-46a8-b648-5d10d71529c0,6332c5ab-6d19-41bf-87fa-7ee16a311a73,Norte,2026-08-04 16:13:38,2026-08-04 16:20:38,2026-08-04 17:02:38,entregado,eec9c1a6-fa0a-4ee3-bcf5-687cf4ffffd1,app,20295.67,moto_electrica,4847.67,6.293712,-75.557051
70998398-5b9d-48df-9ff3-a87907c69296,01137935-0af8-4f24-8ee9-07632cb39eee,Sur,2026-08-04 16:30:08,2026-08-04 16:41:08,2026-08-04 16:59:08,entregado,4833d69a-eb17-4595-b943-0c1a439dce6a,tarjeta,93656.16,moto_electrica,14662.51,6.151417,-75.598817
f4ac7bee-d63e-452d-8699-31eeaec684f1,9b929e05-3be7-47f5-8987-51f10d07938d,Centro,2026-08-04 16:33:10,,,pendiente,,tarjeta,31615.06,bicicleta,5433.13,6.247514,-75.55794
1c681310-857f-4035-9f0d-56f9943f8253,31e98e9a-24de-4294-8826-fc491e8529cc,Sur,2026-08-04 16:52:18,2026-08-04 17:06:18,2026-08-04 17:46:18,entregado,8caf803c-0a87-4a8a-88c8-b2e2476e1eeb,efectivo,21765.47,bicicleta,3273.69,6.161615,-75.598053
9281bf62-e1b9-4788-abbf-884cf9481786,d75d2cf4-7250-4620-8774-e082750cafca,Chapinero,2026-08-04 17:40:34,2026-08-04 17:50:34,2026-08-04 18:27:34,entregado,ae960795-51c3-43fe-8b0c-cd21d3738b27,app,93537.65,bicicleta,19292.46,6.266772,-75.555113
49031a8b-e958-42b7-aafe-bf7b2ed9daad,30010484-56ff-42bf-8c2c-27a95de8dadb,Sur,2026-08-04 18:52:04,2026-08-04 19:04:04,2026-08-04 19:34:04,entregado,df1dce50-5616-4589-9d5f-16212ef42b85,tarjeta,84816.39,bicicleta,15477.57,6.166667,-75.60433
1fd718eb-7513-43e6-87bc-f07cbb3b3800,a200fb08-fef7-4a11-b4af-a7fc9c26bc2e,Occidente,2026-08-04 19:01:54,2026-08-04 19:10:54,2026-08-04 19:37:54,entregado,17e891b7-bc3c-457b-8c87-b29642b7ab70,efectivo,77848.08,bicicleta,14451.32,6.271702,-75.593475
9228c199-43ff-4cc4-8b47-b3bad9786ba3,2db7afb4-3544-4567-8108-5861c213f9ed,Centro,2026-08-04 19:17:12,2026-08-04 19:28:12,2026-08-04 19:58:12,entregado,ae960795-51c3-43fe-8b0c-cd21d3738b27,efectivo,33782.26,bicicleta,8388.53,6.24786,-75.55832
ea3ebf27-374f-4cbe-adca-20d4ea980a97,c5392279-bee4-46f6-9a0a-50b84b29381b,Occidente,2026-08-04 20:58:04,2026-08-04 21:13:04,2026-08-04 21:37:04,entregado,652a1885-2699-4597-afd1-1379a48e1f75,app,17448.64,moto_electrica,3341.2,6.23537,-75.606322
7bf9cf37-7415-4a79-89d1-ff9921c3ed18,2e431e06-4c17-49d0-97dd-2d1cd10b4a95,Norte,2026-08-04 20:59:31,2026-08-04 21:03:31,,cancelado,4833d69a-eb17-4595-b943-0c1a439dce6a,tarjeta,26133.97,bicicleta,4452.27,6.272124,-75.562739
36fad590-a763-40b4-88d4-739a94404b18,06e97137-7dac-45fd-8c25-3d5ffc2931e2,Sur,2026-08-04 21:27:21,2026-08-04 21:42:21,2026-08-04 22:24:21,entregado,9852732d-4628-4e78-ba2e-16d78d91a915,efectivo,73210.24,bicicleta,16759.0,6.170998,-75.598889
50acfdb8-ba87-4c77-a157-6c0d1761279a,05f438aa-91cf-4c97-b79d-dca22be98b69,Occidente,2026-08-04 22:17:27,2026-08-04 22:31:27,2026-08-04 22:54:27,entregado,9852732d-4628-4e78-ba2e-16d78d91a915,efectivo,39884.96,moto_electrica,9056.75,6.233939,-75.592673
d21a59bc-86b6-4bf4-93ff-38f898829a13,90134b2f-22cb-42bb-8719-e7c7d7271e06,Norte,2026-08-04 22:29:06,2026-08-04 22:34:06,2026-08-04 23:16:06,entregado,3a4a49e1-666d-4fe0-be3c-6ffb0dd04f55,app,78240.13,moto_electrica,17649.88,6.272904,-75.561
4e2b004f-56b0-43cf-aef9-7a553d03ad51,13e0122f-67ce-494f-8347-6975e8c8f54e,Occidente,2026-08-04 23:05:29,2026-08-04 23:18:29,2026-08-04 23:47:29,entregado,4833d69a-eb17-4595-b943-0c1a439dce6a,app,53212.78,moto_electrica,12708.48,6.279114,-75.600223
8273ca08-2398-47ce-aa12-6d4e95687741,2db7afb4-3544-4567-8108-5861c213f9ed,Chapinero,2026-08-04 23:16:25,2026-08-04 23:25:25,2026-08-04 23:45:25,entregado,f8f6f0d9-c708-4217-bad3-d580bf28fd5f,app,43224.12,moto_electrica,9608.99,6.266722,-75.556808
ac40ac0a-2062-41a6-918f-0d6082081384,51890d3e-a96b-4fa2-9f0e-7f00344b0997,Occidente,2026-08-05 00:00:45,2026-08-05 00:04:45,2026-08-05 00:22:45,entregado,567b2569-6593-43a6-afb7-944d81edda57,tarjeta,23894.59,moto_electrica,3614.43,6.232319,-75.593762
f10b4439-e6d0-4b24-bf9a-bf257cea0284,0604c774-2d96-40ec-b987-51c090ef688c,Centro,2026-08-05 00:33:15,,,cancelado,,tarjeta,22646.91,moto_electrica,5052.04,6.25839,-75.564405
35d23778-1fa3-441c-b96e-fb3bfb149595,28146250-cf6a-4026-b1f9-b6628c2d8c60,Chapinero,2026-08-05 00:47:19,2026-08-05 00:55:19,2026-08-05 01:28:19,entregado,652a1885-2699-4597-afd1-1379a48e1f75,tarjeta,82711.38,bicicleta,20199.46,6.265576,-75.551862
e9edbf24-ed55-47e7-98dc-24c6c70993c7,1bb9fc1b-4864-44ef-a2b3-5ea92d0e0afa,Chapinero,2026-08-05 03:50:36,2026-08-05 03:55:36,2026-08-05 04:37:36,entregado,f8f6f0d9-c708-4217-bad3-d580bf28fd5f,efectivo,64426.14,bicicleta,13377.4,6.26332,-75.542111
e844e33f-50d2-4c31-844c-63819107d08e,c0865051-d7c6-4a00-b5f5-c553e05e7b6f,Chapinero,2026-08-05 04:36:10,2026-08-05 04:38:10,,en_camino,4a610ffa-babe-4263-9ee4-1ec7d61cdb29,efectivo,51754.68,bicicleta,8451.66,6.261407,-75.552717
7e9cf596-ce8f-4a8d-90df-0ce5db78cf50,30010484-56ff-42bf-8c2c-27a95de8dadb,Chapinero,2026-08-05 06:33:33,2026-08-05 06:40:33,2026-08-05 07:20:33,entregado,c7821b64-7aa0-48bf-8b4d-b4728048dd60,tarjeta,90826.53,bicicleta,16775.43,6.262726,-75.543667
7ea0bfa3-0b4f-4f3f-ba27-809a8b4a4c74,64402c49-ecbf-46cc-87ae-13215db14f7d,Chapinero,2026-08-05 08:38:43,2026-08-05 08:44:43,2026-08-05 09:19:43,entregado,eec9c1a6-fa0a-4ee3-bcf5-687cf4ffffd1,tarjeta,48388.29,bicicleta,9222.42,6.264756,-75.544624
5cc6d7ea-2ba2-4a9b-9435-1429a32cc4b9,5a53097d-77e6-43e0-970b-3e537f059cf8,Occidente,2026-08-05 08:47:48,2026-08-05 08:49:48,2026-08-05 09:27:48,entregado,2ba6deb3-6f6f-4b15-86fc-06a32886e27a,app,90561.15,bicicleta,18415.56,6.254225,-75.618198
4c7e7b37-a213-42a8-b3f4-c9252dfb3af7,cde4c37d-3d93-402d-8476-5ac08324b8fc,Centro,2026-08-05 08:50:29,2026-08-05 09:02:29,2026-08-05 09:40:29,entregado,4fb4b86b-6657-418f-9af0-05576b82420b,app,91518.29,bicicleta,16968.48,6.247465,-75.55364
bfedb936-81a3-489f-94ae-a1b803572ac2,c2117215-2808-47fd-8fc9-330bdba5c03a,Centro,2026-08-05 09:56:42,2026-08-05 09:58:42,,en_camino,7814bc90-b0b8-47d7-afaf-af5aeb7abd42,efectivo,86019.09,moto_electrica,19214.06,6.250259,-75.564363
7506e36b-1ce4-433a-8b63-36aa06e2cce2,85376b3d-bf0a-462c-9812-374620e92e59,Occidente,2026-08-05 10:31:35,2026-08-05 10:40:35,2026-08-05 11:12:35,entregado,eec9c1a6-fa0a-4ee3-bcf5-687cf4ffffd1,app,15200.1,bicicleta,2349.06,6.236816,-75.613687
e51990bf-871b-430b-a583-3b7b0594fb16,85d139a7-7a45-49aa-9638-dcd1f5d1c539,Sur,2026-08-05 11:17:36,,,pendiente,,app,59746.23,moto_electrica,12223.4,6.169228,-75.60836
54fdbb35-7133-48f5-b4c3-72fd8032a72a,b2322744-c7c4-49f3-9caa-8df835be917b,Occidente,2026-08-05 11:43:22,2026-08-05 11:53:22,2026-08-05 12:27:22,entregado,eec9c1a6-fa0a-4ee3-bcf5-687cf4ffffd1,tarjeta,17494.67,bicicleta,3388.32,6.266554,-75.595379
366c4b87-570d-453a-89b9-f395c00db30b,0476ef54-6995-4f39-af70-f7f670e33789,Norte,2026-08-05 12:28:59,2026-08-05 12:38:59,,en_camino,48692700-055f-400c-8687-6573be0be73f,tarjeta,15907.29,moto_electrica,3499.33,6.294268,-75.579571
2075b92a-9b0c-46a6-ada3-88e15b1fa95b,bce090af-1112-4cbd-bbaa-873467f9a4fd,Norte,2026-08-05 12:49:26,2026-08-05 12:51:26,2026-08-05 13:42:26,entregado,45b54b7a-158a-475b-b074-bc304ee06c5f,tarjeta,16500.64,bicicleta,3542.85,6.272213,-75.57347
e850aea4-d096-42c7-8ff7-b75064603c2b,c5392279-bee4-46f6-9a0a-50b84b29381b,Centro,2026-08-05 13:10:17,2026-08-05 13:23:17,,en_camino,4fb4b86b-6657-418f-9af0-05576b82420b,app,77039.38,bicicleta,17102.73,6.255109,-75.5613
88492b78-8a36-4af2-ad2a-5aa81bca376a,da8767ea-5f63-4a99-97c2-d4b473af120b,Sur,2026-08-05 14:35:24,2026-08-05 14:46:24,2026-08-05 15:09:24,entregado,48692700-055f-400c-8687-6573be0be73f,efectivo,68423.14,moto_electrica,15158.89,6.175787,-75.606939
8961fa50-81cc-4591-8326-bdf8ec8e7011,36b94275-0968-4c8b-ad19-64e364fe7b21,Norte,2026-08-05 15:54:59,2026-08-05 15:57:59,2026-08-05 16:48:59,entregado,652a1885-2699-4597-afd1-1379a48e1f75,app,28235.94,bicicleta,4870.32,6.290945,-75.559914
9f4d0245-c71d-482a-8d16-9fe6df6f48e4,a4be7243-5dfa-45d2-818a-54607daa3daa,Centro,2026-08-05 16:23:30,2026-08-05 16:27:30,2026-08-05 17:08:30,entregado,df1dce50-5616-4589-9d5f-16212ef42b85,efectivo,37485.8,bicicleta,8927.3,6.251864,-75.557879
41a6fcb3-3f79-4cd5-be61-d0470c506129,a76b46d5-3d05-4c09-9857-29ce77b7ebf6,Occidente,2026-08-05 16:40:43,2026-08-05 16:50:43,2026-08-05 17:06:43,entregado,eec9c1a6-fa0a-4ee3-bcf5-687cf4ffffd1,efectivo,41333.24,moto_electrica,9038.74,6.260998,-75.61548
f68c64a8-1bcf-448c-8714-cf795cb4dc45,b280052f-e245-4d75-adc7-534e8adc988d,Centro,2026-08-05 16:45:36,2026-08-05 16:51:36,,cancelado,2ba6deb3-6f6f-4b15-86fc-06a32886e27a,app,93844.31,bicicleta,15481.77,6.24774,-75.565136
bf43f2a8-6b46-44c4-a7d8-c1dd2ef0556d,a200fb08-fef7-4a11-b4af-a7fc9c26bc2e,Centro,2026-08-05 18:56:30,2026-08-05 19:04:30,2026-08-05 19:29:30,entregado,9852732d-4628-4e78-ba2e-16d78d91a915,tarjeta,92992.73,moto_electrica,15916.84,6.241081,-75.564162
1c3723d4-64be-43f4-9f16-afdf04f643a3,c868f96d-ea66-42c6-ab2c-c8e836b35c37,Chapinero,2026-08-05 20:52:22,2026-08-05 21:00:22,2026-08-05 21:37:22,entregado,8dbe836f-3f88-4e02-a3e2-bf2a6a310110,efectivo,58561.23,bicicleta,11365.37,6.268431,-75.552693
32f6d6b5-4905-43b5-ae1e-7663efb8898e,d2f47d32-9cdf-43f5-b42e-78288a36515c,Norte,2026-08-05 21:06:13,2026-08-05 21:13:13,2026-08-05 21:54:13,entregado,683d79f9-8c30-41e0-8b8b-0050b7d22560,app,39153.08,moto_electrica,8040.46,6.274887,-75.568093
14ddb19b-c866-4fb5-97b1-182fb00f656d,d71fd6be-c4b7-4470-ac26-7d00a9f047c9,Chapinero,2026-08-05 21:16:26,2026-08-05 21:18:26,2026-08-05 21:58:26,entregado,652a1885-2699-4597-afd1-1379a48e1f75,efectivo,39197.77,bicicleta,9724.73,6.261367,-75.541783
70f93512-3b81-41ce-878c-6b8db6fdc90b,d9b324e7-1d27-48a5-b73a-8850b01f1da7,Occidente,2026-08-06 00:13:34,2026-08-06 00:16:34,2026-08-06 00:55:34,entregado,7814bc90-b0b8-47d7-afaf-af5aeb7abd42,app,38292.3,bicicleta,8716.83,6.235211,-75.608896
1edd5742-3119-454e-a1d1-81f7feec8ec8,48bc34d2-7f99-4cca-8c08-2dc33d442d18,Sur,2026-08-06 01:15:06,2026-08-06 01:19:06,2026-08-06 02:00:06,entregado,ae960795-51c3-43fe-8b0c-cd21d3738b27,efectivo,89213.56,bicicleta,14244.27,6.164276,-75.592805
11af5b6d-906f-4f06-aa28-249a2caabdf2,7d75a9ec-1aa7-433b-920a-65483447d468,Occidente,2026-08-06 01:21:04,2026-08-06 01:24:04,2026-08-06 01:51:04,entregado,dd0aed03-899f-4d40-91a2-c94ffa9d7e52,app,15057.73,moto_electrica,3590.94,6.230621,-75.593967
341f6604-d125-4bbf-a35f-541ec7d73da8,34580dd8-9397-4dc9-bc4e-757392d1c5fb,Occidente,2026-08-06 03:39:44,2026-08-06 03:52:44,2026-08-06 04:25:44,entregado,bb6f84b2-6b62-49d9-ac7c-390723a72a9b,tarjeta,84786.43,bicicleta,16241.72,6.238832,-75.61374
29f8307a-2551-48db-9322-a57a05883ef8,36b94275-0968-4c8b-ad19-64e364fe7b21,Occidente,2026-08-06 03:55:26,2026-08-06 04:06:26,2026-08-06 04:40:26,entregado,dd0aed03-899f-4d40-91a2-c94ffa9d7e52,efectivo,76272.24,bicicleta,15686.04,6.256744,-75.61319
9d94207d-d913-4fe0-a945-76fd95a3bfd6,5a53097d-77e6-43e0-970b-3e537f059cf8,Norte,2026-08-06 04:25:52,2026-08-06 04:35:52,2026-08-06 05:21:52,entregado,4833d69a-eb17-4595-b943-0c1a439dce6a,tarjeta,37750.84,bicicleta,7586.29,6.28469,-75.571654
31ba37cd-c442-448a-bf4c-f7dfa36e51c5,8f0ac0bd-4c61-4d9c-8a0a-a6c0f2d7227c,Norte,2026-08-06 04:40:39,2026-08-06 04:55:39,2026-08-06 05:48:39,entregado,fc03515f-887a-46b7-a44a-8c0fcb0775be,app,90975.96,bicicleta,19145.36,6.295258,-75.557977
486c02a1-fafe-4444-abbd-26ced440f7fe,bce090af-1112-4cbd-bbaa-873467f9a4fd,Norte,2026-08-06 04:52:01,2026-08-06 05:01:01,2026-08-06 05:35:01,entregado,8caf803c-0a87-4a8a-88c8-b2e2476e1eeb,efectivo,33254.35,moto_electrica,6300.16,6.297614,-75.550075
b80b76e1-6b99-492e-99ae-c01aca623954,3eaec931-6c40-439f-b3ae-a324b6ed84ac,Occidente,2026-08-06 05:15:48,2026-08-06 05:23:48,2026-08-06 05:58:48,entregado,c37ce403-bebf-4091-b511-62cf4048e8c2,app,17397.33,bicicleta,3965.39,6.236957,-75.601221
d1261cbb-ea6e-47ac-a57a-17779d285d2a,fa03a4c0-a33c-47a6-aa10-616ec3e63346,Norte,2026-08-06 05:48:23,2026-08-06 05:50:23,2026-08-06 06:30:23,entregado,2ba6deb3-6f6f-4b15-86fc-06a32886e27a,tarjeta,56665.92,moto_electrica,12344.68,6.280808,-75.55769
27ea1fc7-9b29-4f80-aeb3-2fd317ebcc45,7d75a9ec-1aa7-433b-920a-65483447d468,Occidente,2026-08-06 05:56:34,,,pendiente,,efectivo,18917.64,bicicleta,3628.52,6.261778,-75.604637
ea5ffc5a-d7e4-4366-8689-33eb43a6648d,6332c5ab-6d19-41bf-87fa-7ee16a311a73,Chapinero,2026-08-06 08:09:57,2026-08-06 08:13:57,2026-08-06 08:46:57,entregado,d3492baf-d484-402d-a53e-ed3ddd5838b9,tarjeta,72397.9,bicicleta,17252.05,6.26113,-75.55981
874e737c-6b82-4afd-a4d4-7e0599692552,937fe017-e232-4857-842b-9c2982b4c987,Chapinero,2026-08-06 08:26:33,2026-08-06 08:38:33,,en_camino,4833d69a-eb17-4595-b943-0c1a439dce6a,efectivo,94456.82,moto_electrica,16531.7,6.267585,-75.559662
d8ccc80a-0a2b-4eae-b74e-b596abf7d8ab,02800f46-ceb6-4272-9dd5-2c07d23ca12a,Norte,2026-08-06 08:34:51,2026-08-06 08:46:51,2026-08-06 09:33:51,entregado,9852732d-4628-4e78-ba2e-16d78d91a915,efectivo,59264.48,bicicleta,9476.52,6.287987,-75.552429
dc0cca32-26df-4f02-baaa-1a307b439f5c,d93054ed-cd47-4d20-aed5-d5b5d35ef806,Sur,2026-08-06 09:06:34,2026-08-06 09:16:34,2026-08-06 09:52:34,entregado,dd0aed03-899f-4d40-91a2-c94ffa9d7e52,tarjeta,41023.62,bicicleta,6819.95,6.160633,-75.584244
4f0dc480-ff0e-4db9-a7ee-afe0f708d907,90134b2f-22cb-42bb-8719-e7c7d7271e06,Centro,2026-08-06 09:42:18,2026-08-06 09:54:18,2026-08-06 10:13:18,entregado,dd0aed03-899f-4d40-91a2-c94ffa9d7e52,app,76797.2,moto_electrica,13919.11,6.25812,-75.564916
8f8f19ce-e9a9-4375-9b65-52e774c16f5f,51890d3e-a96b-4fa2-9f0e-7f00344b0997,Centro,2026-08-06 10:21:13,2026-08-06 10:23:13,2026-08-06 10:47:13,entregado,48692700-055f-400c-8687-6573be0be73f,app,35145.05,moto_electrica,7481.13,6.256985,-75.560953
7df54c1e-3569-4b95-bd20-88a4ab32985d,13e0122f-67ce-494f-8347-6975e8c8f54e,Sur,2026-08-06 11:11:49,2026-08-06 11:18:49,2026-08-06 11:46:49,entregado,48692700-055f-400c-8687-6573be0be73f,tarjeta,84219.02,bicicleta,15140.08,6.167878,-75.604536
77e26d94-ea96-44e9-a7d7-9fd6f0600725,937fe017-e232-4857-842b-9c2982b4c987,Sur,2026-08-06 12:09:04,2026-08-06 12:18:04,2026-08-06 12:53:04,entregado,48692700-055f-400c-8687-6573be0be73f,app,35040.77,bicicleta,8498.56,6.154171,-75.586165
5f832e72-eedf-4581-b9d3-e6038415107d,30010484-56ff-42bf-8c2c-27a95de8dadb,Occidente,2026-08-06 12:18:52,2026-08-06 12:21:52,2026-08-06 12:53:52,entregado,2ba6deb3-6f6f-4b15-86fc-06a32886e27a,efectivo,73754.8,bicicleta,17097.25,6.273588,-75.596934
cb0d7789-fa8b-448c-8daf-3ce8cc6013ba,d9b324e7-1d27-48a5-b73a-8850b01f1da7,Occidente,2026-08-06 12:37:39,2026-08-06 12:47:39,2026-08-06 13:19:39,entregado,ae960795-51c3-43fe-8b0c-cd21d3738b27,app,83702.96,bicicleta,14768.09,6.27945,-75.608359
b5c1da9c-7d7f-4054-9537-0b1688352b8a,f2dfaa5a-f205-4345-92ca-af0a6f5a2de7,Norte,2026-08-06 13:14:48,2026-08-06 13:27:48,2026-08-06 14:18:48,entregado,df1dce50-5616-4589-9d5f-16212ef42b85,efectivo,85773.03,bicicleta,17576.45,6.291595,-75.571521
ea2ecd57-4fef-496d-94e1-69b8cba664a2,fde42dcc-b6cc-4f58-995d-e8c613f6c077,Norte,2026-08-06 13:47:14,2026-08-06 13:52:14,2026-08-06 14:39:14,entregado,eec9c1a6-fa0a-4ee3-bcf5-687cf4ffffd1,app,24484.0,bicicleta,5021.05,6.285547,-75.579783
fbd1b178-64d5-4b94-ac25-c00f58164016,994850d2-c7f7-4ee7-8182-5507f4e2ad8d,Chapinero,2026-08-06 13:59:49,2026-08-06 14:13:49,2026-08-06 14:42:49,entregado,2ba6deb3-6f6f-4b15-86fc-06a32886e27a,app,39566.32,bicicleta,6389.15,6.269296,-75.556008
1e140b28-3429-4e55-afe9-e30da140ca17,b2322744-c7c4-49f3-9caa-8df835be917b,Norte,2026-08-06 14:08:53,2026-08-06 14:19:53,2026-08-06 14:57:53,entregado,652a1885-2699-4597-afd1-1379a48e1f75,tarjeta,50339.48,moto_electrica,9520.45,6.294654,-75.573373
d7281738-5156-43b0-8d67-f20094c6dab1,ec199edf-cdc2-4925-8ff2-1f0f224fc41a,Centro,2026-08-06 14:24:19,2026-08-06 14:28:19,2026-08-06 14:55:19,entregado,3a4a49e1-666d-4fe0-be3c-6ffb0dd04f55,efectivo,48403.07,bicicleta,9583.41,6.253925,-75.561238
85151778-9028-45e0-860f-3954bd547370,d9b324e7-1d27-48a5-b73a-8850b01f1da7,Occidente,2026-08-06 15:29:02,2026-08-06 15:37:02,2026-08-06 15:55:02,entregado,c946470e-cab4-4e7a-bcca-849685696e98,app,34018.14,moto_electrica,5371.96,6.241872,-75.608531
9c848caf-423c-44f5-843c-fe4883815773,2493b729-731e-4c01-a114-f6dfc717faa7,Centro,2026-08-06 15:50:04,2026-08-06 15:52:04,2026-08-06 16:23:04,entregado,bb6f84b2-6b62-49d9-ac7c-390723a72a9b,tarjeta,20531.43,bicicleta,5048.98,6.246929,-75.552189
9a703d7e-aa0c-47ea-a752-458f314bfdf9,2f140e7e-0b9b-4cce-b801-9e5693a57e67,Centro,2026-08-06 16:46:27,2026-08-06 16:55:27,2026-08-06 17:27:27,entregado,17e891b7-bc3c-457b-8c87-b29642b7ab70,tarjeta,52227.76,bicicleta,8745.41,6.257688,-75.553727
13a525b5-ed61-495b-a183-442f51e9f479,c5392279-bee4-46f6-9a0a-50b84b29381b,Sur,2026-08-06 17:51:57,2026-08-06 17:58:57,,en_camino,17e891b7-bc3c-457b-8c87-b29642b7ab70,efectivo,18275.78,moto_electrica,4451.86,6.171999,-75.608327
6e3c8dbc-7d95-417b-877b-3d2195b4430d,53e623f4-bf20-4228-82e3-ee34aa52cc05,Norte,2026-08-06 18:01:06,2026-08-06 18:07:06,2026-08-06 18:41:06,entregado,ae960795-51c3-43fe-8b0c-cd21d3738b27,tarjeta,25801.49,moto_electrica,4995.56,6.284458,-75.562111
94a72135-cc3e-4feb-828f-9723567e71f7,01137935-0af8-4f24-8ee9-07632cb39eee,Norte,2026-08-06 19:09:44,2026-08-06 19:13:44,2026-08-06 20:08:44,entregado,ddf43472-6d4b-4f43-8038-029005b65044,tarjeta,37880.63,bicicleta,7126.65,6.293738,-75.562647
5059c2f6-4856-4ff8-a237-f98a68f751b9,ceb11d92-eaf4-49dc-b011-4eaca397869c,Centro,2026-08-06 19:20:56,2026-08-06 19:22:56,2026-08-06 19:46:56,entregado,df1dce50-5616-4589-9d5f-16212ef42b85,app,85055.25,moto_electrica,19212.68,6.251583,-75.560802
9cc2b513-3eb2-4441-8167-a09365c33159,532946ef-c978-4995-b94c-d3c989755106,Norte,2026-08-06 19:58:21,2026-08-06 20:01:21,2026-08-06 20:45:21,entregado,8caf803c-0a87-4a8a-88c8-b2e2476e1eeb,tarjeta,20400.88,moto_electrica,4555.42,6.278207,-75.555085
b33abcfe-82f8-4c92-9ebd-fd8a93cc1a90,cde4c37d-3d93-402d-8476-5ac08324b8fc,Centro,2026-08-06 23:19:11,2026-08-06 23:29:11,2026-08-06 23:55:11,entregado,df1dce50-5616-4589-9d5f-16212ef42b85,efectivo,72164.69,moto_electrica,12663.48,6.244579,-75.561521
a33373f1-4c42-4272-8a1d-9c91ec2058b6,3846dadb-18c0-49fe-9be8-725b48a79373,Sur,2026-08-06 23:39:51,2026-08-06 23:51:51,2026-08-07 00:27:51,entregado,4a610ffa-babe-4263-9ee4-1ec7d61cdb29,tarjeta,83016.04,bicicleta,18398.74,6.162624,-75.598531
60bfb9c6-5967-43d4-af5c-81638f6e5410,aecd818b-df62-4138-a5fd-5d3004aa264b,Sur,2026-08-06 23:54:43,2026-08-07 00:05:43,2026-08-07 00:35:43,entregado,45b54b7a-158a-475b-b074-bc304ee06c5f,efectivo,90826.26,moto_electrica,19856.04,6.15312,-75.599648
b2827283-a2b1-48a1-ad41-6d05c2677dbc,d93054ed-cd47-4d20-aed5-d5b5d35ef806,Chapinero,2026-08-06 23:58:02,2026-08-07 00:08:02,2026-08-07 00:46:02,entregado,8caf803c-0a87-4a8a-88c8-b2e2476e1eeb,tarjeta,48260.04,bicicleta,9478.23,6.269915,-75.546287
44048d67-5d47-4252-8a8e-acd6983f7ce5,065ed21a-e960-49f7-928c-facf2bab622a,Chapinero,2026-08-07 00:21:15,2026-08-07 00:30:15,2026-08-07 01:11:15,entregado,ddf43472-6d4b-4f43-8038-029005b65044,app,51643.28,bicicleta,11664.3,6.260468,-75.556929
b97e03df-89a8-40da-b065-fbc88fe918fc,fde42dcc-b6cc-4f58-995d-e8c613f6c077,Sur,2026-08-07 01:01:03,2026-08-07 01:06:03,2026-08-07 01:46:03,entregado,dd0aed03-899f-4d40-91a2-c94ffa9d7e52,app,91633.77,bicicleta,18981.81,6.152785,-75.585885
f82d8aaf-496e-46b2-8bc2-dabb81f6f4a7,1bb9fc1b-4864-44ef-a2b3-5ea92d0e0afa,Sur,2026-08-07 01:11:09,2026-08-07 01:25:09,2026-08-07 02:04:09,entregado,ae960795-51c3-43fe-8b0c-cd21d3738b27,app,46281.94,bicicleta,10440.69,6.153266,-75.5983
6c9be37c-551f-440a-b6d3-41d2e5450412,85d139a7-7a45-49aa-9638-dcd1f5d1c539,Chapinero,2026-08-07 01:58:34,2026-08-07 02:07:34,2026-08-07 02:36:34,entregado,c7821b64-7aa0-48bf-8b4d-b4728048dd60,efectivo,74893.69,bicicleta,12375.83,6.261974,-75.545483
5cf3d451-65a0-49b1-9e0b-82ab6e01fdc9,8b9a8480-24e2-4d18-aa2c-dd9488b5a08f,Occidente,2026-08-07 02:57:19,2026-08-07 03:05:19,2026-08-07 03:35:19,entregado,f8f6f0d9-c708-4217-bad3-d580bf28fd5f,efectivo,72964.43,bicicleta,16705.02,6.276392,-75.610408
1f4197ec-3bb9-46f3-aab0-8a75c30adf97,f742a46d-f918-41e0-be90-30f40dc4d68f,Occidente,2026-08-07 03:54:42,2026-08-07 04:04:42,,cancelado,17e891b7-bc3c-457b-8c87-b29642b7ab70,tarjeta,38843.68,bicicleta,6890.48,6.230245,-75.60126
e7c01590-8a19-43f3-abe4-1ae0fb39c80e,7f429b09-d2c9-4b17-84f6-4ef50370180a,Chapinero,2026-08-07 04:56:31,2026-08-07 05:03:31,2026-08-07 05:43:31,entregado,dd0aed03-899f-4d40-91a2-c94ffa9d7e52,efectivo,88071.74,bicicleta,18586.14,6.264608,-75.548274
f0625f17-3dec-45f8-8e4b-313dd5d39a6b,a200fb08-fef7-4a11-b4af-a7fc9c26bc2e,Norte,2026-08-07 06:30:57,2026-08-07 06:38:57,2026-08-07 07:34:57,entregado,c946470e-cab4-4e7a-bcca-849685696e98,tarjeta,72972.45,bicicleta,18220.29,6.282588,-75.555092
6d97b6a1-7531-43ce-a8b6-66ba3496304a,d9b324e7-1d27-48a5-b73a-8850b01f1da7,Sur,2026-08-07 06:31:06,2026-08-07 06:40:06,2026-08-07 07:19:06,entregado,65c0052d-e656-48ba-9f6c-ba710d8242eb,app,85668.3,bicicleta,14601.35,6.154524,-75.604713
1e5d6275-cabd-429e-89a9-752b920d70be,a28985ff-49c5-4625-acee-adacb4e59154,Occidente,2026-08-07 07:09:15,2026-08-07 07:19:15,2026-08-07 07:59:15,entregado,7814bc90-b0b8-47d7-afaf-af5aeb7abd42,tarjeta,68244.5,bicicleta,15926.13,6.246973,-75.604355
2775e172-e343-4af6-94de-f7364139f80a,34f9f1b5-bdd0-46e7-b81d-623e9fdf17d8,Chapinero,2026-08-07 07:45:10,2026-08-07 07:51:10,2026-08-07 08:06:10,entregado,f8f6f0d9-c708-4217-bad3-d580bf28fd5f,efectivo,51941.53,moto_electrica,9393.77,6.267062,-75.55556
c7207186-088a-4650-9099-64ef55b22946,b280052f-e245-4d75-adc7-534e8adc988d,Centro,2026-08-07 07:45:13,2026-08-07 08:00:13,2026-08-07 08:41:13,entregado,3a4a49e1-666d-4fe0-be3c-6ffb0dd04f55,efectivo,47061.64,bicicleta,10584.47,6.255163,-75.563205
9841c19f-e9c8-42e6-9690-e0fdf497c36c,53e623f4-bf20-4228-82e3-ee34aa52cc05,Chapinero,2026-08-07 08:04:56,2026-08-07 08:16:56,,en_camino,ae960795-51c3-43fe-8b0c-cd21d3738b27,efectivo,33325.51,moto_electrica,7480.84,6.263799,-75.549273
ab31d166-50b4-4fee-87f5-6ed1a11b168c,3b9ed80e-3c01-457b-bd6e-f8878424b937,Chapinero,2026-08-07 08:43:03,2026-08-07 08:56:03,,en_camino,c37ce403-bebf-4091-b511-62cf4048e8c2,app,42979.18,moto_electrica,9338.02,6.269066,-75.554686
80ef5d3b-79cd-48c9-9f83-51376b21ab03,4bee1913-bb93-433f-b041-83b6d37cbba0,Sur,2026-08-07 08:53:45,2026-08-07 08:59:45,2026-08-07 09:16:45,entregado,df1dce50-5616-4589-9d5f-16212ef42b85,tarjeta,71105.95,moto_electrica,16441.53,6.1682,-75.580648
c75d0676-d0d0-4df7-96f0-38c8109d7783,994850d2-c7f7-4ee7-8182-5507f4e2ad8d,Sur,2026-08-07 10:09:25,2026-08-07 10:14:25,2026-08-07 10:41:25,entregado,45b54b7a-158a-475b-b074-bc304ee06c5f,tarjeta,88775.09,bicicleta,16299.72,6.151615,-75.58938
ff56981a-3d0c-4293-9b3f-c8ffc0cff51e,133e7b9f-2385-4705-9e99-3eb72a0f75cb,Centro,2026-08-07 11:01:53,2026-08-07 11:06:53,2026-08-07 11:46:53,entregado,567b2569-6593-43a6-afb7-944d81edda57,app,46374.12,bicicleta,9251.15,6.249234,-75.568568
9a425964-e4fa-4f7b-b3b6-34dfb537566a,fa03a4c0-a33c-47a6-aa10-616ec3e63346,Norte,2026-08-07 11:25:20,2026-08-07 11:35:20,2026-08-07 12:32:20,entregado,4833d69a-eb17-4595-b943-0c1a439dce6a,efectivo,34165.88,bicicleta,8346.26,6.29016,-75.559006
14b45c19-db46-4d21-b995-75152f200952,d71fd6be-c4b7-4470-ac26-7d00a9f047c9,Sur,2026-08-07 12:35:36,2026-08-07 12:41:36,2026-08-07 12:57:36,entregado,c37ce403-bebf-4091-b511-62cf4048e8c2,tarjeta,47061.9,moto_electrica,9852.62,6.177297,-75.604771
505ddd53-f89a-4e64-9e7d-263faf048f8e,41127643-beb8-48b2-958e-79180a8bf64c,Centro,2026-08-07 12:51:11,2026-08-07 13:05:11,2026-08-07 13:33:11,entregado,9852732d-4628-4e78-ba2e-16d78d91a915,app,56138.46,bicicleta,11839.41,6.244468,-75.55424
27cba1ab-747f-44bf-821a-8a593f7f56e2,f2dfaa5a-f205-4345-92ca-af0a6f5a2de7,Norte,2026-08-07 13:13:08,2026-08-07 13:20:08,2026-08-07 14:17:08,entregado,c946470e-cab4-4e7a-bcca-849685696e98,tarjeta,88620.07,bicicleta,18315.74,6.289767,-75.570519
c3b7814a-ae4c-4628-820d-a2c6586b78fb,8193543e-ba17-4ff3-9344-5f76c2184657,Chapinero,2026-08-07 15:07:22,2026-08-07 15:22:22,2026-08-07 15:59:22,entregado,fc03515f-887a-46b7-a44a-8c0fcb0775be,tarjeta,80925.09,bicicleta,14228.3,6.261995,-75.544845
35820c99-95f1-4d5e-8453-d209b1daa0f4,66379f01-baf4-4625-af97-5671a7553d51,Centro,2026-08-07 15:45:19,2026-08-07 15:49:19,2026-08-07 16:25:19,entregado,fc03515f-887a-46b7-a44a-8c0fcb0775be,app,60311.34,bicicleta,14891.38,6.247075,-75.556267
83fbec97-3e33-43fd-b7b9-8196caac5529,ec199edf-cdc2-4925-8ff2-1f0f224fc41a,Norte,2026-08-07 15:48:02,2026-08-07 15:53:02,,en_camino,683d79f9-8c30-41e0-8b8b-0050b7d22560,app,54340.07,moto_electrica,13368.75,6.27577,-75.57156
bed80496-be6a-4cac-a639-b2cebdb8323c,ec199edf-cdc2-4925-8ff2-1f0f224fc41a,Occidente,2026-08-07 16:43:18,2026-08-07 16:54:18,2026-08-07 17:12:18,entregado,dd0aed03-899f-4d40-91a2-c94ffa9d7e52,tarjeta,41628.9,moto_electrica,10387.08,6.263532,-75.619989
67a39ea8-8256-445f-92a9-f5e59009936f,30010484-56ff-42bf-8c2c-27a95de8dadb,Centro,2026-08-07 17:46:20,2026-08-07 17:56:20,2026-08-07 18:12:20,entregado,7e7763b0-2145-4ea0-99f0-070486f95eff,tarjeta,35027.55,moto_electrica,5349.96,6.254065,-75.560062
eccc9046-46b6-4490-bb62-bbcfd4c0acc5,3eaec931-6c40-439f-b3ae-a324b6ed84ac,Centro,2026-08-07 18:23:32,2026-08-07 18:35:32,2026-08-07 19:07:32,entregado,c7821b64-7aa0-48bf-8b4d-b4728048dd60,tarjeta,91435.75,bicicleta,18223.82,6.25919,-75.554469
a5e512f5-c9c8-4c60-8c47-c33fc7cd9433,9b929e05-3be7-47f5-8987-51f10d07938d,Norte,2026-08-07 20:05:07,2026-08-07 20:09:07,2026-08-07 20:51:07,entregado,65c0052d-e656-48ba-9f6c-ba710d8242eb,tarjeta,88488.91,bicicleta,16884.99,6.28144,-75.570178
f48d4f6d-f769-4902-80a9-64bab9a68912,cde4c37d-3d93-402d-8476-5ac08324b8fc,Occidente,2026-08-07 20:18:03,2026-08-07 20:29:03,2026-08-07 20:59:03,entregado,4a610ffa-babe-4263-9ee4-1ec7d61cdb29,app,64856.25,bicicleta,10029.48,6.26513,-75.603813
cc057863-97fe-44a3-b077-388725d4ddb8,30010484-56ff-42bf-8c2c-27a95de8dadb,Occidente,2026-08-07 20:33:55,2026-08-07 20:35:55,2026-08-07 21:02:55,entregado,eec9c1a6-fa0a-4ee3-bcf5-687cf4ffffd1,efectivo,21671.62,moto_electrica,4420.85,6.267029,-75.603
ce5f3659-0d76-45f8-98bc-bd5711d7b7fd,d9b324e7-1d27-48a5-b73a-8850b01f1da7,Centro,2026-08-07 22:15:57,,,pendiente,,tarjeta,92660.98,bicicleta,23064.32,6.251103,-75.554892
0db314de-36f8-472e-9c57-6abb8f6d1160,bce090af-1112-4cbd-bbaa-873467f9a4fd,Norte,2026-08-07 23:16:08,2026-08-07 23:25:08,2026-08-08 00:01:08,entregado,bb6f84b2-6b62-49d9-ac7c-390723a72a9b,efectivo,67695.51,moto_electrica,14618.27,6.278939,-75.574147
e707305b-65de-40a4-9383-b2489030356f,8f0ac0bd-4c61-4d9c-8a0a-a6c0f2d7227c,Centro,2026-08-08 00:36:56,2026-08-08 00:46:56,2026-08-08 01:04:56,entregado,8dbe836f-3f88-4e02-a3e2-bf2a6a310110,app,49568.48,moto_electrica,10649.68,6.248488,-75.556673
7c9ca4a6-6830-4b59-a394-f431b1b9c905,53e623f4-bf20-4228-82e3-ee34aa52cc05,Centro,2026-08-08 01:36:13,2026-08-08 01:46:13,2026-08-08 02:28:13,entregado,683d79f9-8c30-41e0-8b8b-0050b7d22560,efectivo,43584.13,bicicleta,9765.8,6.254213,-75.566519
b90b6fe9-d91c-41b3-918e-774a8d70b56a,0604c774-2d96-40ec-b987-51c090ef688c,Norte,2026-08-08 01:54:25,2026-08-08 02:05:25,2026-08-08 02:54:25,entregado,8caf803c-0a87-4a8a-88c8-b2e2476e1eeb,app,84143.02,bicicleta,15395.08,6.282077,-75.572997
177c8da8-0850-423a-b7cd-2ba6861e51c6,fa03a4c0-a33c-47a6-aa10-616ec3e63346,Sur,2026-08-08 01:55:45,2026-08-08 02:09:45,2026-08-08 02:51:45,entregado,eec9c1a6-fa0a-4ee3-bcf5-687cf4ffffd1,app,80256.49,bicicleta,18913.42,6.151431,-75.584474
31c55563-1a2a-4b02-89a7-686aa3e39852,1bb9fc1b-4864-44ef-a2b3-5ea92d0e0afa,Sur,2026-08-08 01:56:16,2026-08-08 02:02:16,,en_camino,dd0aed03-899f-4d40-91a2-c94ffa9d7e52,app,85649.26,bicicleta,20348.65,6.162227,-75.593128
d4be18f8-a7dd-494a-b2f9-1ad09f0f56b1,34f9f1b5-bdd0-46e7-b81d-623e9fdf17d8,Occidente,2026-08-08 03:24:23,2026-08-08 03:33:23,,cancelado,683d79f9-8c30-41e0-8b8b-0050b7d22560,app,54896.06,bicicleta,11169.54,6.238371,-75.603566
f4839562-8863-4ba9-97ee-bbc46b67e302,90134b2f-22cb-42bb-8719-e7c7d7271e06,Norte,2026-08-08 03:42:12,2026-08-08 03:56:12,2026-08-08 04:41:12,entregado,2ba6deb3-6f6f-4b15-86fc-06a32886e27a,efectivo,75499.69,bicicleta,13204.57,6.283692,-75.564348
36716a7c-5566-4817-9b32-e9bee66b4953,fd944984-53a0-49d4-9474-ceb6fa280378,Occidente,2026-08-08 04:27:09,2026-08-08 04:36:09,2026-08-08 05:05:09,entregado,45b54b7a-158a-475b-b074-bc304ee06c5f,app,33151.54,moto_electrica,6211.61,6.251879,-75.604091
46ed7afd-c3fb-4a5c-946e-ffacb185f134,d2f47d32-9cdf-43f5-b42e-78288a36515c,Norte,2026-08-08 04:29:42,2026-08-08 04:41:42,2026-08-08 05:23:42,entregado,d3492baf-d484-402d-a53e-ed3ddd5838b9,app,61635.98,moto_electrica,11850.7,6.272128,-75.574662
963ee61f-882a-488a-997c-e027292026a9,bb4ee5cc-800a-45a7-9b16-65e6a83af29c,Chapinero,2026-08-08 04:38:42,2026-08-08 04:46:42,2026-08-08 05:14:42,entregado,8caf803c-0a87-4a8a-88c8-b2e2476e1eeb,tarjeta,87412.06,bicicleta,17981.86,6.263988,-75.545231
aa4b5033-8d76-4e82-ae87-353d3dfbcd1d,937fe017-e232-4857-842b-9c2982b4c987,Norte,2026-08-08 05:58:48,2026-08-08 06:00:48,2026-08-08 06:49:48,entregado,ae960795-51c3-43fe-8b0c-cd21d3738b27,tarjeta,89474.85,bicicleta,21561.47,6.274381,-75.570355
c0b155e1-4333-4057-a40c-dd14dc1c7acc,b2322744-c7c4-49f3-9caa-8df835be917b,Occidente,2026-08-08 06:08:25,2026-08-08 06:20:25,2026-08-08 06:51:25,entregado,9852732d-4628-4e78-ba2e-16d78d91a915,efectivo,82817.51,bicicleta,15169.69,6.249121,-75.603371
15c542f2-a18a-488b-ace7-769dd0247ea8,31403c6d-6d71-4dae-a092-3e351f46b23d,Centro,2026-08-08 06:17:17,2026-08-08 06:22:17,,en_camino,48692700-055f-400c-8687-6573be0be73f,app,31457.67,bicicleta,7579.64,6.255495,-75.565479
97c2037a-f71d-4d6f-906c-304d70b972bc,d75d2cf4-7250-4620-8774-e082750cafca,Occidente,2026-08-08 06:20:21,2026-08-08 06:23:21,2026-08-08 06:54:21,entregado,c946470e-cab4-4e7a-bcca-849685696e98,app,28187.74,bicicleta,4683.38,6.253015,-75.612151
02c4d521-d447-4517-a916-2eb3c83fa819,34580dd8-9397-4dc9-bc4e-757392d1c5fb,Chapinero,2026-08-08 06:27:22,2026-08-08 06:38:22,,en_camino,17e891b7-bc3c-457b-8c87-b29642b7ab70,app,88101.06,moto_electrica,14418.4,6.26976,-75.544971
6db5d23c-fb6b-42c1-a7fd-473aceaabaa4,aecd818b-df62-4138-a5fd-5d3004aa264b,Chapinero,2026-08-08 06:43:43,2026-08-08 06:49:43,2026-08-08 07:28:43,entregado,df1dce50-5616-4589-9d5f-16212ef42b85,efectivo,85229.21,bicicleta,15440.97,6.26513,-75.541035
14917555-7f53-468c-8d1a-89d36bddd060,4602c60c-7f6c-49b6-a894-2f964ce24e73,Sur,2026-08-08 07:39:56,2026-08-08 07:44:56,2026-08-08 08:13:56,entregado,bb6f84b2-6b62-49d9-ac7c-390723a72a9b,efectivo,67410.2,moto_electrica,11081.36,6.176919,-75.592173
42692a7b-5a4f-4440-bcab-b106436a0e90,a5fc4169-f965-493f-a8db-e44edb1d21a7,Norte,2026-08-08 08:12:32,2026-08-08 08:23:32,2026-08-08 09:08:32,entregado,9852732d-4628-4e78-ba2e-16d78d91a915,tarjeta,62810.88,bicicleta,9783.2,6.295273,-75.574817
f132d91f-d47e-412b-b39e-2a9625374377,3f8d1bde-b423-4744-8ce5-b3e0ca57dbac,Centro,2026-08-08 09:56:33,2026-08-08 10:05:33,2026-08-08 10:35:33,entregado,652a1885-2699-4597-afd1-1379a48e1f75,efectivo,30489.9,moto_electrica,6641.8,6.251087,-75.566295
61be7ede-5ac6-4fcf-82b8-2785eafae5fc,9b48ed18-2e2c-49c0-8caf-85c1d0fd941e,Sur,2026-08-08 10:40:14,2026-08-08 10:50:14,2026-08-08 11:20:14,entregado,c37ce403-bebf-4091-b511-62cf4048e8c2,efectivo,52172.4,bicicleta,9970.32,6.178321,-75.592006
d128010b-575a-4caf-b4f2-0079275c0878,937fe017-e232-4857-842b-9c2982b4c987,Centro,2026-08-08 11:05:08,2026-08-08 11:12:08,2026-08-08 11:53:08,entregado,652a1885-2699-4597-afd1-1379a48e1f75,tarjeta,79693.96,bicicleta,19423.83,6.240894,-75.555632
e51cd4ff-07fc-408b-93ce-ac36e0822f85,065ed21a-e960-49f7-928c-facf2bab622a,Sur,2026-08-08 11:13:26,2026-08-08 11:17:26,2026-08-08 11:41:26,entregado,2ba6deb3-6f6f-4b15-86fc-06a32886e27a,efectivo,28975.66,moto_electrica,7201.74,6.178779,-75.584303
b87888e5-4a69-4fe4-9d30-e73254524456,641ead09-0b8f-4038-8289-ef1f96225b9d,Sur,2026-08-08 11:34:32,,,pendiente,,efectivo,81248.71,bicicleta,16384.27,6.153013,-75.58983
66643b71-f370-4dda-a3e5-51413ec7e438,f48478ff-e816-452a-913c-41d06df567f2,Norte,2026-08-08 12:24:50,2026-08-08 12:36:50,2026-08-08 13:11:50,entregado,eec9c1a6-fa0a-4ee3-bcf5-687cf4ffffd1,efectivo,55324.2,moto_electrica,10988.51,6.274734,-75.573064
4f905664-0ef3-4d85-b59c-6bc7b28364d9,bce090af-1112-4cbd-bbaa-873467f9a4fd,Occidente,2026-08-08 13:31:33,2026-08-08 13:38:33,2026-08-08 14:03:33,entregado,c7821b64-7aa0-48bf-8b4d-b4728048dd60,app,38294.99,moto_electrica,7209.7,6.275639,-75.619919
681e9c3c-f75f-4f54-a177-53b8335e1251,219bd9f5-a5f7-46bb-88b4-e9133b083ff7,Sur,2026-08-08 13:46:35,2026-08-08 13:58:35,,en_camino,65c0052d-e656-48ba-9f6c-ba710d8242eb,app,33899.7,bicicleta,6477.55,6.160519,-75.606572
cd864e7a-10cd-4cb8-9df8-eb93c496f355,6a3ea9aa-61e6-4a9b-bb8a-673c32bd53e3,Centro,2026-08-08 14:28:55,2026-08-08 14:34:55,2026-08-08 14:53:55,entregado,8dbe836f-3f88-4e02-a3e2-bf2a6a310110,tarjeta,90674.02,moto_electrica,15392.16,6.250434,-75.568876
9bfff026-19db-40f3-aa62-7b7b591c6b3a,975f478d-4a1e-48cd-b2b3-f923d30b9251,Centro,2026-08-08 15:59:31,2026-08-08 16:12:31,2026-08-08 16:48:31,entregado,7bc55f10-dfa3-425e-be6d-9697b5a6edd0,efectivo,80017.06,bicicleta,18473.49,6.243704,-75.56205
9d35ae0c-f1fe-42d6-8c4d-f7132bd15ae3,2bcc12cb-5d87-4176-a287-3a2aee9351e5,Occidente,2026-08-08 17:20:46,2026-08-08 17:25:46,2026-08-08 17:47:46,entregado,7e7763b0-2145-4ea0-99f0-070486f95eff,efectivo,21365.17,moto_electrica,4960.06,6.231674,-75.61763
a6a0f500-d74a-413e-a1a9-9e77682d1742,651347e4-debe-4831-bdda-7ce4e7067076,Norte,2026-08-08 20:37:48,2026-08-08 20:52:48,2026-08-08 21:32:48,entregado,8dbe836f-3f88-4e02-a3e2-bf2a6a310110,tarjeta,59636.82,moto_electrica,13022.03,6.283274,-75.551074
a118ea66-687d-4a3b-a6ea-c25818cbde09,975f478d-4a1e-48cd-b2b3-f923d30b9251,Centro,2026-08-08 21:06:20,2026-08-08 21:13:20,2026-08-08 21:31:20,entregado,ae960795-51c3-43fe-8b0c-cd21d3738b27,app,58490.51,moto_electrica,13849.35,6.258697,-75.563801
390f645c-0173-460a-9c15-32e00810da61,85d139a7-7a45-49aa-9638-dcd1f5d1c539,Norte,2026-08-08 22:05:02,2026-08-08 22:08:02,2026-08-08 23:02:02,entregado,9852732d-4628-4e78-ba2e-16d78d91a915,tarjeta,36964.13,bicicleta,7780.13,6.274125,-75.566696
02014af9-ae2c-4edf-a85b-abe1b0268b05,5a53097d-77e6-43e0-970b-3e537f059cf8,Chapinero,2026-08-08 23:09:54,2026-08-08 23:24:54,2026-08-08 23:39:54,entregado,3a4a49e1-666d-4fe0-be3c-6ffb0dd04f55,efectivo,68704.44,moto_electrica,16741.76,6.260506,-75.548988
05fc9416-8916-41f9-8054-060ed0681a11,33d96349-be47-4ec3-a139-34ca61add917,Chapinero,2026-08-08 23:18:12,2026-08-08 23:21:12,2026-08-08 23:51:12,entregado,7e7763b0-2145-4ea0-99f0-070486f95eff,app,64876.99,bicicleta,14745.71,6.260498,-75.548366
8b458540-ab0e-41fb-bb71-fb1baf1d2fcf,f2dfaa5a-f205-4345-92ca-af0a6f5a2de7,Norte,2026-08-08 23:42:00,2026-08-08 23:49:00,2026-08-09 00:46:00,entregado,4833d69a-eb17-4595-b943-0c1a439dce6a,tarjeta,40453.36,bicicleta,6096.44,6.281205,-75.552418
2293075c-5bd6-42d4-86b4-fdf0547130de,e45b976f-47d1-4c49-8f29-db5ab7739caa,Chapinero,2026-08-08 23:51:21,2026-08-08 23:53:21,2026-08-09 00:10:21,entregado,ae960795-51c3-43fe-8b0c-cd21d3738b27,app,20516.08,moto_electrica,3749.63,6.269116,-75.559579
43f91d57-5f7f-419d-a557-6d6c704e7786,b08e0f7c-3078-41b9-8e89-00b4e8e31b8d,Chapinero,2026-08-09 00:30:21,2026-08-09 00:40:21,2026-08-09 01:13:21,entregado,c37ce403-bebf-4091-b511-62cf4048e8c2,efectivo,87622.67,bicicleta,13855.78,6.26606,-75.556761
2b092f69-6492-440e-927d-35f263c8092d,06e97137-7dac-45fd-8c25-3d5ffc2931e2,Centro,2026-08-09 01:11:34,2026-08-09 01:22:34,2026-08-09 01:52:34,entregado,df1dce50-5616-4589-9d5f-16212ef42b85,app,82906.6,bicicleta,12815.92,6.241742,-75.5517
ebf34955-a813-42cd-b471-33496398c6ee,fd944984-53a0-49d4-9474-ceb6fa280378,Sur,2026-08-09 01:38:42,2026-08-09 01:53:42,2026-08-09 02:34:42,entregado,c946470e-cab4-4e7a-bcca-849685696e98,efectivo,45849.39,bicicleta,10152.43,6.152482,-75.585607
a370346b-0a1f-4770-983c-e68b71c3bc56,bb4ee5cc-800a-45a7-9b16-65e6a83af29c,Norte,2026-08-09 01:53:15,2026-08-09 02:00:15,2026-08-09 02:51:15,entregado,4833d69a-eb17-4595-b943-0c1a439dce6a,tarjeta,36595.25,bicicleta,7495.05,6.288404,-75.578323
f9d9e839-924e-4688-828e-6e5be535359e,6332c5ab-6d19-41bf-87fa-7ee16a311a73,Chapinero,2026-08-09 06:09:40,,,pendiente,,app,93435.69,moto_electrica,22468.22,6.264999,-75.551661
70deec0b-b886-4c4a-87a8-a114a90f39e1,bce090af-1112-4cbd-bbaa-873467f9a4fd,Norte,2026-08-09 06:43:04,2026-08-09 06:55:04,2026-08-09 07:37:04,entregado,bb6f84b2-6b62-49d9-ac7c-390723a72a9b,efectivo,36595.0,bicicleta,6868.09,6.29999,-75.557722
2bdf6902-eb90-44ad-8db3-47e045884195,d75d2cf4-7250-4620-8774-e082750cafca,Centro,2026-08-09 07:26:56,2026-08-09 07:34:56,2026-08-09 08:08:56,entregado,652a1885-2699-4597-afd1-1379a48e1f75,tarjeta,80673.9,bicicleta,17975.93,6.253828,-75.566138
b7e76b6c-9218-4df4-8377-51603eba4603,9b48ed18-2e2c-49c0-8caf-85c1d0fd941e,Occidente,2026-08-09 08:13:35,2026-08-09 08:19:35,2026-08-09 08:52:35,entregado,8caf803c-0a87-4a8a-88c8-b2e2476e1eeb,app,46817.97,bicicleta,7882.29,6.248009,-75.616669
5022020b-27a2-4e1c-bb25-5ee7553c4fb0,c2117215-2808-47fd-8fc9-330bdba5c03a,Occidente,2026-08-09 08:42:01,2026-08-09 08:51:01,2026-08-09 09:33:01,entregado,df1dce50-5616-4589-9d5f-16212ef42b85,tarjeta,23769.04,bicicleta,3671.45,6.279895,-75.59378
3dda297f-68c0-4354-b8a0-d1dbaea94fa1,245581e8-7f2e-4595-bf4c-7d7b225aaca3,Norte,2026-08-09 08:52:45,2026-08-09 09:05:45,2026-08-09 09:58:45,entregado,f8f6f0d9-c708-4217-bad3-d580bf28fd5f,tarjeta,27418.14,bicicleta,4798.07,6.274554,-75.578799
68c1947e-075e-4a19-8fac-08387c2f396b,ec199edf-cdc2-4925-8ff2-1f0f224fc41a,Chapinero,2026-08-09 09:02:37,2026-08-09 09:11:37,,en_camino,eec9c1a6-fa0a-4ee3-bcf5-687cf4ffffd1,efectivo,36896.6,bicicleta,5949.88,6.2688,-75.544738
fd641d80-aaed-41ff-9fe3-a9540f3efc45,575c8a28-ba91-49bb-a720-b2b5c45d5a33,Occidente,2026-08-09 09:32:28,,,pendiente,,app,48480.03,moto_electrica,9444.42,6.255514,-75.59371
bac34075-46c1-4f6a-86e3-bf242c7abde3,575c8a28-ba91-49bb-a720-b2b5c45d5a33,Norte,2026-08-09 10:31:04,2026-08-09 10:45:04,2026-08-09 11:23:04,entregado,c7821b64-7aa0-48bf-8b4d-b4728048dd60,tarjeta,70058.41,moto_electrica,12337.48,6.280942,-75.577079
a689a7ef-5c2a-4043-a12c-2a3b36cf521e,124884e3-8948-4e50-af07-f6c130335c60,Chapinero,2026-08-09 10:43:09,2026-08-09 10:54:09,2026-08-09 11:14:09,entregado,fc03515f-887a-46b7-a44a-8c0fcb0775be,tarjeta,60751.03,moto_electrica,9626.54,6.261222,-75.556993
1d6fa07f-ca19-4fe9-a2ef-6fbd187992f9,6332c5ab-6d19-41bf-87fa-7ee16a311a73,Chapinero,2026-08-09 11:27:39,2026-08-09 11:29:39,,cancelado,df1dce50-5616-4589-9d5f-16212ef42b85,tarjeta,43945.78,bicicleta,7053.44,6.269544,-75.557697
77bacce8-fc57-403c-b7ca-ed1a2d43f0a7,9b929e05-3be7-47f5-8987-51f10d07938d,Centro,2026-08-09 11:29:50,2026-08-09 11:40:50,2026-08-09 12:17:50,entregado,4833d69a-eb17-4595-b943-0c1a439dce6a,app,92941.92,bicicleta,19980.5,6.255037,-75.557589
a82255e7-e9d0-4ca3-9032-5426fc2b3430,a1e55b58-2600-44cc-9743-bc7ffad4510a,Chapinero,2026-08-09 12:33:57,2026-08-09 12:41:57,,en_camino,d3492baf-d484-402d-a53e-ed3ddd5838b9,tarjeta,62542.96,moto_electrica,14345.97,6.262718,-75.54357
ece03f41-90be-4296-9074-064bac54dd9f,501d52ea-dd62-4c6b-b43e-eb3cd5fa2d37,Sur,2026-08-09 12:45:05,2026-08-09 13:00:05,2026-08-09 13:35:05,entregado,dd0aed03-899f-4d40-91a2-c94ffa9d7e52,efectivo,71294.9,bicicleta,12453.83,6.17728,-75.606148
21b63a8a-c7fa-4350-839b-989de0dfdc0b,bb4ee5cc-800a-45a7-9b16-65e6a83af29c,Chapinero,2026-08-09 13:44:18,2026-08-09 13:50:18,2026-08-09 14:20:18,entregado,17e891b7-bc3c-457b-8c87-b29642b7ab70,tarjeta,57834.24,bicicleta,9149.6,6.264933,-75.555768
972abd51-5013-4b99-a427-d99176e99eef,1bb9fc1b-4864-44ef-a2b3-5ea92d0e0afa,Chapinero,2026-08-09 14:04:09,2026-08-09 14:16:09,2026-08-09 14:40:09,entregado,ddf43472-6d4b-4f43-8038-029005b65044,tarjeta,43001.76,moto_electrica,7660.24,6.26714,-75.546621
3235df7e-79df-4cac-82c9-919b48baf4b9,575c8a28-ba91-49bb-a720-b2b5c45d5a33,Norte,2026-08-09 14:10:43,2026-08-09 14:16:43,2026-08-09 15:00:43,entregado,7bc55f10-dfa3-425e-be6d-9697b5a6edd0,app,78737.36,moto_electrica,12907.83,6.279365,-75.556235
05a8842e-ed0b-4967-8850-4a65d1a40309,641ead09-0b8f-4038-8289-ef1f96225b9d,Sur,2026-08-09 14:16:50,2026-08-09 14:22:50,2026-08-09 14:52:50,entregado,65c0052d-e656-48ba-9f6c-ba710d8242eb,efectivo,27463.24,bicicleta,5705.41,6.153183,-75.583328
21102a46-2c01-4688-adc2-2b2aa138b490,a200fb08-fef7-4a11-b4af-a7fc9c26bc2e,Norte,2026-08-09 16:03:56,2026-08-09 16:15:56,2026-08-09 16:57:56,entregado,c7821b64-7aa0-48bf-8b4d-b4728048dd60,app,57014.57,bicicleta,10055.45,6.297766,-75.561672
9054b43c-5ada-4ffb-84bd-ba3442abc3ef,8193543e-ba17-4ff3-9344-5f76c2184657,Norte,2026-08-09 16:04:44,2026-08-09 16:11:44,2026-08-09 16:53:44,entregado,fc03515f-887a-46b7-a44a-8c0fcb0775be,app,88065.61,bicicleta,14888.36,6.276998,-75.578156
8c8c8b8d-f537-4ba9-9afb-b2aa403e8fe0,501d52ea-dd62-4c6b-b43e-eb3cd5fa2d37,Occidente,2026-08-09 16:53:40,2026-08-09 17:04:40,2026-08-09 17:26:40,entregado,7814bc90-b0b8-47d7-afaf-af5aeb7abd42,app,75143.04,moto_electrica,15026.42,6.264612,-75.60798
bd299baf-cdc5-4128-bbd1-280ef36b56dc,3eaec931-6c40-439f-b3ae-a324b6ed84ac,Occidente,2026-08-09 17:49:48,2026-08-09 17:55:48,2026-08-09 18:17:48,entregado,567b2569-6593-43a6-afb7-944d81edda57,efectivo,88291.33,moto_electrica,20894.13,6.262332,-75.606316
7d142b80-6372-434e-bca6-bd8e4ac14f01,2db7afb4-3544-4567-8108-5861c213f9ed,Norte,2026-08-09 18:34:05,2026-08-09 18:39:05,,en_camino,df1dce50-5616-4589-9d5f-16212ef42b85,tarjeta,65572.42,bicicleta,15135.71,6.289427,-75.552372
cbba5bef-304f-405d-9bb6-7c01afc2e0de,c6b06ff5-5bd5-4cf6-9ab7-14b19aae54c6,Sur,2026-08-09 18:35:13,2026-08-09 18:50:13,,en_camino,7814bc90-b0b8-47d7-afaf-af5aeb7abd42,app,52199.3,moto_electrica,9001.66,6.163541,-75.58438
fb117d0d-5044-495f-82f8-ac6ea4cc7670,1183439d-4b22-4c45-9ada-cbc6d34960d7,Norte,2026-08-09 20:05:59,2026-08-09 20:08:59,,en_camino,4a610ffa-babe-4263-9ee4-1ec7d61cdb29,tarjeta,78845.39,moto_electrica,14300.8,6.297404,-75.578675
8f3e4d7b-c86d-4b3e-ab15-54210f91a267,c9baeee8-18c8-43a5-91a4-eb6a1108ec13,Norte,2026-08-09 20:22:17,2026-08-09 20:28:17,,en_camino,eec9c1a6-fa0a-4ee3-bcf5-687cf4ffffd1,tarjeta,27212.4,moto_electrica,4978.59,6.278724,-75.572954
8654572d-514e-43f5-9159-a69fdd1d767b,6a3ea9aa-61e6-4a9b-bb8a-673c32bd53e3,Sur,2026-08-09 20:24:21,2026-08-09 20:36:21,2026-08-09 20:54:21,entregado,7e7763b0-2145-4ea0-99f0-070486f95eff,efectivo,76033.83,moto_electrica,14735.38,6.160465,-75.597057
ea3f759a-1678-404a-8fbb-1599e28cb626,85d139a7-7a45-49aa-9638-dcd1f5d1c539,Centro,2026-08-09 22:05:33,2026-08-09 22:08:33,2026-08-09 22:42:33,entregado,4a610ffa-babe-4263-9ee4-1ec7d61cdb29,tarjeta,46345.1,bicicleta,10157.66,6.257994,-75.562319
c1e019e2-f11e-4143-ab70-10ce8395fb70,ec199edf-cdc2-4925-8ff2-1f0f224fc41a,Chapinero,2026-08-09 22:07:48,2026-08-09 22:10:48,2026-08-09 22:37:48,entregado,65c0052d-e656-48ba-9f6c-ba710d8242eb,tarjeta,41587.22,bicicleta,9133.33,6.261211,-75.557054
cb665ee7-d8d5-40ce-972c-1c8a197db54e,fde42dcc-b6cc-4f58-995d-e8c613f6c077,Norte,2026-08-09 22:12:34,2026-08-09 22:19:34,2026-08-09 23:01:34,entregado,d3492baf-d484-402d-a53e-ed3ddd5838b9,app,16322.83,bicicleta,3042.07,6.27553,-75.564251
8eec59c5-7a85-4d66-a4ad-235075931141,05f438aa-91cf-4c97-b79d-dca22be98b69,Centro,2026-08-09 23:20:33,2026-08-09 23:31:33,2026-08-10 00:03:33,entregado,48692700-055f-400c-8687-6573be0be73f,app,35935.72,bicicleta,5910.94,6.252901,-75.553283
a86977b8-678b-4c6b-b43c-8d15dd56ddd5,f00e2d66-a77b-4a5b-a16d-97ff62ba0fd3,Chapinero,2026-08-09 23:27:45,2026-08-09 23:30:45,,en_camino,3a4a49e1-666d-4fe0-be3c-6ffb0dd04f55,efectivo,67993.07,bicicleta,11039.05,6.262308,-75.547518
bf625860-2847-4183-a88b-599c1dbb1238,5cce9a92-b20a-48a7-b742-27d2cd0fa666,Sur,2026-08-09 23:40:55,2026-08-09 23:53:55,2026-08-10 00:30:55,entregado,c946470e-cab4-4e7a-bcca-849685696e98,efectivo,76916.09,bicicleta,13946.83,6.151037,-75.59451
131852f5-24cb-4a49-ab7b-f94be8575ea8,da8767ea-5f63-4a99-97c2-d4b473af120b,Chapinero,2026-08-10 00:26:55,2026-08-10 00:40:55,2026-08-10 01:15:55,entregado,df1dce50-5616-4589-9d5f-16212ef42b85,app,53560.13,bicicleta,11949.1,6.260714,-75.548683
41296521-be9c-41bd-a903-4ad3433de897,a07da55a-88bb-45a6-9d6f-bfdacccc0991,Norte,2026-08-10 02:44:53,2026-08-10 02:46:53,2026-08-10 03:30:53,entregado,bb6f84b2-6b62-49d9-ac7c-390723a72a9b,efectivo,75649.58,bicicleta,17703.0,6.292521,-75.571101
f1c4ca6e-3f08-49c2-9ad2-802493598a4c,85d139a7-7a45-49aa-9638-dcd1f5d1c539,Chapinero,2026-08-10 03:50:16,2026-08-10 03:59:16,2026-08-10 04:15:16,entregado,652a1885-2699-4597-afd1-1379a48e1f75,tarjeta,45561.91,moto_electrica,7169.22,6.267457,-75.540213
cdb80bb3-899d-45b0-9f87-327f9dd309ab,34f9f1b5-bdd0-46e7-b81d-623e9fdf17d8,Norte,2026-08-10 03:55:00,2026-08-10 04:04:00,,en_camino,2ba6deb3-6f6f-4b15-86fc-06a32886e27a,tarjeta,32054.31,bicicleta,5076.33,6.298488,-75.569737
b90b5cbd-ad43-48df-aadf-b4842d732cb6,01137935-0af8-4f24-8ee9-07632cb39eee,Centro,2026-08-10 04:41:59,2026-08-10 04:43:59,2026-08-10 05:13:59,entregado,bb6f84b2-6b62-49d9-ac7c-390723a72a9b,tarjeta,37223.37,moto_electrica,7130.88,6.248921,-75.555142
fd3f05ae-2796-47c5-857e-1e6f4f1b1bdf,9b929e05-3be7-47f5-8987-51f10d07938d,Occidente,2026-08-10 06:02:40,2026-08-10 06:11:40,2026-08-10 06:31:40,entregado,c946470e-cab4-4e7a-bcca-849685696e98,efectivo,53935.32,moto_electrica,9193.97,6.267038,-75.616162
e3eb7ae0-0f9c-4baf-89e7-a1216e097f6a,1bb9fc1b-4864-44ef-a2b3-5ea92d0e0afa,Sur,2026-08-10 07:50:31,2026-08-10 08:05:31,2026-08-10 08:24:31,entregado,d3492baf-d484-402d-a53e-ed3ddd5838b9,efectivo,23090.8,moto_electrica,4073.83,6.168157,-75.580519
e6a4a638-23ac-4fce-a53c-231104a4b8d4,219bd9f5-a5f7-46bb-88b4-e9133b083ff7,Sur,2026-08-10 07:51:13,2026-08-10 08:01:13,,cancelado,8dbe836f-3f88-4e02-a3e2-bf2a6a310110,efectivo,81240.18,bicicleta,15859.69,6.16397,-75.601847
b60bc17f-7731-4faa-936f-99d37cdec984,a1e55b58-2600-44cc-9743-bc7ffad4510a,Occidente,2026-08-10 08:09:49,,,cancelado,,efectivo,21929.04,bicicleta,4706.11,6.239455,-75.594001
2a7addd9-2cef-4f1f-b372-b6463ec8161e,54233927-6db7-4079-8943-602740d70b79,Sur,2026-08-10 08:29:47,2026-08-10 08:34:47,2026-08-10 08:50:47,entregado,ae960795-51c3-43fe-8b0c-cd21d3738b27,app,27901.76,moto_electrica,4271.81,6.161163,-75.605761
0281d2a9-1d23-4ae3-8499-b6ff22d7d20f,53e623f4-bf20-4228-82e3-ee34aa52cc05,Sur,2026-08-10 10:06:33,2026-08-10 10:13:33,,cancelado,4833d69a-eb17-4595-b943-0c1a439dce6a,app,78407.22,bicicleta,13160.13,6.175208,-75.60977
65443b71-2db2-49a0-96f1-da4dff004a88,6a3ea9aa-61e6-4a9b-bb8a-673c32bd53e3,Sur,2026-08-10 12:12:49,2026-08-10 12:15:49,2026-08-10 12:31:49,entregado,c7821b64-7aa0-48bf-8b4d-b4728048dd60,tarjeta,35281.38,moto_electrica,5577.84,6.163893,-75.607375
89e06dca-4e90-40e1-bcae-65a02b2549fd,31403c6d-6d71-4dae-a092-3e351f46b23d,Occidente,2026-08-10 14:31:21,2026-08-10 14:37:21,2026-08-10 15:14:21,entregado,3a4a49e1-666d-4fe0-be3c-6ffb0dd04f55,app,74979.66,bicicleta,18137.23,6.239049,-75.593553
470c7617-93b2-4cdd-8f0d-3a26fdd66513,64402c49-ecbf-46cc-87ae-13215db14f7d,Sur,2026-08-10 15:07:52,2026-08-10 15:09:52,2026-08-10 15:39:52,entregado,dd0aed03-899f-4d40-91a2-c94ffa9d7e52,tarjeta,81089.4,bicicleta,17975.28,6.170004,-75.592103
eff1fda4-a23e-4940-87a8-3603e41ed86c,7d75a9ec-1aa7-433b-920a-65483447d468,Occidente,2026-08-10 16:21:27,2026-08-10 16:25:27,2026-08-10 16:46:27,entregado,7bc55f10-dfa3-425e-be6d-9697b5a6edd0,efectivo,21193.13,moto_electrica,4974.83,6.271615,-75.607409
382b6e4e-977c-4039-99ae-14a1d56a5149,501d52ea-dd62-4c6b-b43e-eb3cd5fa2d37,Chapinero,2026-08-10 16:37:28,2026-08-10 16:48:28,2026-08-10 17:10:28,entregado,df1dce50-5616-4589-9d5f-16212ef42b85,tarjeta,21547.59,moto_electrica,3782.66,6.265896,-75.549061
154ad466-060a-467c-9c84-d746699758ba,34f9f1b5-bdd0-46e7-b81d-623e9fdf17d8,Occidente,2026-08-10 17:39:17,2026-08-10 17:44:17,2026-08-10 18:00:17,entregado,bb6f84b2-6b62-49d9-ac7c-390723a72a9b,app,70785.23,moto_electrica,12682.3,6.276707,-75.591498
1b6122ec-c9a0-44e1-acea-c933f9899484,245581e8-7f2e-4595-bf4c-7d7b225aaca3,Sur,2026-08-10 21:38:51,2026-08-10 21:50:51,2026-08-10 22:29:51,entregado,8dbe836f-3f88-4e02-a3e2-bf2a6a310110,tarjeta,92725.68,bicicleta,14344.49,6.172858,-75.597343
26588647-6fd6-45dc-84f9-146762dc5626,4bee1913-bb93-433f-b041-83b6d37cbba0,Centro,2026-08-10 21:55:17,2026-08-10 22:09:17,2026-08-10 22:45:17,entregado,652a1885-2699-4597-afd1-1379a48e1f75,efectivo,77554.04,bicicleta,15745.17,6.259759,-75.562429
0b68f0e0-4ff9-4da4-a3a7-50b6779d4264,6c7dcc33-6f64-4bae-a30c-600099b54f33,Chapinero,2026-08-10 22:23:08,2026-08-10 22:38:08,2026-08-10 23:10:08,entregado,4fb4b86b-6657-418f-9af0-05576b82420b,app,82858.2,bicicleta,19846.57,6.267035,-75.551796
c752eea8-8808-47bb-baf9-91bcd6417754,8f0ac0bd-4c61-4d9c-8a0a-a6c0f2d7227c,Sur,2026-08-10 22:25:16,2026-08-10 22:29:16,2026-08-10 22:53:16,entregado,652a1885-2699-4597-afd1-1379a48e1f75,app,16961.77,moto_electrica,2827.61,6.164153,-75.600679
f8e7f1e9-273b-4eef-a081-57edbb8e438b,e933ff4c-ee9c-4811-81b0-36ecf8c6f87a,Chapinero,2026-08-11 00:28:02,2026-08-11 00:39:02,2026-08-11 00:55:02,entregado,c7821b64-7aa0-48bf-8b4d-b4728048dd60,app,92845.07,moto_electrica,16189.44,6.262967,-75.553645
31f8d035-889e-41b6-a534-adfad93ae5ed,a1e55b58-2600-44cc-9743-bc7ffad4510a,Sur,2026-08-11 03:10:42,2026-08-11 03:18:42,2026-08-11 03:49:42,entregado,7bc55f10-dfa3-425e-be6d-9697b5a6edd0,app,62962.32,bicicleta,13695.55,6.154048,-75.60224
c18f3c9c-f09b-4676-9e27-5975b734bfc2,3f8d1bde-b423-4744-8ce5-b3e0ca57dbac,Centro,2026-08-11 04:27:57,2026-08-11 04:42:57,2026-08-11 04:58:57,entregado,8dbe836f-3f88-4e02-a3e2-bf2a6a310110,tarjeta,74032.56,moto_electrica,15270.23,6.247306,-75.558275
4b3ea23d-f0e7-40de-9489-b2b63da78b92,245581e8-7f2e-4595-bf4c-7d7b225aaca3,Chapinero,2026-08-11 05:37:46,2026-08-11 05:41:46,2026-08-11 06:19:46,entregado,9852732d-4628-4e78-ba2e-16d78d91a915,efectivo,70835.91,bicicleta,12162.48,6.263755,-75.542163
053336df-622b-4043-8fa5-3102c4a8746f,34580dd8-9397-4dc9-bc4e-757392d1c5fb,Norte,2026-08-11 05:57:02,,,pendiente,,tarjeta,93003.1,bicicleta,19649.74,6.273057,-75.568084
cf71453b-0e37-448b-97d8-cc8ae5844a02,48bc34d2-7f99-4cca-8c08-2dc33d442d18,Occidente,2026-08-11 06:17:52,2026-08-11 06:28:52,2026-08-11 06:57:52,entregado,2ba6deb3-6f6f-4b15-86fc-06a32886e27a,efectivo,66820.14,bicicleta,14038.02,6.271209,-75.616383
effd3df5-3bde-470a-a31c-903c20a3c485,8193543e-ba17-4ff3-9344-5f76c2184657,Chapinero,2026-08-11 06:54:08,2026-08-11 07:01:08,2026-08-11 07:37:08,entregado,c946470e-cab4-4e7a-bcca-849685696e98,tarjeta,67099.18,bicicleta,15295.07,6.269865,-75.545276
8db746dd-78d5-4289-9688-d3f0490407bc,937fe017-e232-4857-842b-9c2982b4c987,Norte,2026-08-11 07:34:19,2026-08-11 07:39:19,2026-08-11 08:24:19,entregado,eec9c1a6-fa0a-4ee3-bcf5-687cf4ffffd1,efectivo,75110.23,moto_electrica,17882.76,6.281332,-75.566696
01b9f23e-54ef-4fde-98b1-44a4ab48969a,a4be7243-5dfa-45d2-818a-54607daa3daa,Chapinero,2026-08-11 07:34:53,2026-08-11 07:38:53,2026-08-11 08:05:53,entregado,7814bc90-b0b8-47d7-afaf-af5aeb7abd42,efectivo,61359.76,moto_electrica,11774.76,6.267963,-75.552623
86083b48-13fa-4073-abc8-54aa804b268c,8c4b07f3-4be0-4550-a487-d5bfdfe98e97,Chapinero,2026-08-11 07:40:23,2026-08-11 07:53:23,2026-08-11 08:23:23,entregado,eec9c1a6-fa0a-4ee3-bcf5-687cf4ffffd1,tarjeta,28555.61,bicicleta,5439.0,6.262261,-75.541103
c227e9bd-be11-4183-8479-48d0f00b21e9,d71fd6be-c4b7-4470-ac26-7d00a9f047c9,Chapinero,2026-08-11 07:43:52,2026-08-11 07:57:52,2026-08-11 08:35:52,entregado,567b2569-6593-43a6-afb7-944d81edda57,tarjeta,78896.19,bicicleta,14035.72,6.260163,-75.543976
d218813f-2a2f-468d-a140-30f83e9266ef,245581e8-7f2e-4595-bf4c-7d7b225aaca3,Norte,2026-08-11 08:37:31,2026-08-11 08:50:31,2026-08-11 09:23:31,entregado,ddf43472-6d4b-4f43-8038-029005b65044,app,89053.83,moto_electrica,21142.96,6.286205,-75.562319
be4b2227-0fb3-43b1-b9d9-052cad7d28fc,3eaec931-6c40-439f-b3ae-a324b6ed84ac,Centro,2026-08-11 09:27:41,2026-08-11 09:37:41,2026-08-11 10:08:41,entregado,dd0aed03-899f-4d40-91a2-c94ffa9d7e52,tarjeta,49925.5,bicicleta,12075.07,6.24643,-75.56813
e852912b-3132-4eb4-a3e9-b267258cc8f5,fde42dcc-b6cc-4f58-995d-e8c613f6c077,Occidente,2026-08-11 09:46:32,2026-08-11 09:53:32,2026-08-11 10:23:32,entregado,7e7763b0-2145-4ea0-99f0-070486f95eff,tarjeta,58954.12,moto_electrica,9826.27,6.255812,-75.604934
98f444a8-f054-4e9b-b7bf-c83545c52736,9b929e05-3be7-47f5-8987-51f10d07938d,Sur,2026-08-11 10:06:54,2026-08-11 10:15:54,2026-08-11 10:38:54,entregado,dd0aed03-899f-4d40-91a2-c94ffa9d7e52,efectivo,70629.64,moto_electrica,11373.93,6.154536,-75.606078
c2e9d0c7-d68d-4ea0-99f8-3703e8c55881,01137935-0af8-4f24-8ee9-07632cb39eee,Norte,2026-08-11 10:58:10,2026-08-11 11:10:10,2026-08-11 11:53:10,entregado,9852732d-4628-4e78-ba2e-16d78d91a915,efectivo,33381.48,moto_electrica,7738.77,6.281917,-75.565847
cc91eb0d-ba90-48d2-926d-96e0b211664d,d93054ed-cd47-4d20-aed5-d5b5d35ef806,Norte,2026-08-11 12:19:12,,,pendiente,,tarjeta,65074.75,bicicleta,13508.86,6.27025,-75.575759
667bdc9e-5073-4921-84b2-6d3f61bcb753,5cce9a92-b20a-48a7-b742-27d2cd0fa666,Chapinero,2026-08-11 13:17:29,2026-08-11 13:25:29,2026-08-11 13:54:29,entregado,eec9c1a6-fa0a-4ee3-bcf5-687cf4ffffd1,efectivo,60695.62,moto_electrica,9877.11,6.263904,-75.542497
17667ffb-9e14-4ad7-a2dd-4c6ca0807e11,0bf86823-cb4c-48f8-8917-ae330525c6d5,Centro,2026-08-11 14:10:46,2026-08-11 14:13:46,2026-08-11 14:48:46,entregado,4fb4b86b-6657-418f-9af0-05576b82420b,tarjeta,25157.99,bicicleta,3947.74,6.245281,-75.55584
4d1ec7b5-d899-4bde-846e-b66e3754f812,5a53097d-77e6-43e0-970b-3e537f059cf8,Occidente,2026-08-11 15:13:51,2026-08-11 15:21:51,2026-08-11 15:51:51,entregado,eec9c1a6-fa0a-4ee3-bcf5-687cf4ffffd1,app,26466.92,moto_electrica,5370.66,6.279285,-75.616858
d2be06e6-e24c-4bcb-875a-0dc02a3ddd2f,975f478d-4a1e-48cd-b2b3-f923d30b9251,Chapinero,2026-08-11 15:14:38,2026-08-11 15:17:38,2026-08-11 15:36:38,entregado,4a610ffa-babe-4263-9ee4-1ec7d61cdb29,efectivo,44696.26,moto_electrica,6796.08,6.265498,-75.547493
f320ef44-4dd1-4a5f-b4d2-5d5542459557,01137935-0af8-4f24-8ee9-07632cb39eee,Chapinero,2026-08-11 15:37:54,2026-08-11 15:48:54,2026-08-11 16:30:54,entregado,f8f6f0d9-c708-4217-bad3-d580bf28fd5f,tarjeta,67537.79,bicicleta,13486.1,6.261582,-75.559581
5abe7bc7-767a-4249-91b9-67ed33537d00,41127643-beb8-48b2-958e-79180a8bf64c,Centro,2026-08-11 15:54:42,2026-08-11 16:02:42,2026-08-11 16:27:42,entregado,2ba6deb3-6f6f-4b15-86fc-06a32886e27a,app,94284.73,moto_electrica,21284.67,6.254294,-75.56901
1a9360bd-b04a-4bf6-98d0-3f339ef3d323,64402c49-ecbf-46cc-87ae-13215db14f7d,Chapinero,2026-08-11 15:57:53,,,pendiente,,efectivo,60279.83,moto_electrica,10192.8,6.264733,-75.558303
3e387c48-fce4-4aa8-af0f-4b4f3b8e34b3,5cce9a92-b20a-48a7-b742-27d2cd0fa666,Occidente,2026-08-11 18:21:31,2026-08-11 18:32:31,2026-08-11 18:55:31,entregado,ddf43472-6d4b-4f43-8038-029005b65044,tarjeta,41491.56,moto_electrica,8495.1,6.273029,-75.615629
e24881b8-e79c-4b37-a2cb-d89db2b2f9a0,1183439d-4b22-4c45-9ada-cbc6d34960d7,Occidente,2026-08-11 19:00:44,2026-08-11 19:08:44,2026-08-11 19:33:44,entregado,4833d69a-eb17-4595-b943-0c1a439dce6a,app,69713.53,moto_electrica,16841.29,6.274373,-75.60667
1315f14d-8dae-40a6-b05e-c24d418a5af9,a76b46d5-3d05-4c09-9857-29ce77b7ebf6,Norte,2026-08-11 19:02:19,2026-08-11 19:08:19,2026-08-11 20:00:19,entregado,f8f6f0d9-c708-4217-bad3-d580bf28fd5f,efectivo,85352.55,bicicleta,19590.29,6.276833,-75.561907
c0d7bba5-d553-4d65-b92d-fcd4196a2dac,d75d2cf4-7250-4620-8774-e082750cafca,Norte,2026-08-11 19:18:54,2026-08-11 19:22:54,,en_camino,bb6f84b2-6b62-49d9-ac7c-390723a72a9b,tarjeta,27364.34,bicicleta,4916.52,6.287447,-75.560325
ed52b21c-806e-41bd-945c-76c9b4dc8c97,133e7b9f-2385-4705-9e99-3eb72a0f75cb,Sur,2026-08-11 20:05:06,,,pendiente,,efectivo,74024.23,moto_electrica,13943.18,6.15663,-75.60383
c142701c-872a-4e20-a255-17b45b5b07f1,13e0122f-67ce-494f-8347-6975e8c8f54e,Norte,2026-08-11 20:41:44,2026-08-11 20:46:44,2026-08-11 21:21:44,entregado,eec9c1a6-fa0a-4ee3-bcf5-687cf4ffffd1,app,17530.9,moto_electrica,3751.03,6.28337,-75.575961
d8468c03-5bb4-4e56-9925-c857f9443b02,e14bdbbd-1b66-47ce-a156-94fef926e48d,Occidente,2026-08-11 21:03:02,2026-08-11 21:07:02,2026-08-11 21:39:02,entregado,eec9c1a6-fa0a-4ee3-bcf5-687cf4ffffd1,efectivo,71389.96,bicicleta,12868.98,6.25067,-75.595187
aa593f61-5311-4f32-b8d7-dd88508f2d61,9b929e05-3be7-47f5-8987-51f10d07938d,Sur,2026-08-11 21:04:55,2026-08-11 21:07:55,2026-08-11 21:29:55,entregado,683d79f9-8c30-41e0-8b8b-0050b7d22560,efectivo,26405.25,moto_electrica,5082.88,6.173779,-75.585819
b5d8a4ba-af53-4db2-a8f9-9327ea31f883,937fe017-e232-4857-842b-9c2982b4c987,Centro,2026-08-11 22:07:03,2026-08-11 22:18:03,2026-08-11 22:45:03,entregado,3a4a49e1-666d-4fe0-be3c-6ffb0dd04f55,app,19827.79,bicicleta,3356.74,6.254665,-75.568827
1672cc8b-b199-48dc-baaa-287ea8374a94,5cce9a92-b20a-48a7-b742-27d2cd0fa666,Sur,2026-08-11 22:33:41,2026-08-11 22:48:41,2026-08-11 23:20:41,entregado,9852732d-4628-4e78-ba2e-16d78d91a915,tarjeta,64081.85,bicicleta,10993.38,6.171757,-75.608179
1b5c5d12-4625-4be0-b444-6a3773d63e98,f5dd7f93-442b-4f9f-b4d8-50c8af7475e5,Occidente,2026-08-11 22:33:44,2026-08-11 22:43:44,2026-08-11 23:25:44,entregado,7814bc90-b0b8-47d7-afaf-af5aeb7abd42,app,56190.77,bicicleta,12900.14,6.266162,-75.597376
0908b315-0b78-40df-a67e-b0f5193096a4,d75d2cf4-7250-4620-8774-e082750cafca,Centro,2026-08-11 22:39:34,2026-08-11 22:41:34,,en_camino,7bc55f10-dfa3-425e-be6d-9697b5a6edd0,tarjeta,84593.74,bicicleta,13324.96,6.243111,-75.561182
2fb2a941-9ee2-4dc5-b4bf-071951556002,34f9f1b5-bdd0-46e7-b81d-623e9fdf17d8,Chapinero,2026-08-11 23:05:18,2026-08-11 23:10:18,,en_camino,3a4a49e1-666d-4fe0-be3c-6ffb0dd04f55,tarjeta,72047.81,bicicleta,12830.77,6.267403,-75.553615
b1ab5286-17a3-440f-8918-6aca5096609b,0604c774-2d96-40ec-b987-51c090ef688c,Centro,2026-08-11 23:33:51,2026-08-11 23:39:51,2026-08-12 00:11:51,entregado,4a610ffa-babe-4263-9ee4-1ec7d61cdb29,app,93141.15,bicicleta,18609.84,6.250035,-75.551718
306ac0e5-4e47-47a6-9ab3-6ed22bb04b76,c1c45866-47a2-47f7-b1e6-4dfecbbdda25,Chapinero,2026-08-11 23:42:41,2026-08-11 23:57:41,2026-08-12 00:32:41,entregado,c7821b64-7aa0-48bf-8b4d-b4728048dd60,efectivo,54797.92,bicicleta,13121.53,6.263279,-75.541104
5c04580f-0682-4ec1-8924-c27515081627,41127643-beb8-48b2-958e-79180a8bf64c,Chapinero,2026-08-11 23:58:35,2026-08-12 00:09:35,2026-08-12 00:33:35,entregado,8caf803c-0a87-4a8a-88c8-b2e2476e1eeb,efectivo,88623.78,moto_electrica,17233.13,6.266903,-75.554702
264e72ec-4766-4ad1-858a-0c2419604b83,fd944984-53a0-49d4-9474-ceb6fa280378,Occidente,2026-08-12 01:35:42,2026-08-12 01:42:42,2026-08-12 02:13:42,entregado,ae960795-51c3-43fe-8b0c-cd21d3738b27,app,76741.7,bicicleta,13853.34,6.261419,-75.601549
ae14f068-1790-4674-93b9-229962d9f94a,b2322744-c7c4-49f3-9caa-8df835be917b,Chapinero,2026-08-12 02:39:52,2026-08-12 02:43:52,2026-08-12 03:12:52,entregado,683d79f9-8c30-41e0-8b8b-0050b7d22560,app,76387.94,moto_electrica,13308.68,6.268598,-75.541268
4f536bdc-9ad1-4bd7-b2b0-64423cd2c56d,e14bdbbd-1b66-47ce-a156-94fef926e48d,Centro,2026-08-12 03:01:02,2026-08-12 03:13:02,2026-08-12 03:52:02,entregado,567b2569-6593-43a6-afb7-944d81edda57,tarjeta,91032.31,bicicleta,14358.68,6.241818,-75.556859
f590d702-85e4-4344-9af5-e5cd058b9840,cde4c37d-3d93-402d-8476-5ac08324b8fc,Centro,2026-08-12 03:20:38,2026-08-12 03:25:38,2026-08-12 03:50:38,entregado,4a610ffa-babe-4263-9ee4-1ec7d61cdb29,efectivo,27404.27,moto_electrica,5119.45,6.245011,-75.5563
b848b59d-5109-4451-b0a6-67eff1366915,3eaec931-6c40-439f-b3ae-a324b6ed84ac,Chapinero,2026-08-12 03:47:32,2026-08-12 03:52:32,2026-08-12 04:11:32,entregado,683d79f9-8c30-41e0-8b8b-0050b7d22560,tarjeta,57244.5,moto_electrica,10799.09,6.266969,-75.554877
6ec4fbfe-db4d-46ce-a55f-5d81a3196274,31403c6d-6d71-4dae-a092-3e351f46b23d,Centro,2026-08-12 04:37:15,2026-08-12 04:51:15,2026-08-12 05:11:15,entregado,4833d69a-eb17-4595-b943-0c1a439dce6a,efectivo,19714.32,moto_electrica,4382.09,6.248759,-75.55157
6289b474-c189-4cba-8676-81f13a4b8d7e,cde4c37d-3d93-402d-8476-5ac08324b8fc,Norte,2026-08-12 04:46:57,2026-08-12 04:53:57,2026-08-12 05:46:57,entregado,683d79f9-8c30-41e0-8b8b-0050b7d22560,app,27187.27,bicicleta,4440.7,6.278433,-75.572518
5bfa5c26-fb7e-4226-be2e-158228632632,6332c5ab-6d19-41bf-87fa-7ee16a311a73,Norte,2026-08-12 06:02:16,2026-08-12 06:13:16,2026-08-12 07:02:16,entregado,3a4a49e1-666d-4fe0-be3c-6ffb0dd04f55,tarjeta,41093.09,bicicleta,6382.9,6.276692,-75.56362
f98611d8-d0b5-462b-a807-b85c726b63c2,c868f96d-ea66-42c6-ab2c-c8e836b35c37,Chapinero,2026-08-12 06:35:37,2026-08-12 06:41:37,2026-08-12 07:10:37,entregado,dd0aed03-899f-4d40-91a2-c94ffa9d7e52,tarjeta,71579.77,bicicleta,15575.43,6.263726,-75.547779
91ebe58e-1fcf-42e8-966d-fd26aab1523d,8193543e-ba17-4ff3-9344-5f76c2184657,Centro,2026-08-12 07:07:27,2026-08-12 07:21:27,2026-08-12 07:53:27,entregado,17e891b7-bc3c-457b-8c87-b29642b7ab70,app,19181.06,bicicleta,4538.22,6.246079,-75.562518
334da387-cc6d-4eec-a3ae-97d79ef18a53,a1e55b58-2600-44cc-9743-bc7ffad4510a,Chapinero,2026-08-12 07:09:07,2026-08-12 07:22:07,2026-08-12 08:02:07,entregado,c7821b64-7aa0-48bf-8b4d-b4728048dd60,app,55266.6,bicicleta,10080.34,6.26006,-75.541392
ce587d93-71c4-4f27-bc72-40eeb532f1c8,41127643-beb8-48b2-958e-79180a8bf64c,Norte,2026-08-12 08:13:05,2026-08-12 08:16:05,2026-08-12 09:08:05,entregado,dd0aed03-899f-4d40-91a2-c94ffa9d7e52,app,82990.75,bicicleta,14270.87,6.2876,-75.563975
0668ec4c-f139-4511-a840-687b3f086540,06e97137-7dac-45fd-8c25-3d5ffc2931e2,Norte,2026-08-12 10:20:40,2026-08-12 10:33:40,2026-08-12 11:15:40,entregado,8caf803c-0a87-4a8a-88c8-b2e2476e1eeb,efectivo,86697.48,moto_electrica,15262.59,6.273399,-75.563187
5ae72c41-c2d9-4c09-92b0-1f74b0d20801,133e7b9f-2385-4705-9e99-3eb72a0f75cb,Norte,2026-08-12 11:15:29,2026-08-12 11:24:29,2026-08-12 12:05:29,entregado,df1dce50-5616-4589-9d5f-16212ef42b85,efectivo,40314.8,moto_electrica,6257.84,6.276886,-75.575226
8a5943c4-6b1e-4bc9-ab73-35e4668c0659,a4be7243-5dfa-45d2-818a-54607daa3daa,Centro,2026-08-12 11:39:04,2026-08-12 11:45:04,,en_camino,dd0aed03-899f-4d40-91a2-c94ffa9d7e52,app,74283.88,moto_electrica,16466.67,6.258724,-75.559685
d315eb67-abb3-4933-bb1c-0fb203710e11,219bd9f5-a5f7-46bb-88b4-e9133b083ff7,Norte,2026-08-12 13:28:49,2026-08-12 13:43:49,2026-08-12 14:25:49,entregado,683d79f9-8c30-41e0-8b8b-0050b7d22560,efectivo,15075.59,moto_electrica,3263.02,6.294115,-75.552996
25463c52-680a-4926-a3e7-1e56379d709e,5a53097d-77e6-43e0-970b-3e537f059cf8,Centro,2026-08-12 13:56:21,2026-08-12 14:01:21,,en_camino,4833d69a-eb17-4595-b943-0c1a439dce6a,efectivo,58968.04,bicicleta,11832.46,6.24263,-75.561987
9580f07e-d52d-4aad-abfd-655e1efd5885,e933ff4c-ee9c-4811-81b0-36ecf8c6f87a,Centro,2026-08-12 14:14:53,2026-08-12 14:17:53,,en_camino,9852732d-4628-4e78-ba2e-16d78d91a915,tarjeta,72448.85,bicicleta,12526.42,6.259759,-75.558547
1a6b4343-ef7d-485d-bc88-d35659657003,cde4c37d-3d93-402d-8476-5ac08324b8fc,Chapinero,2026-08-12 14:21:25,,,pendiente,,efectivo,54928.51,moto_electrica,13278.09,6.266923,-75.556537
a07b4759-9e84-4a1d-aaca-d0da91243c76,2bcc12cb-5d87-4176-a287-3a2aee9351e5,Occidente,2026-08-12 14:33:06,2026-08-12 14:43:06,2026-08-12 15:17:06,entregado,ddf43472-6d4b-4f43-8038-029005b65044,tarjeta,31541.27,bicicleta,5590.07,6.257328,-75.60233
e0e5f7fb-05fb-4bc5-8b98-75b4e5bcea93,64435586-3152-4620-8118-8c603a6994f4,Sur,2026-08-12 15:58:18,2026-08-12 16:06:18,2026-08-12 16:28:18,entregado,fc03515f-887a-46b7-a44a-8c0fcb0775be,tarjeta,84631.28,moto_electrica,16662.98,6.164261,-75.602196
a7ace5d7-a16b-41da-8f3f-afe401753642,e933ff4c-ee9c-4811-81b0-36ecf8c6f87a,Chapinero,2026-08-12 16:24:54,2026-08-12 16:36:54,2026-08-12 17:18:54,entregado,dd0aed03-899f-4d40-91a2-c94ffa9d7e52,efectivo,55264.2,bicicleta,8431.48,6.26573,-75.552418
d42ab83e-383f-4f6f-b895-090d01f3c41f,28146250-cf6a-4026-b1f9-b6628c2d8c60,Occidente,2026-08-12 17:39:15,2026-08-12 17:44:15,2026-08-12 18:18:15,entregado,652a1885-2699-4597-afd1-1379a48e1f75,tarjeta,17139.69,bicicleta,3570.23,6.248618,-75.602392
653fe20d-2079-4568-a9c1-e6894711a54b,065ed21a-e960-49f7-928c-facf2bab622a,Sur,2026-08-12 19:01:43,2026-08-12 19:15:43,2026-08-12 19:48:43,entregado,4fb4b86b-6657-418f-9af0-05576b82420b,tarjeta,92553.79,bicicleta,22980.84,6.159302,-75.591472
47fbef37-1faa-466c-97e6-7d5b2b697cec,219bd9f5-a5f7-46bb-88b4-e9133b083ff7,Norte,2026-08-12 20:08:27,2026-08-12 20:18:27,2026-08-12 20:58:27,entregado,eec9c1a6-fa0a-4ee3-bcf5-687cf4ffffd1,tarjeta,83636.03,moto_electrica,13851.37,6.275125,-75.560644
a1762e00-e114-4a7a-9785-969144da8001,c0865051-d7c6-4a00-b5f5-c553e05e7b6f,Occidente,2026-08-12 20:31:10,2026-08-12 20:39:10,2026-08-12 21:16:10,entregado,7814bc90-b0b8-47d7-afaf-af5aeb7abd42,efectivo,86570.7,bicicleta,16962.29,6.251725,-75.60977
6f38cfc3-c724-434c-abd1-9571e195b16a,c2117215-2808-47fd-8fc9-330bdba5c03a,Occidente,2026-08-12 20:32:40,2026-08-12 20:44:40,2026-08-12 21:07:40,entregado,683d79f9-8c30-41e0-8b8b-0050b7d22560,app,75074.05,moto_electrica,14874.76,6.27121,-75.60988
947be607-c89e-434c-bbe8-12b6bd994745,cab0f77c-6a9c-4833-ab98-ff5e181a7e8c,Sur,2026-08-12 21:59:09,2026-08-12 22:12:09,,en_camino,3a4a49e1-666d-4fe0-be3c-6ffb0dd04f55,app,73355.55,moto_electrica,17870.81,6.15468,-75.607493
2cd59ff4-57f1-4053-a702-91a7b71e4ba3,e933ff4c-ee9c-4811-81b0-36ecf8c6f87a,Norte,2026-08-12 22:24:51,2026-08-12 22:29:51,,cancelado,7e7763b0-2145-4ea0-99f0-070486f95eff,app,42202.89,moto_electrica,6462.42,6.271446,-75.571606
13c50e86-48da-4f41-b3c0-7180e2ac8ce6,c2117215-2808-47fd-8fc9-330bdba5c03a,Chapinero,2026-08-12 22:31:01,2026-08-12 22:44:01,2026-08-12 23:11:01,entregado,8caf803c-0a87-4a8a-88c8-b2e2476e1eeb,tarjeta,88584.23,moto_electrica,13980.95,6.26355,-75.54517
290e2eba-0469-4f93-b1f0-72c303c590b9,8b9a8480-24e2-4d18-aa2c-dd9488b5a08f,Centro,2026-08-12 23:21:54,2026-08-12 23:35:54,2026-08-13 00:02:54,entregado,c7821b64-7aa0-48bf-8b4d-b4728048dd60,tarjeta,34081.57,bicicleta,5769.69,6.245726,-75.556989
8f146159-57a3-486d-a59a-a109668b0246,8f0ac0bd-4c61-4d9c-8a0a-a6c0f2d7227c,Occidente,2026-08-12 23:48:51,2026-08-13 00:03:51,2026-08-13 00:40:51,entregado,d3492baf-d484-402d-a53e-ed3ddd5838b9,efectivo,35136.4,bicicleta,7961.49,6.246023,-75.609988
c219a15b-aa0e-4874-b818-1416ec3a0315,33d96349-be47-4ec3-a139-34ca61add917,Occidente,2026-08-13 00:15:43,2026-08-13 00:23:43,2026-08-13 00:53:43,entregado,683d79f9-8c30-41e0-8b8b-0050b7d22560,efectivo,47220.01,moto_electrica,9819.14,6.240514,-75.603678
fed41609-bb03-4e14-a492-0cbc40c196db,6a3ea9aa-61e6-4a9b-bb8a-673c32bd53e3,Centro,2026-08-13 00:31:23,2026-08-13 00:37:23,2026-08-13 01:04:23,entregado,567b2569-6593-43a6-afb7-944d81edda57,app,82974.14,bicicleta,14970.4,6.245242,-75.558293
9ad5b27b-a471-46e4-922a-c698fc605e0c,56eef3c1-26f4-4db0-ae36-a001ada2aa7a,Sur,2026-08-13 01:00:41,2026-08-13 01:07:41,,en_camino,c946470e-cab4-4e7a-bcca-849685696e98,app,81544.11,bicicleta,18170.89,6.151936,-75.584796
4def7e3a-ade7-44b7-94c8-f011f64f7b97,8f0ac0bd-4c61-4d9c-8a0a-a6c0f2d7227c,Centro,2026-08-13 01:27:41,2026-08-13 01:41:41,2026-08-13 02:06:41,entregado,eec9c1a6-fa0a-4ee3-bcf5-687cf4ffffd1,tarjeta,16339.97,moto_electrica,3358.47,6.255922,-75.564204
c0411e76-d006-47b5-8c63-ef237b1f884f,f00e2d66-a77b-4a5b-a16d-97ff62ba0fd3,Chapinero,2026-08-13 02:14:38,2026-08-13 02:27:38,,en_camino,dd0aed03-899f-4d40-91a2-c94ffa9d7e52,efectivo,44668.9,moto_electrica,8563.76,6.264243,-75.552366
d4bd5f14-d788-45e4-a8c9-75f20b6c95ab,13e0122f-67ce-494f-8347-6975e8c8f54e,Chapinero,2026-08-13 02:35:17,2026-08-13 02:45:17,2026-08-13 03:07:17,entregado,48692700-055f-400c-8687-6573be0be73f,app,19779.71,moto_electrica,3574.19,6.269308,-75.553732
b24dd80c-bee1-4cfd-af2d-9b731f37c1d4,1183439d-4b22-4c45-9ada-cbc6d34960d7,Sur,2026-08-13 02:58:09,2026-08-13 03:01:09,2026-08-13 03:20:09,entregado,8caf803c-0a87-4a8a-88c8-b2e2476e1eeb,tarjeta,32170.69,moto_electrica,5390.17,6.178761,-75.609666
5fd6e212-1c07-484c-b2bf-4be389ed2386,b2322744-c7c4-49f3-9caa-8df835be917b,Chapinero,2026-08-13 03:14:03,2026-08-13 03:17:03,2026-08-13 03:35:03,entregado,7e7763b0-2145-4ea0-99f0-070486f95eff,app,85680.73,moto_electrica,19489.34,6.261974,-75.553344
b26b8d40-dc23-42f6-8ecb-1ed15a2126e8,56eef3c1-26f4-4db0-ae36-a001ada2aa7a,Sur,2026-08-13 03:32:43,2026-08-13 03:42:43,2026-08-13 03:59:43,entregado,567b2569-6593-43a6-afb7-944d81edda57,app,52015.55,moto_electrica,9940.47,6.152026,-75.609139
67dab1f8-e818-451b-ac36-fa18ef1d0b4f,994850d2-c7f7-4ee7-8182-5507f4e2ad8d,Centro,2026-08-13 04:12:56,2026-08-13 04:15:56,,en_camino,c37ce403-bebf-4091-b511-62cf4048e8c2,efectivo,47288.74,moto_electrica,7914.34,6.256384,-75.567448
b6509de9-5d6b-4b9a-997a-505cfe76ba3c,c0865051-d7c6-4a00-b5f5-c553e05e7b6f,Sur,2026-08-13 04:14:40,2026-08-13 04:27:40,2026-08-13 05:09:40,entregado,c946470e-cab4-4e7a-bcca-849685696e98,app,69751.21,bicicleta,15930.13,6.159555,-75.582538
b0de2657-9c23-4513-80fa-68730694fcbd,651347e4-debe-4831-bdda-7ce4e7067076,Chapinero,2026-08-13 04:46:51,2026-08-13 04:56:51,2026-08-13 05:17:51,entregado,f8f6f0d9-c708-4217-bad3-d580bf28fd5f,app,55936.81,moto_electrica,11284.1,6.265523,-75.543647
98aa6c08-5c07-4d7e-9b2e-8b0e4d8e7c56,f2dfaa5a-f205-4345-92ca-af0a6f5a2de7,Centro,2026-08-13 04:51:21,2026-08-13 04:57:21,2026-08-13 05:24:21,entregado,567b2569-6593-43a6-afb7-944d81edda57,tarjeta,39451.81,moto_electrica,9036.78,6.245085,-75.550459
aa41bbc1-3379-4101-8954-2ff123aa16ab,07710594-2e0c-40d8-9ddb-2a4227d3d41a,Sur,2026-08-13 06:06:23,2026-08-13 06:09:23,,en_camino,2ba6deb3-6f6f-4b15-86fc-06a32886e27a,tarjeta,23894.8,bicicleta,5872.12,6.167572,-75.600493
f5b934b0-2f17-4efb-9d0e-7a68febf669b,3b9ed80e-3c01-457b-bd6e-f8878424b937,Norte,2026-08-13 07:05:53,2026-08-13 07:16:53,2026-08-13 07:52:53,entregado,17e891b7-bc3c-457b-8c87-b29642b7ab70,app,17169.59,moto_electrica,3161.08,6.292407,-75.560053
e16f46bc-5530-4c0d-b7cd-620bbe22e066,fa03a4c0-a33c-47a6-aa10-616ec3e63346,Chapinero,2026-08-13 07:24:18,2026-08-13 07:39:18,,en_camino,c946470e-cab4-4e7a-bcca-849685696e98,app,61118.15,bicicleta,14552.23,6.26446,-75.544215
61114b3c-6525-4dac-a925-6e80c71c460c,54233927-6db7-4079-8943-602740d70b79,Occidente,2026-08-13 07:36:13,2026-08-13 07:49:13,,en_camino,bb6f84b2-6b62-49d9-ac7c-390723a72a9b,app,32124.97,bicicleta,5989.81,6.246148,-75.592166
90ea4286-dc4c-4299-8d2d-5a8baaf04d88,a76b46d5-3d05-4c09-9857-29ce77b7ebf6,Occidente,2026-08-13 09:10:05,,,pendiente,,efectivo,47702.01,moto_electrica,10099.38,6.269268,-75.604864
c8dada6d-0572-4447-9ef1-fd78b5547f73,214122ff-3ed0-4ee7-b22f-e1e1b8f04e7e,Centro,2026-08-13 09:18:48,2026-08-13 09:23:48,2026-08-13 09:59:48,entregado,652a1885-2699-4597-afd1-1379a48e1f75,efectivo,64489.23,bicicleta,9823.73,6.259161,-75.554847
5d97a66f-e655-4f55-a540-9eee2bb9d9d2,b08e0f7c-3078-41b9-8e89-00b4e8e31b8d,Chapinero,2026-08-13 10:20:24,2026-08-13 10:34:24,2026-08-13 11:16:24,entregado,bb6f84b2-6b62-49d9-ac7c-390723a72a9b,tarjeta,61033.1,bicicleta,13365.97,6.263749,-75.547928
a70f9d0b-ddff-46f4-998b-af416cde2021,9b48ed18-2e2c-49c0-8caf-85c1d0fd941e,Centro,2026-08-13 11:47:21,2026-08-13 12:00:21,,en_camino,2ba6deb3-6f6f-4b15-86fc-06a32886e27a,tarjeta,27632.27,bicicleta,5156.99,6.24994,-75.551543
7cc2a001-0c72-4505-9fe2-28e83de4cdae,e3d7ed4c-b628-4a8e-a070-6cb9dcb5d8d0,Norte,2026-08-13 12:16:36,,,cancelado,,app,28053.2,bicicleta,5183.16,6.28977,-75.568682
3211cc9b-6bac-4bf6-8c05-aa583d1bd24d,214122ff-3ed0-4ee7-b22f-e1e1b8f04e7e,Norte,2026-08-13 12:17:13,2026-08-13 12:28:13,2026-08-13 13:06:13,entregado,567b2569-6593-43a6-afb7-944d81edda57,app,37833.51,moto_electrica,8382.35,6.295287,-75.568693
a3881538-d491-41b9-adc9-6c7b06fdc22e,3846dadb-18c0-49fe-9be8-725b48a79373,Centro,2026-08-13 14:07:35,2026-08-13 14:18:35,2026-08-13 14:52:35,entregado,8dbe836f-3f88-4e02-a3e2-bf2a6a310110,efectivo,52909.89,bicicleta,9167.72,6.255002,-75.550722
6da8b795-6aca-4389-bfb4-9245bde77310,85376b3d-bf0a-462c-9812-374620e92e59,Sur,2026-08-13 14:32:59,2026-08-13 14:35:59,2026-08-13 15:02:59,entregado,c37ce403-bebf-4091-b511-62cf4048e8c2,app,88832.78,moto_electrica,14985.03,6.158284,-75.592094
eca241ae-2657-45c4-ab72-c515dab0ca1b,4602c60c-7f6c-49b6-a894-2f964ce24e73,Chapinero,2026-08-13 14:36:11,2026-08-13 14:43:11,2026-08-13 15:01:11,entregado,9852732d-4628-4e78-ba2e-16d78d91a915,app,91523.34,moto_electrica,21098.84,6.265934,-75.54461
e191e477-3423-4baa-bc33-eb8cc79f5827,66379f01-baf4-4625-af97-5671a7553d51,Norte,2026-08-13 14:36:13,,,pendiente,,tarjeta,80506.03,bicicleta,17801.61,6.276216,-75.579261
c0277f03-5389-47d6-82d2-1b35fed477e8,f00e2d66-a77b-4a5b-a16d-97ff62ba0fd3,Norte,2026-08-13 16:29:39,2026-08-13 16:31:39,2026-08-13 17:02:39,entregado,65c0052d-e656-48ba-9f6c-ba710d8242eb,efectivo,75020.36,moto_electrica,15527.13,6.270084,-75.559546
b86c9d28-7cb1-449c-b9cb-27a8ceb97e71,4602c60c-7f6c-49b6-a894-2f964ce24e73,Centro,2026-08-13 16:35:37,2026-08-13 16:45:37,2026-08-13 17:14:37,entregado,eec9c1a6-fa0a-4ee3-bcf5-687cf4ffffd1,efectivo,20431.93,bicicleta,3799.11,6.248073,-75.554816
87164a56-ef96-482c-ad57-34824a225cd5,31403c6d-6d71-4dae-a092-3e351f46b23d,Occidente,2026-08-13 17:17:48,,,pendiente,,efectivo,86651.56,moto_electrica,17454.51,6.258608,-75.617017
4c5c8414-423d-4c0a-a042-1ab4c4004a68,51890d3e-a96b-4fa2-9f0e-7f00344b0997,Occidente,2026-08-13 19:17:37,2026-08-13 19:23:37,2026-08-13 19:42:37,entregado,683d79f9-8c30-41e0-8b8b-0050b7d22560,efectivo,93214.68,moto_electrica,17439.08,6.271294,-75.617812
f3b9336f-7bb7-4c93-9692-b8cfed655a88,2f140e7e-0b9b-4cce-b801-9e5693a57e67,Occidente,2026-08-13 20:13:09,2026-08-13 20:22:09,2026-08-13 20:40:09,entregado,f8f6f0d9-c708-4217-bad3-d580bf28fd5f,efectivo,21073.08,moto_electrica,3215.98,6.236293,-75.61323
5bda205b-9261-42f1-8474-0debec592457,c2117215-2808-47fd-8fc9-330bdba5c03a,Chapinero,2026-08-13 21:19:52,2026-08-13 21:34:52,2026-08-13 21:59:52,entregado,8dbe836f-3f88-4e02-a3e2-bf2a6a310110,efectivo,30462.72,moto_electrica,5232.72,6.261051,-75.547976
b50d63d2-85c8-4fd2-b7cc-a1b24238f925,532946ef-c978-4995-b94c-d3c989755106,Norte,2026-08-13 22:23:34,2026-08-13 22:28:34,2026-08-13 23:10:34,entregado,fc03515f-887a-46b7-a44a-8c0fcb0775be,app,58937.11,moto_electrica,11051.05,6.270905,-75.55114
6b695787-4d8a-4354-9d1c-ab1a4e06403c,3846dadb-18c0-49fe-9be8-725b48a79373,Centro,2026-08-13 22:41:26,2026-08-13 22:53:26,,en_camino,48692700-055f-400c-8687-6573be0be73f,app,27332.06,moto_electrica,5250.4,6.252483,-75.561378
e643f3ab-f79b-428c-8eff-8395454c1410,3b9ed80e-3c01-457b-bd6e-f8878424b937,Occidente,2026-08-13 22:59:58,2026-08-13 23:09:58,,en_camino,17e891b7-bc3c-457b-8c87-b29642b7ab70,efectivo,25693.97,bicicleta,4517.17,6.279304,-75.613357
7e058de0-2055-4f33-afbc-e748dcbcb5c4,936e2d19-1a08-4f47-80a6-3332265a04f3,Chapinero,2026-08-13 23:51:49,2026-08-14 00:06:49,2026-08-14 00:35:49,entregado,d3492baf-d484-402d-a53e-ed3ddd5838b9,efectivo,32257.46,moto_electrica,8005.4,6.268963,-75.559475
756da60e-3fac-4905-8099-ebd04ffbb4c0,d71fd6be-c4b7-4470-ac26-7d00a9f047c9,Chapinero,2026-08-14 02:25:48,2026-08-14 02:31:48,2026-08-14 02:47:48,entregado,c7821b64-7aa0-48bf-8b4d-b4728048dd60,app,29223.74,moto_electrica,6277.19,6.260198,-75.543222
7f0d7b54-8d24-4f1a-90f9-c9adcd3829d5,c5392279-bee4-46f6-9a0a-50b84b29381b,Chapinero,2026-08-14 02:59:59,2026-08-14 03:06:59,2026-08-14 03:31:59,entregado,f8f6f0d9-c708-4217-bad3-d580bf28fd5f,efectivo,41705.82,moto_electrica,9043.75,6.269711,-75.541264
b63b5d89-002d-4728-b6be-0d8e3557bca5,b2322744-c7c4-49f3-9caa-8df835be917b,Chapinero,2026-08-14 03:05:36,2026-08-14 03:08:36,,en_camino,9852732d-4628-4e78-ba2e-16d78d91a915,efectivo,50589.64,moto_electrica,10219.12,6.264364,-75.558584
6e4ff5db-3333-402b-beb2-235ac8612401,0cecba19-546d-45bc-a482-e679d7148b85,Norte,2026-08-14 04:46:25,2026-08-14 04:49:25,2026-08-14 05:43:25,entregado,45b54b7a-158a-475b-b074-bc304ee06c5f,tarjeta,29106.76,bicicleta,5324.0,6.277922,-75.566059
8eaffcf7-8595-479b-b64b-9bd0717c5092,85d139a7-7a45-49aa-9638-dcd1f5d1c539,Chapinero,2026-08-14 05:12:56,2026-08-14 05:24:56,2026-08-14 05:53:56,entregado,567b2569-6593-43a6-afb7-944d81edda57,efectivo,64647.38,moto_electrica,12731.73,6.260729,-75.540041
0a4c761a-2a97-4403-9d0e-7017e023c561,0604c774-2d96-40ec-b987-51c090ef688c,Centro,2026-08-14 06:40:50,2026-08-14 06:52:50,2026-08-14 07:09:50,entregado,65c0052d-e656-48ba-9f6c-ba710d8242eb,efectivo,16998.68,moto_electrica,3605.06,6.256533,-75.551914
34d931c7-3347-4e63-8e3a-e57423152ca7,a07da55a-88bb-45a6-9d6f-bfdacccc0991,Chapinero,2026-08-14 08:29:44,2026-08-14 08:34:44,2026-08-14 09:15:44,entregado,eec9c1a6-fa0a-4ee3-bcf5-687cf4ffffd1,app,31221.6,bicicleta,6626.1,6.26582,-75.542832
7807adaa-7104-4f14-93d3-bac8c21cfb18,a07da55a-88bb-45a6-9d6f-bfdacccc0991,Norte,2026-08-14 08:46:19,2026-08-14 08:48:19,2026-08-14 09:32:19,entregado,dd0aed03-899f-4d40-91a2-c94ffa9d7e52,tarjeta,87650.06,bicicleta,19994.9,6.291954,-75.559176
4f91b359-3f6b-4d7b-8040-9b8fc184312d,0cecba19-546d-45bc-a482-e679d7148b85,Norte,2026-08-14 10:10:46,2026-08-14 10:15:46,2026-08-14 10:49:46,entregado,7e7763b0-2145-4ea0-99f0-070486f95eff,tarjeta,72442.61,moto_electrica,12116.65,6.297729,-75.571326
b860f384-fc33-4c66-8b06-4a81e1a3660a,6c7dcc33-6f64-4bae-a30c-600099b54f33,Sur,2026-08-14 10:12:16,2026-08-14 10:18:16,2026-08-14 10:48:16,entregado,7e7763b0-2145-4ea0-99f0-070486f95eff,app,30698.63,moto_electrica,7235.94,6.150996,-75.609055
6de21a65-18c0-48e5-ad1f-922a1bb1f8ef,28146250-cf6a-4026-b1f9-b6628c2d8c60,Norte,2026-08-14 12:51:56,,,cancelado,,tarjeta,18823.5,moto_electrica,3648.46,6.286845,-75.552
bcc64666-78c5-4714-88d3-d06c58711eee,f00e2d66-a77b-4a5b-a16d-97ff62ba0fd3,Centro,2026-08-14 12:57:33,,,pendiente,,app,41787.52,moto_electrica,10057.89,6.251532,-75.551706
1abf8b94-1117-4348-b338-5253ee77c9e2,e933ff4c-ee9c-4811-81b0-36ecf8c6f87a,Centro,2026-08-14 13:12:24,2026-08-14 13:19:24,,en_camino,8caf803c-0a87-4a8a-88c8-b2e2476e1eeb,app,17612.29,moto_electrica,4074.58,6.251038,-75.55594
4a7e30c2-5d45-41fd-a29c-0759d67d67c4,64435586-3152-4620-8118-8c603a6994f4,Chapinero,2026-08-14 13:15:23,2026-08-14 13:27:23,2026-08-14 13:55:23,entregado,f8f6f0d9-c708-4217-bad3-d580bf28fd5f,efectivo,17976.09,bicicleta,2788.94,6.26123,-75.540427
3c0dc173-b6da-466e-a8d9-35d9352ac930,e933ff4c-ee9c-4811-81b0-36ecf8c6f87a,Occidente,2026-08-14 13:38:26,2026-08-14 13:52:26,,en_camino,ddf43472-6d4b-4f43-8038-029005b65044,tarjeta,51723.04,bicicleta,9066.62,6.277417,-75.608299
7b17bb66-dc85-4d2f-8bff-4efc8291bb50,f742a46d-f918-41e0-be90-30f40dc4d68f,Sur,2026-08-14 13:55:19,2026-08-14 14:03:19,2026-08-14 14:20:19,entregado,f8f6f0d9-c708-4217-bad3-d580bf28fd5f,efectivo,39510.54,moto_electrica,8030.27,6.158959,-75.602849
8f8bebf1-f3b6-4f8b-874e-515c34fb64f6,124884e3-8948-4e50-af07-f6c130335c60,Norte,2026-08-14 14:18:41,2026-08-14 14:26:41,2026-08-14 15:11:41,entregado,652a1885-2699-4597-afd1-1379a48e1f75,efectivo,47173.14,bicicleta,7670.49,6.279325,-75.573574
83237768-c403-41a0-b479-d474ee68e7a0,5a53097d-77e6-43e0-970b-3e537f059cf8,Occidente,2026-08-14 14:34:29,2026-08-14 14:43:29,2026-08-14 14:58:29,entregado,4a610ffa-babe-4263-9ee4-1ec7d61cdb29,app,33736.23,moto_electrica,7008.48,6.250528,-75.592662
5c20643a-c51c-4f43-be90-b2d9886a8a71,065ed21a-e960-49f7-928c-facf2bab622a,Occidente,2026-08-14 16:21:04,2026-08-14 16:32:04,2026-08-14 17:02:04,entregado,eec9c1a6-fa0a-4ee3-bcf5-687cf4ffffd1,tarjeta,28915.45,moto_electrica,4790.22,6.259003,-75.615534
57c8cc3e-981c-4903-83a9-0df3ec31c7d8,06e97137-7dac-45fd-8c25-3d5ffc2931e2,Chapinero,2026-08-14 18:25:54,2026-08-14 18:32:54,,en_camino,d3492baf-d484-402d-a53e-ed3ddd5838b9,app,56384.24,bicicleta,11217.9,6.260389,-75.547701
87dff595-5a0b-4de6-8b9d-752d8574f1d7,641ead09-0b8f-4038-8289-ef1f96225b9d,Chapinero,2026-08-14 18:50:57,2026-08-14 18:55:57,2026-08-14 19:26:57,entregado,48692700-055f-400c-8687-6573be0be73f,tarjeta,21118.78,bicicleta,5082.69,6.260674,-75.550706
07901e28-b54f-47c6-a63e-9b8cdefad2ed,31403c6d-6d71-4dae-a092-3e351f46b23d,Norte,2026-08-14 19:44:35,2026-08-14 19:46:35,2026-08-14 20:17:35,entregado,7e7763b0-2145-4ea0-99f0-070486f95eff,app,75420.1,moto_electrica,15773.21,6.284855,-75.55893
2972c439-b386-4b36-ae8f-26c1436e2db6,7d75a9ec-1aa7-433b-920a-65483447d468,Centro,2026-08-14 20:39:57,2026-08-14 20:46:57,2026-08-14 21:16:57,entregado,c7821b64-7aa0-48bf-8b4d-b4728048dd60,efectivo,15123.91,moto_electrica,3720.09,6.259292,-75.561985
50f19011-3032-49f1-8363-29fe5904a4d4,9b48ed18-2e2c-49c0-8caf-85c1d0fd941e,Occidente,2026-08-14 21:01:33,2026-08-14 21:10:33,2026-08-14 21:39:33,entregado,567b2569-6593-43a6-afb7-944d81edda57,app,33036.81,moto_electrica,7991.34,6.265531,-75.59666
52118152-aae7-46b4-9596-63d74e56b9ca,b2322744-c7c4-49f3-9caa-8df835be917b,Norte,2026-08-14 21:52:33,2026-08-14 22:06:33,2026-08-14 22:49:33,entregado,bb6f84b2-6b62-49d9-ac7c-390723a72a9b,app,82138.47,bicicleta,13314.24,6.293487,-75.557771
f08be597-8c4b-464e-87eb-3309a6c03c34,d75d2cf4-7250-4620-8774-e082750cafca,Chapinero,2026-08-14 22:00:54,2026-08-14 22:11:54,2026-08-14 22:45:54,entregado,c946470e-cab4-4e7a-bcca-849685696e98,tarjeta,45497.25,bicicleta,11373.94,6.262321,-75.547253
bf12b2c4-bec7-4003-9929-b185e1a4d2f2,651347e4-debe-4831-bdda-7ce4e7067076,Sur,2026-08-14 22:14:58,2026-08-14 22:22:58,2026-08-14 22:57:58,entregado,4a610ffa-babe-4263-9ee4-1ec7d61cdb29,efectivo,36182.89,bicicleta,7677.84,6.167629,-75.604333
140ca85b-e98d-473b-aa81-00eaed20eaa0,64435586-3152-4620-8118-8c603a6994f4,Sur,2026-08-14 22:31:37,2026-08-14 22:38:37,2026-08-14 23:19:37,entregado,ae960795-51c3-43fe-8b0c-cd21d3738b27,tarjeta,25247.79,bicicleta,5584.58,6.170388,-75.602377
3dad11bc-85d4-4ce3-bb98-ec0c45e12d21,34580dd8-9397-4dc9-bc4e-757392d1c5fb,Chapinero,2026-08-14 23:25:38,2026-08-14 23:32:38,2026-08-15 00:02:38,entregado,7814bc90-b0b8-47d7-afaf-af5aeb7abd42,efectivo,44139.88,bicicleta,6820.84,6.260964,-75.552767
59798b8e-f9be-4239-a4db-2851040a15de,7b93bed4-ad49-4ae0-b9c6-73325f042816,Occidente,2026-08-14 23:50:37,2026-08-15 00:01:37,2026-08-15 00:31:37,entregado,2ba6deb3-6f6f-4b15-86fc-06a32886e27a,app,85172.82,moto_electrica,20703.14,6.264816,-75.617399
4921e7e6-9465-41c0-9e9c-2bdc5c5ec819,31403c6d-6d71-4dae-a092-3e351f46b23d,Norte,2026-08-14 23:54:29,2026-08-15 00:08:29,2026-08-15 00:52:29,entregado,8dbe836f-3f88-4e02-a3e2-bf2a6a310110,tarjeta,24699.96,moto_electrica,4576.49,6.295751,-75.565896
e57e31f9-b2d0-43d2-a7ea-1cabf89843eb,64402c49-ecbf-46cc-87ae-13215db14f7d,Centro,2026-08-15 00:25:58,2026-08-15 00:33:58,2026-08-15 00:54:58,entregado,df1dce50-5616-4589-9d5f-16212ef42b85,app,43593.52,moto_electrica,8529.19,6.258064,-75.567889
7466faab-0b22-4d63-9090-091731608da3,641ead09-0b8f-4038-8289-ef1f96225b9d,Occidente,2026-08-15 01:28:25,,,pendiente,,app,87621.4,bicicleta,13767.82,6.27728,-75.592438
b18ce37f-e60a-44a7-ae1b-a66232b84d03,bce090af-1112-4cbd-bbaa-873467f9a4fd,Sur,2026-08-15 01:56:51,2026-08-15 02:03:51,2026-08-15 02:45:51,entregado,f8f6f0d9-c708-4217-bad3-d580bf28fd5f,app,66191.41,bicicleta,15488.94,6.167128,-75.596785
03ff2836-189d-4be2-932b-7fb5ec1f147e,245581e8-7f2e-4595-bf4c-7d7b225aaca3,Norte,2026-08-15 02:30:48,2026-08-15 02:41:48,2026-08-15 03:36:48,entregado,7bc55f10-dfa3-425e-be6d-9697b5a6edd0,efectivo,55233.59,bicicleta,10188.43,6.281238,-75.560688
e284a512-947d-47b5-8d59-bfa3fde70ce3,05f438aa-91cf-4c97-b79d-dca22be98b69,Occidente,2026-08-15 02:54:50,2026-08-15 02:58:50,2026-08-15 03:25:50,entregado,bb6f84b2-6b62-49d9-ac7c-390723a72a9b,efectivo,73111.17,moto_electrica,12632.78,6.275465,-75.592747
6e2585f4-99ac-40ac-a4bc-c273b73b0da2,9b929e05-3be7-47f5-8987-51f10d07938d,Norte,2026-08-15 04:06:26,2026-08-15 04:10:26,2026-08-15 04:52:26,entregado,45b54b7a-158a-475b-b074-bc304ee06c5f,efectivo,64697.79,moto_electrica,9833.51,6.275616,-75.570595
0317d69d-95fe-46cf-81f1-dea9bea60ec8,85d139a7-7a45-49aa-9638-dcd1f5d1c539,Chapinero,2026-08-15 05:34:35,2026-08-15 05:48:35,2026-08-15 06:27:35,entregado,fc03515f-887a-46b7-a44a-8c0fcb0775be,tarjeta,44242.8,bicicleta,6895.43,6.262311,-75.543451
123be8e4-26e6-45a0-92ac-319eb70c90b8,2493b729-731e-4c01-a114-f6dfc717faa7,Centro,2026-08-15 06:02:50,2026-08-15 06:07:50,2026-08-15 06:40:50,entregado,fc03515f-887a-46b7-a44a-8c0fcb0775be,app,68913.1,bicicleta,10423.24,6.254921,-75.553715
9350457a-7c5d-4983-a002-968e7d6255cb,fd944984-53a0-49d4-9474-ceb6fa280378,Sur,2026-08-15 06:04:15,2026-08-15 06:10:15,2026-08-15 06:49:15,entregado,45b54b7a-158a-475b-b074-bc304ee06c5f,app,49959.98,bicicleta,12217.38,6.176211,-75.605707
fdb963a6-8ca9-4a23-8a5b-fca8f1d9d174,7d75a9ec-1aa7-433b-920a-65483447d468,Centro,2026-08-15 06:09:59,2026-08-15 06:13:59,2026-08-15 06:31:59,entregado,4833d69a-eb17-4595-b943-0c1a439dce6a,efectivo,18440.58,moto_electrica,3289.46,6.258191,-75.560731
50df81ed-092c-4b64-9dfa-448774e659a0,a5fc4169-f965-493f-a8db-e44edb1d21a7,Centro,2026-08-15 06:24:16,2026-08-15 06:32:16,2026-08-15 07:07:16,entregado,c37ce403-bebf-4091-b511-62cf4048e8c2,tarjeta,70254.9,bicicleta,12583.99,6.244324,-75.554542
76af5d41-ca6a-4137-835f-3e251b58331f,9b929e05-3be7-47f5-8987-51f10d07938d,Occidente,2026-08-15 06:57:24,2026-08-15 07:08:24,2026-08-15 07:40:24,entregado,8caf803c-0a87-4a8a-88c8-b2e2476e1eeb,tarjeta,57340.65,bicicleta,13657.68,6.278043,-75.603879
ed79e80a-78cf-46e2-999c-03d002ca37c0,a28985ff-49c5-4625-acee-adacb4e59154,Chapinero,2026-08-15 07:38:38,2026-08-15 07:40:38,2026-08-15 08:22:38,entregado,652a1885-2699-4597-afd1-1379a48e1f75,efectivo,69810.28,bicicleta,16759.39,6.264892,-75.556333
ef6beec7-ba51-4dc7-8c7d-def22b2c1ae1,1bb9fc1b-4864-44ef-a2b3-5ea92d0e0afa,Chapinero,2026-08-15 08:54:40,,,cancelado,,tarjeta,57681.18,bicicleta,11598.58,6.269634,-75.559038
0f797e71-6079-4895-975a-ecb565f0d8f3,fde42dcc-b6cc-4f58-995d-e8c613f6c077,Sur,2026-08-15 08:57:41,2026-08-15 09:12:41,2026-08-15 09:38:41,entregado,d3492baf-d484-402d-a53e-ed3ddd5838b9,app,45462.02,moto_electrica,10953.2,6.161453,-75.58257
6eb6be31-5068-4884-b255-a3494a27d321,33d96349-be47-4ec3-a139-34ca61add917,Sur,2026-08-15 08:59:39,2026-08-15 09:09:39,,en_camino,7bc55f10-dfa3-425e-be6d-9697b5a6edd0,efectivo,79465.35,bicicleta,12209.74,6.16249,-75.602734
8df4df0f-b7b4-4874-baf1-83487b39a9fb,d2f47d32-9cdf-43f5-b42e-78288a36515c,Centro,2026-08-15 09:19:30,2026-08-15 09:34:30,2026-08-15 09:52:30,entregado,45b54b7a-158a-475b-b074-bc304ee06c5f,efectivo,59376.78,moto_electrica,11722.64,6.246503,-75.556707
a88aa8ca-38e1-4339-b070-75ccde5569c3,b280052f-e245-4d75-adc7-534e8adc988d,Sur,2026-08-15 09:35:24,,,pendiente,,efectivo,78025.41,bicicleta,15837.94,6.174921,-75.60082
7d757a8f-5717-4d3f-9dcd-7af7aa5e1a86,28146250-cf6a-4026-b1f9-b6628c2d8c60,Centro,2026-08-15 10:05:00,,,pendiente,,app,50573.71,bicicleta,8039.64,6.25174,-75.565108
658220a4-9e0d-48f6-9fa1-d35c07aa52ee,3b9ed80e-3c01-457b-bd6e-f8878424b937,Occidente,2026-08-15 10:25:43,2026-08-15 10:28:43,2026-08-15 10:55:43,entregado,c7821b64-7aa0-48bf-8b4d-b4728048dd60,app,82302.19,bicicleta,20299.75,6.267463,-75.604698
e1f54c0a-b558-45a2-9787-5e9c6b999f9e,d75d2cf4-7250-4620-8774-e082750cafca,Centro,2026-08-15 11:03:37,2026-08-15 11:16:37,2026-08-15 11:32:37,entregado,d3492baf-d484-402d-a53e-ed3ddd5838b9,app,30836.14,moto_electrica,5123.67,6.24833,-75.554134
a0b44193-c589-46b2-aa79-c9b8654e22db,937fe017-e232-4857-842b-9c2982b4c987,Chapinero,2026-08-15 12:08:00,,,cancelado,,tarjeta,48928.95,bicicleta,9227.11,6.266227,-75.544108
fa9b4930-7991-4579-af4c-4f24c62366dc,a4be7243-5dfa-45d2-818a-54607daa3daa,Occidente,2026-08-15 12:25:57,2026-08-15 12:29:57,,cancelado,3a4a49e1-666d-4fe0-be3c-6ffb0dd04f55,tarjeta,94623.03,moto_electrica,17989.42,6.242356,-75.598171
979e8ad6-bb47-4dfd-a762-51b8be7f5dd7,0604c774-2d96-40ec-b987-51c090ef688c,Sur,2026-08-15 14:19:06,2026-08-15 14:24:06,2026-08-15 14:48:06,entregado,c946470e-cab4-4e7a-bcca-849685696e98,efectivo,55286.46,moto_electrica,9792.98,6.166642,-75.594671
d83bb893-18f9-4451-8b3a-125147d1d3de,ceb11d92-eaf4-49dc-b011-4eaca397869c,Chapinero,2026-08-15 14:26:21,2026-08-15 14:41:21,2026-08-15 15:12:21,entregado,2ba6deb3-6f6f-4b15-86fc-06a32886e27a,tarjeta,82601.96,bicicleta,18229.66,6.261325,-75.5535
8a568b0d-c296-43cd-b54f-f2d35a84dc59,e3d7ed4c-b628-4a8e-a070-6cb9dcb5d8d0,Norte,2026-08-15 14:29:22,2026-08-15 14:35:22,2026-08-15 15:30:22,entregado,567b2569-6593-43a6-afb7-944d81edda57,efectivo,43916.63,bicicleta,8092.06,6.27445,-75.571652
41ee7c68-cf47-4334-b568-613b5e69378c,85376b3d-bf0a-462c-9812-374620e92e59,Centro,2026-08-15 15:06:23,2026-08-15 15:08:23,2026-08-15 15:35:23,entregado,9852732d-4628-4e78-ba2e-16d78d91a915,efectivo,51443.23,moto_electrica,9113.55,6.253013,-75.552892
a92f7ed3-fd2b-4368-858c-8b53954bea7a,02800f46-ceb6-4272-9dd5-2c07d23ca12a,Centro,2026-08-15 15:17:01,2026-08-15 15:21:01,2026-08-15 15:49:01,entregado,bb6f84b2-6b62-49d9-ac7c-390723a72a9b,tarjeta,33059.2,moto_electrica,7196.8,6.242987,-75.550521
65323f54-1f1f-4386-986b-792431b35f4e,4602c60c-7f6c-49b6-a894-2f964ce24e73,Centro,2026-08-15 15:54:26,2026-08-15 16:01:26,2026-08-15 16:28:26,entregado,df1dce50-5616-4589-9d5f-16212ef42b85,app,27275.86,bicicleta,5947.9,6.258977,-75.559462
abdf004e-c2ec-4221-b2b9-f3ada4d72831,d9b324e7-1d27-48a5-b73a-8850b01f1da7,Occidente,2026-08-15 16:27:23,2026-08-15 16:30:23,2026-08-15 16:58:23,entregado,65c0052d-e656-48ba-9f6c-ba710d8242eb,efectivo,57391.02,moto_electrica,13005.2,6.238337,-75.603153
3a1bdb63-cef7-4047-8675-43321ae6c1f5,501d52ea-dd62-4c6b-b43e-eb3cd5fa2d37,Norte,2026-08-15 16:57:41,2026-08-15 17:09:41,2026-08-15 17:52:41,entregado,7814bc90-b0b8-47d7-afaf-af5aeb7abd42,app,17693.62,moto_electrica,3377.6,6.290905,-75.558408
236684d4-9ddc-46b7-80b4-b5a6f8dc7022,bce090af-1112-4cbd-bbaa-873467f9a4fd,Sur,2026-08-15 17:01:23,2026-08-15 17:08:23,2026-08-15 17:38:23,entregado,c37ce403-bebf-4091-b511-62cf4048e8c2,tarjeta,62079.03,bicicleta,13882.7,6.159807,-75.595861
57e67c7f-9719-4e28-9657-7f15056f5807,1bb9fc1b-4864-44ef-a2b3-5ea92d0e0afa,Occidente,2026-08-15 17:23:00,2026-08-15 17:31:00,2026-08-15 17:59:00,entregado,17e891b7-bc3c-457b-8c87-b29642b7ab70,app,62195.0,moto_electrica,13803.62,6.277405,-75.619012
975cc829-40dd-4c73-b002-d33fb85f5245,7b93bed4-ad49-4ae0-b9c6-73325f042816,Sur,2026-08-15 17:31:55,2026-08-15 17:40:55,2026-08-15 17:57:55,entregado,567b2569-6593-43a6-afb7-944d81edda57,tarjeta,84395.45,moto_electrica,18209.77,6.154796,-75.609767
95d10da4-379c-4168-94de-3db7e9c8bb11,0cecba19-546d-45bc-a482-e679d7148b85,Chapinero,2026-08-15 17:47:29,2026-08-15 17:59:29,2026-08-15 18:16:29,entregado,4a610ffa-babe-4263-9ee4-1ec7d61cdb29,tarjeta,33625.58,moto_electrica,5995.02,6.260494,-75.551509
1b709d11-d786-4bbc-84a3-f8313354e2fc,33d96349-be47-4ec3-a139-34ca61add917,Chapinero,2026-08-15 17:55:29,2026-08-15 18:00:29,,en_camino,9852732d-4628-4e78-ba2e-16d78d91a915,tarjeta,63917.69,moto_electrica,10095.12,6.260681,-75.555603
c86f90c8-536a-4547-b7b1-e73d2566b622,937fe017-e232-4857-842b-9c2982b4c987,Occidente,2026-08-15 18:40:36,2026-08-15 18:53:36,2026-08-15 19:35:36,entregado,17e891b7-bc3c-457b-8c87-b29642b7ab70,efectivo,37000.73,bicicleta,7320.97,6.265905,-75.59655
203b24ac-1223-4034-b715-43cf6a24022b,2db7afb4-3544-4567-8108-5861c213f9ed,Norte,2026-08-15 21:57:55,2026-08-15 22:08:55,2026-08-15 22:50:55,entregado,f8f6f0d9-c708-4217-bad3-d580bf28fd5f,tarjeta,84161.51,moto_electrica,15682.18,6.295739,-75.557503
5c4092ef-7946-48eb-bfea-09bd15329e2e,936e2d19-1a08-4f47-80a6-3332265a04f3,Centro,2026-08-15 22:35:58,2026-08-15 22:45:58,,en_camino,7e7763b0-2145-4ea0-99f0-070486f95eff,efectivo,83667.46,bicicleta,17356.14,6.25392,-75.5555
5fc4301e-a91d-4024-8dd0-ef78ca4a5b4e,e45b976f-47d1-4c49-8f29-db5ab7739caa,Occidente,2026-08-15 23:08:01,2026-08-15 23:12:01,,cancelado,7814bc90-b0b8-47d7-afaf-af5aeb7abd42,app,77524.71,moto_electrica,13104.41,6.24288,-75.615498
e25e80ec-793b-4802-8234-284e1831a112,7fcd166e-cba3-4232-91a1-41d51f495d35,Chapinero,2026-08-16 00:10:56,2026-08-16 00:17:56,2026-08-16 00:59:56,entregado,7bc55f10-dfa3-425e-be6d-9697b5a6edd0,tarjeta,32982.86,bicicleta,5063.26,6.261896,-75.551359
32aa8654-8899-4054-a310-4eb9974e5c16,01137935-0af8-4f24-8ee9-07632cb39eee,Norte,2026-08-16 00:25:28,2026-08-16 00:28:28,,en_camino,c946470e-cab4-4e7a-bcca-849685696e98,efectivo,88989.26,bicicleta,16803.77,6.274004,-75.560277
154eb181-87e0-4d90-92de-9f9e3294e447,fa03a4c0-a33c-47a6-aa10-616ec3e63346,Norte,2026-08-16 01:45:32,2026-08-16 01:57:32,2026-08-16 02:27:32,entregado,d3492baf-d484-402d-a53e-ed3ddd5838b9,efectivo,20298.27,moto_electrica,3509.96,6.272956,-75.560398
4efbfd82-78cb-4485-881b-eb43fd4684a9,f48478ff-e816-452a-913c-41d06df567f2,Occidente,2026-08-16 01:49:46,2026-08-16 01:56:46,2026-08-16 02:25:46,entregado,683d79f9-8c30-41e0-8b8b-0050b7d22560,efectivo,48540.93,moto_electrica,9266.74,6.269476,-75.592386
78e95528-0e6d-4e2e-b96a-18a6cbfd38c1,f5dd7f93-442b-4f9f-b4d8-50c8af7475e5,Centro,2026-08-16 01:55:30,2026-08-16 02:06:30,2026-08-16 02:33:30,entregado,65c0052d-e656-48ba-9f6c-ba710d8242eb,tarjeta,53659.86,moto_electrica,12295.96,6.24799,-75.555465
4558b248-69e3-40f3-a1f3-f45687174a59,c868f96d-ea66-42c6-ab2c-c8e836b35c37,Chapinero,2026-08-16 01:57:00,2026-08-16 02:04:00,2026-08-16 02:31:00,entregado,65c0052d-e656-48ba-9f6c-ba710d8242eb,app,34517.34,bicicleta,8488.48,6.267434,-75.543101
9409726d-f037-4913-b5f2-0d7a9e08c40e,7fcd166e-cba3-4232-91a1-41d51f495d35,Norte,2026-08-16 01:59:37,2026-08-16 02:11:37,2026-08-16 03:00:37,entregado,d3492baf-d484-402d-a53e-ed3ddd5838b9,efectivo,15107.76,bicicleta,3640.11,6.283294,-75.555386
47d9ea1b-1172-427e-97ff-7ee64a2bebe8,f48478ff-e816-452a-913c-41d06df567f2,Occidente,2026-08-16 02:07:01,2026-08-16 02:21:01,2026-08-16 02:45:01,entregado,df1dce50-5616-4589-9d5f-16212ef42b85,tarjeta,76652.68,moto_electrica,15099.4,6.242578,-75.61648
d65946a6-90de-452e-acc8-508c2ffe372d,5a53097d-77e6-43e0-970b-3e537f059cf8,Occidente,2026-08-16 02:12:56,2026-08-16 02:21:56,2026-08-16 02:55:56,entregado,8caf803c-0a87-4a8a-88c8-b2e2476e1eeb,efectivo,92264.8,bicicleta,19277.19,6.254904,-75.593972
a0ae844c-8456-42c6-a847-498ae70b4ff2,2bcc12cb-5d87-4176-a287-3a2aee9351e5,Norte,2026-08-16 02:16:58,2026-08-16 02:28:58,2026-08-16 03:12:58,entregado,7e7763b0-2145-4ea0-99f0-070486f95eff,efectivo,65792.72,bicicleta,14133.2,6.293494,-75.552646
293bca46-4a69-4f76-8597-b987d1bb6940,c6b06ff5-5bd5-4cf6-9ab7-14b19aae54c6,Centro,2026-08-16 03:21:39,2026-08-16 03:24:39,,en_camino,9852732d-4628-4e78-ba2e-16d78d91a915,efectivo,25151.63,bicicleta,5647.72,6.245357,-75.568197
445688ef-f363-46b1-876f-a117506053f2,05f438aa-91cf-4c97-b79d-dca22be98b69,Chapinero,2026-08-16 03:35:02,2026-08-16 03:43:02,2026-08-16 04:11:02,entregado,48692700-055f-400c-8687-6573be0be73f,efectivo,25218.59,moto_electrica,4708.72,6.267638,-75.547287
fdc36a33-933f-47c4-9503-ac3bfb390cc2,ceb11d92-eaf4-49dc-b011-4eaca397869c,Occidente,2026-08-16 03:43:01,2026-08-16 03:50:01,,en_camino,4fb4b86b-6657-418f-9af0-05576b82420b,tarjeta,28936.6,moto_electrica,5511.16,6.273069,-75.605543
0d03e8ca-94f8-4d1a-901f-45d2d5568ff0,64435586-3152-4620-8118-8c603a6994f4,Sur,2026-08-16 03:48:25,2026-08-16 04:03:25,,en_camino,7e7763b0-2145-4ea0-99f0-070486f95eff,app,37197.38,moto_electrica,6432.09,6.179412,-75.606478
8d721ca9-6ab1-42f8-ba51-4f72255b5fcb,ec199edf-cdc2-4925-8ff2-1f0f224fc41a,Chapinero,2026-08-16 04:03:05,2026-08-16 04:11:05,,cancelado,7bc55f10-dfa3-425e-be6d-9697b5a6edd0,tarjeta,18813.49,moto_electrica,4636.81,6.268583,-75.549986
6de76ba5-76bb-407d-b376-5db3755a4541,641ead09-0b8f-4038-8289-ef1f96225b9d,Sur,2026-08-16 04:13:09,2026-08-16 04:21:09,2026-08-16 04:41:09,entregado,eec9c1a6-fa0a-4ee3-bcf5-687cf4ffffd1,app,24625.19,moto_electrica,4220.17,6.164238,-75.585346
6b5873de-754c-45bd-846a-8a7755839160,30010484-56ff-42bf-8c2c-27a95de8dadb,Sur,2026-08-16 04:13:57,2026-08-16 04:19:57,2026-08-16 04:47:57,entregado,f8f6f0d9-c708-4217-bad3-d580bf28fd5f,app,89806.12,moto_electrica,16480.6,6.154249,-75.58443
925bb773-3817-4cb6-89cc-0fe5f390f098,f48478ff-e816-452a-913c-41d06df567f2,Norte,2026-08-16 06:32:18,2026-08-16 06:38:18,2026-08-16 07:30:18,entregado,652a1885-2699-4597-afd1-1379a48e1f75,app,70132.1,bicicleta,13351.63,6.299072,-75.558347
c9169d40-6a26-44fb-a56f-95276c160146,651347e4-debe-4831-bdda-7ce4e7067076,Centro,2026-08-16 07:01:16,2026-08-16 07:04:16,2026-08-16 07:39:16,entregado,f8f6f0d9-c708-4217-bad3-d580bf28fd5f,app,68504.17,bicicleta,15271.03,6.259104,-75.568634
d33b8023-51c3-4cb4-b86b-c19e0ebc3fa1,85d139a7-7a45-49aa-9638-dcd1f5d1c539,Sur,2026-08-16 07:17:16,2026-08-16 07:22:16,2026-08-16 07:55:16,entregado,4fb4b86b-6657-418f-9af0-05576b82420b,tarjeta,29136.57,bicicleta,6730.55,6.154267,-75.582711
f27de232-0945-4efb-8025-f64a68908241,54233927-6db7-4079-8943-602740d70b79,Sur,2026-08-16 07:26:13,,,pendiente,,app,71568.51,moto_electrica,15778.71,6.161325,-75.588015
a7857d87-cac1-4f12-92a1-0041296f9644,d9b324e7-1d27-48a5-b73a-8850b01f1da7,Centro,2026-08-16 07:46:36,2026-08-16 07:55:36,2026-08-16 08:12:36,entregado,c37ce403-bebf-4091-b511-62cf4048e8c2,tarjeta,26103.99,moto_electrica,4979.96,6.255931,-75.555571
7b53796c-5605-4de0-95af-47772f4021aa,7f429b09-d2c9-4b17-84f6-4ef50370180a,Sur,2026-08-16 07:56:30,2026-08-16 08:04:30,2026-08-16 08:21:30,entregado,df1dce50-5616-4589-9d5f-16212ef42b85,app,17403.1,moto_electrica,3607.74,6.151737,-75.589345
3501f68c-981f-4ac0-8007-2f10ccca4eaa,d9f1576e-b837-45f6-9043-bc29a44d438c,Occidente,2026-08-16 08:30:19,2026-08-16 08:33:19,,en_camino,fc03515f-887a-46b7-a44a-8c0fcb0775be,app,33897.98,moto_electrica,6801.8,6.252681,-75.60187
cb46b644-5cb6-4e68-9e0b-b62cce66672c,0bf86823-cb4c-48f8-8917-ae330525c6d5,Sur,2026-08-16 10:56:40,2026-08-16 11:05:40,2026-08-16 11:27:40,entregado,7814bc90-b0b8-47d7-afaf-af5aeb7abd42,efectivo,73070.61,moto_electrica,17104.82,6.179343,-75.592132
55a3d2bb-6fe3-4dad-beee-fc793b651f85,575c8a28-ba91-49bb-a720-b2b5c45d5a33,Centro,2026-08-16 11:11:48,2026-08-16 11:15:48,,en_camino,7bc55f10-dfa3-425e-be6d-9697b5a6edd0,tarjeta,37705.63,bicicleta,7217.94,6.255369,-75.552088
c32ebd29-aeb2-43f8-ad0c-ed1e5846b464,41127643-beb8-48b2-958e-79180a8bf64c,Norte,2026-08-16 11:14:06,2026-08-16 11:22:06,2026-08-16 12:13:06,entregado,4fb4b86b-6657-418f-9af0-05576b82420b,efectivo,58035.61,bicicleta,11306.32,6.288346,-75.574133
bca8aedf-ae41-4119-9173-11fbeff14868,a07da55a-88bb-45a6-9d6f-bfdacccc0991,Occidente,2026-08-16 12:01:42,2026-08-16 12:09:42,2026-08-16 12:32:42,entregado,7bc55f10-dfa3-425e-be6d-9697b5a6edd0,app,32426.16,moto_electrica,5052.84,6.255997,-75.606089
2733c099-deb7-4691-b02c-a8e76978ab78,936e2d19-1a08-4f47-80a6-3332265a04f3,Sur,2026-08-16 12:20:43,2026-08-16 12:28:43,2026-08-16 13:07:43,entregado,4fb4b86b-6657-418f-9af0-05576b82420b,efectivo,88139.11,bicicleta,18823.4,6.17601,-75.601038
a9860f3b-808b-499e-b22b-f2c8087b8f1d,e14bdbbd-1b66-47ce-a156-94fef926e48d,Centro,2026-08-16 13:13:45,2026-08-16 13:19:45,2026-08-16 13:38:45,entregado,c7821b64-7aa0-48bf-8b4d-b4728048dd60,app,52378.11,moto_electrica,9229.86,6.240836,-75.550509
85a9c4ea-524b-45cb-9973-d41c97230e81,532946ef-c978-4995-b94c-d3c989755106,Sur,2026-08-16 13:54:12,2026-08-16 14:04:12,2026-08-16 14:31:12,entregado,7814bc90-b0b8-47d7-afaf-af5aeb7abd42,app,20746.69,moto_electrica,4370.81,6.157944,-75.591343
ac567dee-a3cf-4bf1-95fd-01a79feae4c7,d71fd6be-c4b7-4470-ac26-7d00a9f047c9,Norte,2026-08-16 14:27:19,2026-08-16 14:37:19,2026-08-16 15:17:19,entregado,567b2569-6593-43a6-afb7-944d81edda57,tarjeta,74940.7,moto_electrica,13438.14,6.289679,-75.566551
c19a500a-6828-4320-b520-69cd585cd5b2,f48478ff-e816-452a-913c-41d06df567f2,Norte,2026-08-16 15:40:41,2026-08-16 15:50:41,,cancelado,7e7763b0-2145-4ea0-99f0-070486f95eff,efectivo,78297.73,moto_electrica,19296.8,6.28719,-75.559408
5a368f0b-9f41-4fcd-9505-955d1b120add,48bc34d2-7f99-4cca-8c08-2dc33d442d18,Occidente,2026-08-16 17:07:31,2026-08-16 17:22:31,2026-08-16 17:38:31,entregado,d3492baf-d484-402d-a53e-ed3ddd5838b9,efectivo,94759.28,moto_electrica,15298.64,6.248519,-75.597237
713926ed-fe88-4a73-aace-730acf1d8236,07710594-2e0c-40d8-9ddb-2a4227d3d41a,Occidente,2026-08-16 18:21:04,2026-08-16 18:25:04,,en_camino,4fb4b86b-6657-418f-9af0-05576b82420b,app,90636.02,moto_electrica,18092.09,6.238188,-75.612277
42651f51-c07c-4019-9d89-e34443e60d96,01137935-0af8-4f24-8ee9-07632cb39eee,Sur,2026-08-16 18:55:23,2026-08-16 19:08:23,2026-08-16 19:23:23,entregado,c7821b64-7aa0-48bf-8b4d-b4728048dd60,efectivo,49434.45,moto_electrica,11299.81,6.156333,-75.608719
81059d2f-2934-44f3-a99d-899b9d37bf0b,e45b976f-47d1-4c49-8f29-db5ab7739caa,Occidente,2026-08-16 19:41:22,2026-08-16 19:47:22,2026-08-16 20:02:22,entregado,df1dce50-5616-4589-9d5f-16212ef42b85,efectivo,43824.25,moto_electrica,10649.61,6.265068,-75.60818
b835f632-e92f-442a-a063-357bde7d5a7e,641ead09-0b8f-4038-8289-ef1f96225b9d,Occidente,2026-08-16 20:02:42,2026-08-16 20:17:42,2026-08-16 20:43:42,entregado,dd0aed03-899f-4d40-91a2-c94ffa9d7e52,tarjeta,94911.2,moto_electrica,17286.33,6.278408,-75.611275
a212b192-177d-4699-8390-0f12dff5677f,975f478d-4a1e-48cd-b2b3-f923d30b9251,Sur,2026-08-16 20:57:18,2026-08-16 21:07:18,2026-08-16 21:47:18,entregado,45b54b7a-158a-475b-b074-bc304ee06c5f,efectivo,19764.37,bicicleta,3176.46,6.151504,-75.601873
12cb3ca8-7f2e-499a-9a15-3fb27df6d367,01137935-0af8-4f24-8ee9-07632cb39eee,Centro,2026-08-16 22:01:34,2026-08-16 22:13:34,,en_camino,df1dce50-5616-4589-9d5f-16212ef42b85,efectivo,69154.09,moto_electrica,16377.72,6.248969,-75.554364
213d1406-2862-4831-8389-7d4fad459981,48bc34d2-7f99-4cca-8c08-2dc33d442d18,Sur,2026-08-16 22:36:51,2026-08-16 22:39:51,2026-08-16 23:02:51,entregado,3a4a49e1-666d-4fe0-be3c-6ffb0dd04f55,efectivo,18713.05,moto_electrica,4333.85,6.163375,-75.603276
0a135042-00cc-4bef-a209-0517effb2c63,2e431e06-4c17-49d0-97dd-2d1cd10b4a95,Centro,2026-08-16 22:50:59,2026-08-16 22:56:59,2026-08-16 23:32:59,entregado,2ba6deb3-6f6f-4b15-86fc-06a32886e27a,app,24630.85,bicicleta,4657.13,6.242972,-75.569938
53d882c0-c47b-4c43-9f41-f785cd1df086,30010484-56ff-42bf-8c2c-27a95de8dadb,Chapinero,2026-08-16 23:17:47,2026-08-16 23:22:47,2026-08-16 23:46:47,entregado,eec9c1a6-fa0a-4ee3-bcf5-687cf4ffffd1,tarjeta,21054.72,moto_electrica,5064.38,6.268878,-75.556124
fdef3655-7c79-4aa1-9b52-27a4d5e73919,f742a46d-f918-41e0-be90-30f40dc4d68f,Sur,2026-08-16 23:24:53,2026-08-16 23:33:53,2026-08-17 00:09:53,entregado,65c0052d-e656-48ba-9f6c-ba710d8242eb,tarjeta,50565.52,bicicleta,9781.4,6.162757,-75.590008
93f161ec-c676-45ef-aeab-006da2ab7ae9,a76b46d5-3d05-4c09-9857-29ce77b7ebf6,Chapinero,2026-08-16 23:27:35,2026-08-16 23:29:35,2026-08-16 23:53:35,entregado,7814bc90-b0b8-47d7-afaf-af5aeb7abd42,tarjeta,32810.34,moto_electrica,6412.76,6.265612,-75.541251
97ec5f91-4caf-40a6-bf68-11b0551a6223,1bb9fc1b-4864-44ef-a2b3-5ea92d0e0afa,Norte,2026-08-16 23:53:48,2026-08-16 23:56:48,2026-08-17 00:40:48,entregado,c7821b64-7aa0-48bf-8b4d-b4728048dd60,app,16563.51,moto_electrica,3307.69,6.283907,-75.557682
95817e4d-1aca-4e7a-ac61-ebb8c8139e8c,02800f46-ceb6-4272-9dd5-2c07d23ca12a,Sur,2026-08-17 00:42:17,2026-08-17 00:47:17,2026-08-17 01:23:17,entregado,683d79f9-8c30-41e0-8b8b-0050b7d22560,app,94867.38,bicicleta,18654.41,6.16947,-75.580522
e8b6be4d-1cb5-4bee-8033-cb825d9b747a,4bee1913-bb93-433f-b041-83b6d37cbba0,Norte,2026-08-17 02:03:09,2026-08-17 02:08:09,2026-08-17 02:50:09,entregado,652a1885-2699-4597-afd1-1379a48e1f75,tarjeta,84142.89,bicicleta,20247.95,6.288069,-75.570172
4f796b7c-28f3-4e4f-afeb-97c7ff589a3c,05f438aa-91cf-4c97-b79d-dca22be98b69,Chapinero,2026-08-17 02:32:34,2026-08-17 02:44:34,2026-08-17 03:13:34,entregado,7814bc90-b0b8-47d7-afaf-af5aeb7abd42,efectivo,16875.59,bicicleta,3881.66,6.261701,-75.540056
b0d796bc-aae1-4bb9-83e4-1d58d1fab007,54233927-6db7-4079-8943-602740d70b79,Occidente,2026-08-17 03:34:46,2026-08-17 03:41:46,2026-08-17 04:11:46,entregado,eec9c1a6-fa0a-4ee3-bcf5-687cf4ffffd1,efectivo,78675.97,bicicleta,17020.38,6.276815,-75.601719
e3eee207-20e9-406f-9c2b-0efd36d22277,bce090af-1112-4cbd-bbaa-873467f9a4fd,Chapinero,2026-08-17 04:15:26,2026-08-17 04:28:26,2026-08-17 04:47:26,entregado,65c0052d-e656-48ba-9f6c-ba710d8242eb,app,40138.42,moto_electrica,7981.75,6.262982,-75.547828
732c7ca4-94c1-4d41-be45-b342cc7a5010,219bd9f5-a5f7-46bb-88b4-e9133b083ff7,Chapinero,2026-08-17 06:10:52,2026-08-17 06:12:52,2026-08-17 06:37:52,entregado,df1dce50-5616-4589-9d5f-16212ef42b85,tarjeta,74525.91,moto_electrica,11542.37,6.26031,-75.551346
0d1f13ce-cf40-463c-87ec-eb7153f2089d,e45b976f-47d1-4c49-8f29-db5ab7739caa,Norte,2026-08-17 06:46:36,2026-08-17 06:50:36,2026-08-17 07:30:36,entregado,652a1885-2699-4597-afd1-1379a48e1f75,tarjeta,59793.97,moto_electrica,10297.06,6.284687,-75.565456
6c8d3dbb-6415-4e30-bc93-fbadda6fde22,936e2d19-1a08-4f47-80a6-3332265a04f3,Centro,2026-08-17 06:47:08,2026-08-17 06:50:08,2026-08-17 07:10:08,entregado,9852732d-4628-4e78-ba2e-16d78d91a915,app,61817.54,moto_electrica,9627.76,6.244827,-75.554729
cdffc629-6677-46fb-a9b8-a7197b2ab1f7,651347e4-debe-4831-bdda-7ce4e7067076,Sur,2026-08-17 07:36:22,2026-08-17 07:51:22,2026-08-17 08:06:22,entregado,7814bc90-b0b8-47d7-afaf-af5aeb7abd42,tarjeta,37399.02,moto_electrica,7208.21,6.165569,-75.595518
cca359d1-da8e-40f1-a6c4-29468699e069,13e0122f-67ce-494f-8347-6975e8c8f54e,Centro,2026-08-17 08:11:47,2026-08-17 08:19:47,,en_camino,c946470e-cab4-4e7a-bcca-849685696e98,tarjeta,54834.61,bicicleta,12445.3,6.256941,-75.56353
139b7f03-40b5-4111-a85a-56de5fad5dff,6c7dcc33-6f64-4bae-a30c-600099b54f33,Chapinero,2026-08-17 08:45:46,2026-08-17 08:49:46,2026-08-17 09:13:46,entregado,8caf803c-0a87-4a8a-88c8-b2e2476e1eeb,app,93628.81,moto_electrica,14458.55,6.264264,-75.554924
c534072c-4cf8-4f13-a1dc-5e1207db3a8b,1bb9fc1b-4864-44ef-a2b3-5ea92d0e0afa,Norte,2026-08-17 09:04:10,2026-08-17 09:06:10,2026-08-17 09:52:10,entregado,2ba6deb3-6f6f-4b15-86fc-06a32886e27a,efectivo,46965.28,bicicleta,7796.57,6.276647,-75.576894
5cff86f1-edd6-489a-8311-63ad420884ed,64435586-3152-4620-8118-8c603a6994f4,Chapinero,2026-08-17 09:15:19,2026-08-17 09:27:19,2026-08-17 10:02:19,entregado,17e891b7-bc3c-457b-8c87-b29642b7ab70,app,58151.48,bicicleta,10572.18,6.264066,-75.542747
9af000e3-8af9-4532-aa50-c38e20eb1498,133e7b9f-2385-4705-9e99-3eb72a0f75cb,Sur,2026-08-17 09:30:09,2026-08-17 09:32:09,2026-08-17 09:55:09,entregado,2ba6deb3-6f6f-4b15-86fc-06a32886e27a,app,91749.09,moto_electrica,14751.1,6.164112,-75.602752
27c9ff01-3b88-4846-aea0-08be8fd2125e,975f478d-4a1e-48cd-b2b3-f923d30b9251,Occidente,2026-08-17 12:09:05,2026-08-17 12:20:05,2026-08-17 13:02:05,entregado,df1dce50-5616-4589-9d5f-16212ef42b85,efectivo,20854.34,bicicleta,3677.82,6.235646,-75.597733
4c13d6f1-391b-47e2-9109-f8e593dfb24b,3b9ed80e-3c01-457b-bd6e-f8878424b937,Sur,2026-08-17 12:21:14,,,pendiente,,app,67213.02,moto_electrica,13192.63,6.168726,-75.606501
98bfba53-63ad-465b-a43b-45cb1ac3a0d7,5cce9a92-b20a-48a7-b742-27d2cd0fa666,Centro,2026-08-17 12:53:05,,,cancelado,,tarjeta,84922.52,bicicleta,20484.2,6.242292,-75.560624
e52939d3-b08b-448d-97ba-a36ce3001a99,bb4ee5cc-800a-45a7-9b16-65e6a83af29c,Chapinero,2026-08-17 14:23:06,,,pendiente,,efectivo,44860.51,moto_electrica,9383.18,6.260156,-75.544594
29b423c6-a2e7-45e2-a10b-550ac030e190,7d75a9ec-1aa7-433b-920a-65483447d468,Centro,2026-08-17 15:36:41,2026-08-17 15:39:41,2026-08-17 15:57:41,entregado,c946470e-cab4-4e7a-bcca-849685696e98,app,41516.84,moto_electrica,9400.41,6.255938,-75.55109
2e4d9221-6c8e-43fe-9df9-f654a74b914a,d71fd6be-c4b7-4470-ac26-7d00a9f047c9,Occidente,2026-08-17 15:53:48,2026-08-17 16:06:48,2026-08-17 16:26:48,entregado,7bc55f10-dfa3-425e-be6d-9697b5a6edd0,tarjeta,18820.04,moto_electrica,3459.15,6.27594,-75.595567
5acd0b0b-c6ca-4595-9123-4c9c70f05ba3,1183439d-4b22-4c45-9ada-cbc6d34960d7,Chapinero,2026-08-17 16:06:21,2026-08-17 16:08:21,,en_camino,7e7763b0-2145-4ea0-99f0-070486f95eff,app,81113.63,moto_electrica,14107.68,6.267212,-75.545622
f43a70b3-64b9-42b8-9b39-0e97a5eaae07,2bcc12cb-5d87-4176-a287-3a2aee9351e5,Norte,2026-08-17 16:36:00,2026-08-17 16:40:00,2026-08-17 17:19:00,entregado,45b54b7a-158a-475b-b074-bc304ee06c5f,efectivo,47719.5,moto_electrica,9631.86,6.283588,-75.577356
685808d1-db25-404e-8a50-ed91bc28e8f8,d93054ed-cd47-4d20-aed5-d5b5d35ef806,Chapinero,2026-08-17 16:58:42,2026-08-17 17:02:42,2026-08-17 17:43:42,entregado,2ba6deb3-6f6f-4b15-86fc-06a32886e27a,app,76218.44,bicicleta,15348.75,6.266648,-75.546798
0cc816fc-999d-4c09-9ae3-c6b09691fee2,f742a46d-f918-41e0-be90-30f40dc4d68f,Centro,2026-08-17 18:15:06,2026-08-17 18:20:06,2026-08-17 18:50:06,entregado,567b2569-6593-43a6-afb7-944d81edda57,efectivo,30548.34,moto_electrica,5083.52,6.258125,-75.551833
c01cfdf8-aef2-46a7-8401-a4a8de490d55,8193543e-ba17-4ff3-9344-5f76c2184657,Chapinero,2026-08-17 18:24:33,,,cancelado,,app,70020.99,moto_electrica,17400.52,6.266736,-75.555107
605ba47f-a770-4385-b9a4-c78b673b7e33,f742a46d-f918-41e0-be90-30f40dc4d68f,Sur,2026-08-17 19:22:51,2026-08-17 19:26:51,2026-08-17 19:42:51,entregado,65c0052d-e656-48ba-9f6c-ba710d8242eb,efectivo,49962.52,moto_electrica,9822.0,6.160799,-75.584502
2221b67b-eaeb-401e-9fe3-fc98f9c3df62,f48478ff-e816-452a-913c-41d06df567f2,Chapinero,2026-08-17 19:34:45,2026-08-17 19:46:45,2026-08-17 20:06:45,entregado,df1dce50-5616-4589-9d5f-16212ef42b85,app,83579.91,moto_electrica,19165.17,6.262332,-75.555218
9f8f59f1-fe1c-449a-a157-f5e33601ed7e,124884e3-8948-4e50-af07-f6c130335c60,Centro,2026-08-17 20:11:14,2026-08-17 20:25:14,2026-08-17 21:07:14,entregado,8dbe836f-3f88-4e02-a3e2-bf2a6a310110,tarjeta,93625.4,bicicleta,22533.33,6.243319,-75.550613
feddb0fa-352b-4188-9d9e-b6d7b2455e96,90134b2f-22cb-42bb-8719-e7c7d7271e06,Sur,2026-08-17 20:37:28,,,pendiente,,app,17293.11,bicicleta,3178.2,6.164329,-75.589509
dc49da4c-4b53-431a-b467-d36873f605ee,bce090af-1112-4cbd-bbaa-873467f9a4fd,Chapinero,2026-08-17 22:40:32,2026-08-17 22:52:32,2026-08-17 23:08:32,entregado,fc03515f-887a-46b7-a44a-8c0fcb0775be,efectivo,65801.54,moto_electrica,12052.6,6.267146,-75.559615
b6a739d2-c1a4-460a-8956-1dfc4452dc2f,8d96d9c5-ae92-4815-b27b-066d5dd13ec9,Norte,2026-08-17 23:38:16,2026-08-17 23:50:16,2026-08-18 00:21:16,entregado,4a610ffa-babe-4263-9ee4-1ec7d61cdb29,tarjeta,42827.86,moto_electrica,8634.85,6.289287,-75.558833
c2b410e7-680b-4012-8f0f-9989b83b8f49,48bc34d2-7f99-4cca-8c08-2dc33d442d18,Chapinero,2026-08-17 23:57:50,2026-08-18 00:04:50,2026-08-18 00:45:50,entregado,48692700-055f-400c-8687-6573be0be73f,tarjeta,81480.76,bicicleta,19675.47,6.267639,-75.544709
b3da231a-bb9f-46c4-bb65-3fac60068071,4bee1913-bb93-433f-b041-83b6d37cbba0,Sur,2026-08-18 00:49:16,,,pendiente,,app,38278.51,moto_electrica,7415.7,6.178724,-75.594656
b1535d4a-a19d-40fe-8596-ae446be55df7,a1e55b58-2600-44cc-9743-bc7ffad4510a,Occidente,2026-08-18 01:37:28,2026-08-18 01:42:28,2026-08-18 02:12:28,entregado,9852732d-4628-4e78-ba2e-16d78d91a915,efectivo,50144.21,bicicleta,9204.6,6.241861,-75.610129
8f546001-8969-4778-8a1d-bcc8167cb385,bce090af-1112-4cbd-bbaa-873467f9a4fd,Norte,2026-08-18 01:39:35,2026-08-18 01:51:35,2026-08-18 02:32:35,entregado,9852732d-4628-4e78-ba2e-16d78d91a915,tarjeta,24215.11,moto_electrica,4058.31,6.272222,-75.572264
fc9898dd-b54b-43c2-b46a-a84b7423b9bb,575c8a28-ba91-49bb-a720-b2b5c45d5a33,Occidente,2026-08-18 02:56:32,2026-08-18 03:05:32,2026-08-18 03:32:32,entregado,4833d69a-eb17-4595-b943-0c1a439dce6a,efectivo,44665.05,bicicleta,9507.3,6.24446,-75.602094
4bce1fce-941a-4265-9c31-9c73adf3a91a,30010484-56ff-42bf-8c2c-27a95de8dadb,Chapinero,2026-08-18 03:18:48,2026-08-18 03:23:48,2026-08-18 03:40:48,entregado,8caf803c-0a87-4a8a-88c8-b2e2476e1eeb,efectivo,70471.96,moto_electrica,12791.1,6.26242,-75.541941
6c60d5d6-8b0f-4179-9b73-d5ce3ed9b319,994850d2-c7f7-4ee7-8182-5507f4e2ad8d,Chapinero,2026-08-18 03:33:23,2026-08-18 03:43:23,,en_camino,3a4a49e1-666d-4fe0-be3c-6ffb0dd04f55,tarjeta,16122.34,bicicleta,3511.57,6.26706,-75.557333
fb25d3ef-45bb-4be2-9547-d3bb77d3bf75,575c8a28-ba91-49bb-a720-b2b5c45d5a33,Sur,2026-08-18 03:59:40,2026-08-18 04:12:40,,en_camino,df1dce50-5616-4589-9d5f-16212ef42b85,tarjeta,81371.2,bicicleta,16725.64,6.17841,-75.593104
48a86c3c-7667-49de-a308-c3ca923db15d,d93054ed-cd47-4d20-aed5-d5b5d35ef806,Norte,2026-08-18 04:04:25,2026-08-18 04:18:25,2026-08-18 04:58:25,entregado,bb6f84b2-6b62-49d9-ac7c-390723a72a9b,app,90899.9,moto_electrica,16642.07,6.285003,-75.563719
aea83d36-9223-44d5-996e-5e86558c6d85,975f478d-4a1e-48cd-b2b3-f923d30b9251,Sur,2026-08-18 04:25:58,2026-08-18 04:32:58,2026-08-18 04:55:58,entregado,ae960795-51c3-43fe-8b0c-cd21d3738b27,app,33180.77,moto_electrica,6765.47,6.151078,-75.597764
69f555b6-bde9-4ff0-98b1-81fca15f7ab7,31e98e9a-24de-4294-8826-fc491e8529cc,Norte,2026-08-18 05:05:30,2026-08-18 05:11:30,2026-08-18 05:54:30,entregado,c37ce403-bebf-4091-b511-62cf4048e8c2,app,68724.17,bicicleta,14608.16,6.277287,-75.566558
058492f4-92f1-4a13-965a-9910fbfd89ae,5cce9a92-b20a-48a7-b742-27d2cd0fa666,Occidente,2026-08-18 07:19:27,2026-08-18 07:29:27,2026-08-18 07:59:27,entregado,7bc55f10-dfa3-425e-be6d-9697b5a6edd0,efectivo,40921.17,moto_electrica,6908.37,6.249122,-75.609295
4f18ae28-0e12-405a-9963-e90607342498,7d75a9ec-1aa7-433b-920a-65483447d468,Centro,2026-08-18 07:27:44,2026-08-18 07:35:44,2026-08-18 07:55:44,entregado,2ba6deb3-6f6f-4b15-86fc-06a32886e27a,app,57406.5,moto_electrica,13748.69,6.259261,-75.56356
d5989f7c-f78c-4283-b2dc-fd27d59554ee,a76b46d5-3d05-4c09-9857-29ce77b7ebf6,Chapinero,2026-08-18 07:41:23,2026-08-18 07:45:23,2026-08-18 08:02:23,entregado,8dbe836f-3f88-4e02-a3e2-bf2a6a310110,efectivo,76835.79,moto_electrica,17908.79,6.266625,-75.543356
2837415a-b615-4ebc-a11b-1285175d9fc5,937fe017-e232-4857-842b-9c2982b4c987,Sur,2026-08-18 08:50:41,2026-08-18 08:53:41,2026-08-18 09:21:41,entregado,567b2569-6593-43a6-afb7-944d81edda57,tarjeta,19554.44,moto_electrica,3687.02,6.174455,-75.600291
1a7282dd-2cea-4460-8504-1112b79a09ee,cab0f77c-6a9c-4833-ab98-ff5e181a7e8c,Sur,2026-08-18 08:51:58,2026-08-18 08:58:58,2026-08-18 09:28:58,entregado,2ba6deb3-6f6f-4b15-86fc-06a32886e27a,efectivo,26916.22,moto_electrica,6559.53,6.161176,-75.603081
eff9611e-2a74-483a-880d-653cc32fdb39,124884e3-8948-4e50-af07-f6c130335c60,Sur,2026-08-18 08:55:45,2026-08-18 09:10:45,2026-08-18 09:39:45,entregado,7e7763b0-2145-4ea0-99f0-070486f95eff,tarjeta,62896.47,moto_electrica,15377.92,6.168302,-75.595751
bf89aad8-bb8b-41e1-b816-c98efca8b9b4,8f0ac0bd-4c61-4d9c-8a0a-a6c0f2d7227c,Norte,2026-08-18 09:32:58,2026-08-18 09:34:58,2026-08-18 10:11:58,entregado,8caf803c-0a87-4a8a-88c8-b2e2476e1eeb,app,36012.7,moto_electrica,6151.9,6.299055,-75.578212
ca689f47-ec85-4e2f-8033-a7844bf0836e,ceb11d92-eaf4-49dc-b011-4eaca397869c,Occidente,2026-08-18 09:45:15,2026-08-18 09:59:15,,en_camino,4a610ffa-babe-4263-9ee4-1ec7d61cdb29,app,57242.74,bicicleta,10791.77,6.248656,-75.597271
a76ab12b-15ce-439a-a4a7-18347f106c1d,64435586-3152-4620-8118-8c603a6994f4,Sur,2026-08-18 10:26:47,2026-08-18 10:28:47,2026-08-18 10:56:47,entregado,df1dce50-5616-4589-9d5f-16212ef42b85,tarjeta,34539.47,bicicleta,6286.7,6.150882,-75.601776
53108ac0-3f79-42af-80f8-e8841912736d,d6fde3c1-dc4b-4f8c-bad9-53234ff05ee2,Occidente,2026-08-18 10:27:33,2026-08-18 10:41:33,2026-08-18 11:11:33,entregado,45b54b7a-158a-475b-b074-bc304ee06c5f,efectivo,63612.14,moto_electrica,12511.15,6.234253,-75.612467
9d164a78-6ce7-44fd-873d-1052318d54ec,245581e8-7f2e-4595-bf4c-7d7b225aaca3,Norte,2026-08-18 10:41:57,2026-08-18 10:54:57,,en_camino,2ba6deb3-6f6f-4b15-86fc-06a32886e27a,app,23938.2,bicicleta,5140.83,6.282131,-75.56026
9e45bd78-4196-4664-a77e-de42c181afd4,7f429b09-d2c9-4b17-84f6-4ef50370180a,Norte,2026-08-18 10:45:29,2026-08-18 10:56:29,2026-08-18 11:27:29,entregado,c7821b64-7aa0-48bf-8b4d-b4728048dd60,tarjeta,40590.41,moto_electrica,8292.19,6.290834,-75.552057
1bb0fbc7-ba4a-4602-baa9-997f67a97dae,2db7afb4-3544-4567-8108-5861c213f9ed,Norte,2026-08-18 12:14:50,2026-08-18 12:21:50,2026-08-18 13:05:50,entregado,4fb4b86b-6657-418f-9af0-05576b82420b,tarjeta,17067.54,bicicleta,2655.63,6.292124,-75.553195
b2cfbe7f-89fe-4115-a307-3be0fcc5683e,33d96349-be47-4ec3-a139-34ca61add917,Sur,2026-08-18 12:20:27,2026-08-18 12:27:27,2026-08-18 13:00:27,entregado,d3492baf-d484-402d-a53e-ed3ddd5838b9,tarjeta,94379.89,bicicleta,23461.16,6.163278,-75.603436
d972ec22-ffad-4d35-80f4-6fd1fb6f5d4c,aecd818b-df62-4138-a5fd-5d3004aa264b,Occidente,2026-08-18 12:44:21,2026-08-18 12:46:21,2026-08-18 13:08:21,entregado,bb6f84b2-6b62-49d9-ac7c-390723a72a9b,tarjeta,21253.46,moto_electrica,5281.0,6.273904,-75.601809
d7ae8bb7-6b9c-4a4e-a050-420ba8896754,e933ff4c-ee9c-4811-81b0-36ecf8c6f87a,Sur,2026-08-18 14:11:50,2026-08-18 14:15:50,2026-08-18 14:42:50,entregado,ddf43472-6d4b-4f43-8038-029005b65044,tarjeta,82098.33,bicicleta,17209.1,6.176582,-75.608526
9dd705e9-d674-424a-ac99-3bc7a0cf5352,41127643-beb8-48b2-958e-79180a8bf64c,Norte,2026-08-18 14:50:04,2026-08-18 15:02:04,2026-08-18 15:58:04,entregado,c7821b64-7aa0-48bf-8b4d-b4728048dd60,tarjeta,69197.59,bicicleta,16830.84,6.270504,-75.560089
c8204617-9ccc-4ca2-9009-fa2d671c3cc4,0604c774-2d96-40ec-b987-51c090ef688c,Chapinero,2026-08-18 17:53:06,2026-08-18 18:02:06,2026-08-18 18:35:06,entregado,f8f6f0d9-c708-4217-bad3-d580bf28fd5f,tarjeta,92340.7,bicicleta,22798.3,6.26129,-75.540963
2904e099-cb56-47bd-a435-e8b1e197ceb1,936e2d19-1a08-4f47-80a6-3332265a04f3,Chapinero,2026-08-18 18:00:34,2026-08-18 18:15:34,2026-08-18 18:36:34,entregado,7814bc90-b0b8-47d7-afaf-af5aeb7abd42,efectivo,73542.95,moto_electrica,12901.12,6.261508,-75.558678
e8f3de64-7393-4d40-a530-980d438dc820,a07da55a-88bb-45a6-9d6f-bfdacccc0991,Norte,2026-08-18 18:55:24,2026-08-18 19:01:24,,en_camino,d3492baf-d484-402d-a53e-ed3ddd5838b9,tarjeta,76517.71,bicicleta,14426.8,6.275721,-75.563276
490b23ec-b837-4eb4-87a7-fbc6c2781565,56eef3c1-26f4-4db0-ae36-a001ada2aa7a,Occidente,2026-08-18 19:14:47,2026-08-18 19:21:47,2026-08-18 19:55:47,entregado,48692700-055f-400c-8687-6573be0be73f,efectivo,20899.11,bicicleta,4867.04,6.270842,-75.610822
05151454-ce06-4cd5-88e6-8d8f5cebcfc5,b2322744-c7c4-49f3-9caa-8df835be917b,Centro,2026-08-18 21:41:09,2026-08-18 21:52:09,2026-08-18 22:11:09,entregado,17e891b7-bc3c-457b-8c87-b29642b7ab70,app,59309.46,moto_electrica,10709.35,6.249398,-75.568598
9a4d87cd-37b1-4a6c-a0a5-16c88c16d179,d9b324e7-1d27-48a5-b73a-8850b01f1da7,Norte,2026-08-18 22:22:37,,,pendiente,,app,30747.87,bicicleta,6405.04,6.281183,-75.550341
64dc25f4-a821-4e75-930a-2cabe9d25a00,fd944984-53a0-49d4-9474-ceb6fa280378,Chapinero,2026-08-18 22:45:42,2026-08-18 22:47:42,2026-08-18 23:02:42,entregado,652a1885-2699-4597-afd1-1379a48e1f75,efectivo,20418.68,moto_electrica,4386.46,6.268788,-75.553558
86db061c-a55f-45f7-a310-be4db2fa4dcc,01137935-0af8-4f24-8ee9-07632cb39eee,Norte,2026-08-18 23:00:29,2026-08-18 23:06:29,2026-08-18 23:54:29,entregado,17e891b7-bc3c-457b-8c87-b29642b7ab70,tarjeta,30839.2,bicicleta,6056.35,6.279183,-75.558005
d38c8c4c-9595-4fd3-9645-e73f7c1c3667,214122ff-3ed0-4ee7-b22f-e1e1b8f04e7e,Occidente,2026-08-18 23:09:32,2026-08-18 23:14:32,2026-08-18 23:37:32,entregado,2ba6deb3-6f6f-4b15-86fc-06a32886e27a,efectivo,69506.84,moto_electrica,16713.74,6.257233,-75.602339
ec9c6365-6454-453a-b61b-d0e2a1ff4242,501d52ea-dd62-4c6b-b43e-eb3cd5fa2d37,Sur,2026-08-18 23:18:21,2026-08-18 23:32:21,2026-08-19 00:01:21,entregado,17e891b7-bc3c-457b-8c87-b29642b7ab70,efectivo,51397.02,bicicleta,12044.46,6.171872,-75.598985
94233e4e-2cc8-4128-baf1-5e990b66c4dd,c9baeee8-18c8-43a5-91a4-eb6a1108ec13,Occidente,2026-08-18 23:35:44,2026-08-18 23:49:44,2026-08-19 00:07:44,entregado,683d79f9-8c30-41e0-8b8b-0050b7d22560,efectivo,42974.54,moto_electrica,8557.19,6.266549,-75.590704
5a2d1470-9553-4df3-820b-bb314aef1a03,aecd818b-df62-4138-a5fd-5d3004aa264b,Norte,2026-08-19 01:00:10,2026-08-19 01:12:10,2026-08-19 01:57:10,entregado,7e7763b0-2145-4ea0-99f0-070486f95eff,efectivo,67009.71,bicicleta,10790.35,6.293316,-75.570125
0a85481c-434b-4061-97e3-2119a4740357,bce090af-1112-4cbd-bbaa-873467f9a4fd,Sur,2026-08-19 01:45:26,2026-08-19 01:53:26,2026-08-19 02:22:26,entregado,652a1885-2699-4597-afd1-1379a48e1f75,efectivo,72544.49,moto_electrica,15283.37,6.170797,-75.593842
f38e6006-cdc3-46da-aa3e-a554911f3f0f,a200fb08-fef7-4a11-b4af-a7fc9c26bc2e,Centro,2026-08-19 02:16:24,2026-08-19 02:27:24,2026-08-19 02:58:24,entregado,dd0aed03-899f-4d40-91a2-c94ffa9d7e52,tarjeta,47244.24,bicicleta,11641.65,6.242821,-75.552862
43ffc081-943d-4d7b-924c-f63c766d36d3,0476ef54-6995-4f39-af70-f7f670e33789,Chapinero,2026-08-19 02:17:47,2026-08-19 02:31:47,2026-08-19 02:59:47,entregado,45b54b7a-158a-475b-b074-bc304ee06c5f,app,38892.57,moto_electrica,5977.23,6.263551,-75.547326
e3a33c46-864f-4bd0-a8dd-2f931816f5af,07710594-2e0c-40d8-9ddb-2a4227d3d41a,Sur,2026-08-19 02:20:34,2026-08-19 02:32:34,2026-08-19 02:49:34,entregado,8dbe836f-3f88-4e02-a3e2-bf2a6a310110,tarjeta,88950.71,moto_electrica,14810.28,6.17655,-75.605456
4678505f-1870-429f-88c3-ad41181f7e46,48bc34d2-7f99-4cca-8c08-2dc33d442d18,Sur,2026-08-19 03:16:06,2026-08-19 03:28:06,2026-08-19 03:56:06,entregado,2ba6deb3-6f6f-4b15-86fc-06a32886e27a,tarjeta,20941.9,moto_electrica,3391.4,6.175275,-75.588192
a641573f-f933-46fb-9633-9fabc200be6e,36b94275-0968-4c8b-ad19-64e364fe7b21,Sur,2026-08-19 03:20:33,2026-08-19 03:23:33,2026-08-19 03:42:33,entregado,4a610ffa-babe-4263-9ee4-1ec7d61cdb29,efectivo,85348.6,moto_electrica,15177.13,6.17511,-75.587946
84d7642d-54df-4130-a223-bbb035287ea7,ec199edf-cdc2-4925-8ff2-1f0f224fc41a,Sur,2026-08-19 04:09:28,,,pendiente,,efectivo,56277.82,bicicleta,13823.69,6.162791,-75.600259
69b53665-a6e1-4f97-abe2-486a8cafe5da,fd944984-53a0-49d4-9474-ceb6fa280378,Occidente,2026-08-19 04:57:38,2026-08-19 05:08:38,2026-08-19 05:37:38,entregado,65c0052d-e656-48ba-9f6c-ba710d8242eb,efectivo,94192.71,moto_electrica,14552.4,6.233115,-75.593298
3babf19c-5a35-42de-b527-5a67bda99a09,02800f46-ceb6-4272-9dd5-2c07d23ca12a,Occidente,2026-08-19 06:11:31,2026-08-19 06:22:31,2026-08-19 06:49:31,entregado,4833d69a-eb17-4595-b943-0c1a439dce6a,tarjeta,86555.34,bicicleta,16269.71,6.233096,-75.612293
7efe7870-3f92-41d9-842e-bbba031f1bbd,994850d2-c7f7-4ee7-8182-5507f4e2ad8d,Chapinero,2026-08-19 07:26:32,2026-08-19 07:28:32,2026-08-19 07:46:32,entregado,17e891b7-bc3c-457b-8c87-b29642b7ab70,tarjeta,55994.28,moto_electrica,12556.41,6.262206,-75.557236
f321485b-707b-4513-a236-35fc5eca6a80,7d75a9ec-1aa7-433b-920a-65483447d468,Centro,2026-08-19 07:35:13,2026-08-19 07:38:13,2026-08-19 08:02:13,entregado,4fb4b86b-6657-418f-9af0-05576b82420b,tarjeta,85773.19,moto_electrica,20575.72,6.240908,-75.559944
7554b9fb-e2ff-449f-a238-47686353e63e,065ed21a-e960-49f7-928c-facf2bab622a,Chapinero,2026-08-19 08:57:46,2026-08-19 09:02:46,2026-08-19 09:36:46,entregado,dd0aed03-899f-4d40-91a2-c94ffa9d7e52,tarjeta,29896.22,bicicleta,5001.12,6.268991,-75.547311
235c8c25-39ad-401b-96dc-3bef6f388a47,a76b46d5-3d05-4c09-9857-29ce77b7ebf6,Sur,2026-08-19 09:29:36,2026-08-19 09:44:36,2026-08-19 10:07:36,entregado,17e891b7-bc3c-457b-8c87-b29642b7ab70,app,22334.32,moto_electrica,4439.51,6.166734,-75.608039
0d457bd6-e7a5-4034-978f-260f2352957d,7fcd166e-cba3-4232-91a1-41d51f495d35,Norte,2026-08-19 09:48:36,2026-08-19 09:56:36,2026-08-19 10:42:36,entregado,ae960795-51c3-43fe-8b0c-cd21d3738b27,tarjeta,53525.3,bicicleta,11967.31,6.289871,-75.551688
20429941-60d4-4bc3-90c8-4debd2f2f189,56eef3c1-26f4-4db0-ae36-a001ada2aa7a,Norte,2026-08-19 10:13:28,2026-08-19 10:24:28,2026-08-19 11:14:28,entregado,df1dce50-5616-4589-9d5f-16212ef42b85,tarjeta,64290.25,bicicleta,10758.64,6.279728,-75.571727
270db76b-9e6f-47e0-9a82-550312172243,f2dfaa5a-f205-4345-92ca-af0a6f5a2de7,Centro,2026-08-19 10:18:34,2026-08-19 10:31:34,2026-08-19 11:10:34,entregado,2ba6deb3-6f6f-4b15-86fc-06a32886e27a,app,65693.37,bicicleta,13928.57,6.246819,-75.552277
f352d936-87c0-4aa3-ac7f-f74b5a891739,c1c45866-47a2-47f7-b1e6-4dfecbbdda25,Centro,2026-08-19 10:35:10,2026-08-19 10:43:10,2026-08-19 11:18:10,entregado,8dbe836f-3f88-4e02-a3e2-bf2a6a310110,app,40675.33,bicicleta,6703.38,6.253243,-75.559057
22d3a622-7fe7-4e8a-9a54-6a83bcf5aae5,28146250-cf6a-4026-b1f9-b6628c2d8c60,Sur,2026-08-19 10:56:14,2026-08-19 11:03:14,2026-08-19 11:38:14,entregado,65c0052d-e656-48ba-9f6c-ba710d8242eb,efectivo,60648.03,bicicleta,9598.72,6.151226,-75.583056
22538964-382c-48f4-9963-4c2a8dc12987,34580dd8-9397-4dc9-bc4e-757392d1c5fb,Norte,2026-08-19 11:14:53,2026-08-19 11:26:53,,en_camino,dd0aed03-899f-4d40-91a2-c94ffa9d7e52,app,64310.33,bicicleta,13863.86,6.290289,-75.577045
d6cb041b-f811-47d7-b909-ee42be3f66f9,7d75a9ec-1aa7-433b-920a-65483447d468,Sur,2026-08-19 11:31:09,2026-08-19 11:42:09,,en_camino,567b2569-6593-43a6-afb7-944d81edda57,tarjeta,83606.34,moto_electrica,20145.95,6.166501,-75.584217
3ee698fe-851f-48ff-9e35-ec5e92a74548,fde42dcc-b6cc-4f58-995d-e8c613f6c077,Centro,2026-08-19 12:02:12,2026-08-19 12:12:12,2026-08-19 12:42:12,entregado,f8f6f0d9-c708-4217-bad3-d580bf28fd5f,efectivo,30087.07,moto_electrica,4832.19,6.24838,-75.564972
4b6dfb57-189d-4dcc-86b4-8cea79b23ba0,6c7dcc33-6f64-4bae-a30c-600099b54f33,Centro,2026-08-19 13:45:00,2026-08-19 13:58:00,2026-08-19 14:31:00,entregado,4a610ffa-babe-4263-9ee4-1ec7d61cdb29,efectivo,46771.83,bicicleta,7251.97,6.251091,-75.569889
d41078c2-d289-40b7-87d1-289a6623de21,e45b976f-47d1-4c49-8f29-db5ab7739caa,Centro,2026-08-19 15:20:28,2026-08-19 15:35:28,2026-08-19 15:51:28,entregado,652a1885-2699-4597-afd1-1379a48e1f75,tarjeta,43089.64,moto_electrica,10247.68,6.251175,-75.561901
1406a3b4-90f3-4a90-86b4-223320da72c4,f48478ff-e816-452a-913c-41d06df567f2,Centro,2026-08-19 15:28:39,2026-08-19 15:30:39,2026-08-19 15:54:39,entregado,7e7763b0-2145-4ea0-99f0-070486f95eff,efectivo,71490.2,moto_electrica,15835.33,6.247052,-75.569118
4e5fe1d4-927e-4ae8-b490-ac4198fc65f8,33d96349-be47-4ec3-a139-34ca61add917,Sur,2026-08-19 15:47:44,2026-08-19 15:55:44,2026-08-19 16:36:44,entregado,4833d69a-eb17-4595-b943-0c1a439dce6a,app,56311.14,bicicleta,10406.74,6.169533,-75.598915
d5848033-25a4-43c2-bc26-95f9b571fafa,994850d2-c7f7-4ee7-8182-5507f4e2ad8d,Centro,2026-08-19 16:07:53,2026-08-19 16:11:53,,en_camino,9852732d-4628-4e78-ba2e-16d78d91a915,tarjeta,38957.13,bicicleta,8814.23,6.257653,-75.566975
120bde0c-03bf-472c-b7ae-e9f86b9e442b,51890d3e-a96b-4fa2-9f0e-7f00344b0997,Norte,2026-08-19 16:59:49,2026-08-19 17:03:49,2026-08-19 17:47:49,entregado,8dbe836f-3f88-4e02-a3e2-bf2a6a310110,app,64417.08,moto_electrica,13372.56,6.285842,-75.5632
8006cbea-0a57-47c6-949d-b381c7721bcc,975f478d-4a1e-48cd-b2b3-f923d30b9251,Centro,2026-08-19 17:31:47,2026-08-19 17:35:47,2026-08-19 17:57:47,entregado,ae960795-51c3-43fe-8b0c-cd21d3738b27,app,71683.4,moto_electrica,12056.63,6.241118,-75.551667
08e2a171-288a-49b4-83b7-0103a1bbe69b,cab0f77c-6a9c-4833-ab98-ff5e181a7e8c,Centro,2026-08-19 17:34:20,2026-08-19 17:41:20,2026-08-19 18:05:20,entregado,4a610ffa-babe-4263-9ee4-1ec7d61cdb29,efectivo,56738.7,moto_electrica,13941.15,6.255094,-75.555249
5df79490-c7f9-49dd-9681-d013512a73d3,d9b324e7-1d27-48a5-b73a-8850b01f1da7,Sur,2026-08-19 18:37:55,,,pendiente,,efectivo,52026.05,bicicleta,8027.35,6.17504,-75.590478
db1b8ba7-ff6e-4a9d-bca4-13ec45a43d28,85376b3d-bf0a-462c-9812-374620e92e59,Norte,2026-08-19 18:39:30,2026-08-19 18:48:30,2026-08-19 19:29:30,entregado,683d79f9-8c30-41e0-8b8b-0050b7d22560,efectivo,92608.55,moto_electrica,14393.63,6.290952,-75.57422
619c2bc7-e382-4b32-8da4-79ee074ce0b7,f2dfaa5a-f205-4345-92ca-af0a6f5a2de7,Sur,2026-08-19 19:13:11,2026-08-19 19:26:11,2026-08-19 19:47:11,entregado,eec9c1a6-fa0a-4ee3-bcf5-687cf4ffffd1,app,22661.93,moto_electrica,5178.8,6.170214,-75.586542
98d03226-e5c2-4289-ba4c-89296c16952c,641ead09-0b8f-4038-8289-ef1f96225b9d,Chapinero,2026-08-19 19:21:27,,,pendiente,,tarjeta,65892.35,moto_electrica,12233.55,6.263049,-75.543014
71227131-6085-40cb-a272-bca6a57406df,a4be7243-5dfa-45d2-818a-54607daa3daa,Norte,2026-08-19 20:27:39,2026-08-19 20:39:39,2026-08-19 21:19:39,entregado,ae960795-51c3-43fe-8b0c-cd21d3738b27,app,93805.64,moto_electrica,19390.69,6.292372,-75.567462
90c491ba-0538-4959-935f-14bd00c5c31f,7b93bed4-ad49-4ae0-b9c6-73325f042816,Sur,2026-08-19 21:11:11,2026-08-19 21:19:11,,en_camino,c7821b64-7aa0-48bf-8b4d-b4728048dd60,tarjeta,49399.57,moto_electrica,8398.79,6.161558,-75.605743
0699c3c2-c304-4fa9-91c3-602f78272f17,f5dd7f93-442b-4f9f-b4d8-50c8af7475e5,Chapinero,2026-08-19 22:36:22,2026-08-19 22:49:22,2026-08-19 23:18:22,entregado,9852732d-4628-4e78-ba2e-16d78d91a915,app,51061.41,moto_electrica,11912.84,6.267457,-75.558031
d01244be-adb9-481d-853c-e352bba6bfdc,8f0ac0bd-4c61-4d9c-8a0a-a6c0f2d7227c,Chapinero,2026-08-19 23:09:05,2026-08-19 23:18:05,,en_camino,bb6f84b2-6b62-49d9-ac7c-390723a72a9b,tarjeta,37991.53,moto_electrica,7288.4,6.261934,-75.540542
cc819907-d21a-410c-af6c-5f4c4d254caf,56eef3c1-26f4-4db0-ae36-a001ada2aa7a,Centro,2026-08-19 23:10:14,2026-08-19 23:25:14,,en_camino,45b54b7a-158a-475b-b074-bc304ee06c5f,tarjeta,31193.05,moto_electrica,6529.42,6.241536,-75.559334
95a8346a-ff46-4f32-8e83-aec527f9b405,28146250-cf6a-4026-b1f9-b6628c2d8c60,Chapinero,2026-08-19 23:21:24,2026-08-19 23:31:24,,en_camino,65c0052d-e656-48ba-9f6c-ba710d8242eb,tarjeta,66106.17,bicicleta,12087.82,6.269432,-75.543548
b207d7d3-7703-4c56-8d53-6f8146d6ee3d,7d75a9ec-1aa7-433b-920a-65483447d468,Centro,2026-08-19 23:28:34,2026-08-19 23:36:34,2026-08-20 00:16:34,entregado,9852732d-4628-4e78-ba2e-16d78d91a915,app,37763.93,bicicleta,7125.03,6.250304,-75.551902
c7ff34c2-2ac4-4d1c-8953-c242562611e0,575c8a28-ba91-49bb-a720-b2b5c45d5a33,Occidente,2026-08-20 01:25:15,2026-08-20 01:36:15,2026-08-20 02:04:15,entregado,7bc55f10-dfa3-425e-be6d-9697b5a6edd0,efectivo,46021.63,moto_electrica,10231.62,6.27056,-75.604988
976d57d7-343a-44ae-ab52-e4d1a50ef5de,c2117215-2808-47fd-8fc9-330bdba5c03a,Sur,2026-08-20 02:20:06,2026-08-20 02:32:06,2026-08-20 02:51:06,entregado,567b2569-6593-43a6-afb7-944d81edda57,efectivo,80565.8,moto_electrica,14766.36,6.171284,-75.589943
da19c2ef-ea03-4e97-ba84-f8e38fa4ef13,124884e3-8948-4e50-af07-f6c130335c60,Chapinero,2026-08-20 02:34:31,2026-08-20 02:44:31,2026-08-20 03:08:31,entregado,3a4a49e1-666d-4fe0-be3c-6ffb0dd04f55,app,79209.36,moto_electrica,12253.83,6.266674,-75.553791
4a63ad87-dc3c-406a-b8e4-cc194fef6848,994850d2-c7f7-4ee7-8182-5507f4e2ad8d,Chapinero,2026-08-20 05:28:37,2026-08-20 05:34:37,2026-08-20 05:53:37,entregado,683d79f9-8c30-41e0-8b8b-0050b7d22560,app,70102.92,moto_electrica,14330.26,6.268069,-75.557437
5b5652d6-959c-4ced-9e85-ac22ea2905a9,30010484-56ff-42bf-8c2c-27a95de8dadb,Occidente,2026-08-20 05:34:39,2026-08-20 05:41:39,2026-08-20 06:04:39,entregado,eec9c1a6-fa0a-4ee3-bcf5-687cf4ffffd1,tarjeta,68390.48,moto_electrica,12084.34,6.251503,-75.596209
fb87a431-87b1-49f4-b39a-b34b712078f9,c868f96d-ea66-42c6-ab2c-c8e836b35c37,Centro,2026-08-20 06:42:36,2026-08-20 06:56:36,2026-08-20 07:34:36,entregado,65c0052d-e656-48ba-9f6c-ba710d8242eb,tarjeta,87277.57,bicicleta,16581.97,6.24402,-75.553665
55933660-523f-478f-a16b-f68b123d315c,c6b06ff5-5bd5-4cf6-9ab7-14b19aae54c6,Chapinero,2026-08-20 07:40:20,2026-08-20 07:55:20,2026-08-20 08:23:20,entregado,9852732d-4628-4e78-ba2e-16d78d91a915,app,64718.31,moto_electrica,14232.09,6.269876,-75.549581
04f792bb-30e0-4853-81f5-540b143fabd4,a4be7243-5dfa-45d2-818a-54607daa3daa,Norte,2026-08-20 07:58:46,2026-08-20 08:01:46,2026-08-20 08:36:46,entregado,4833d69a-eb17-4595-b943-0c1a439dce6a,efectivo,30143.94,moto_electrica,5668.46,6.295854,-75.569922
cf79704d-d654-499f-b184-1feb92e5f979,214122ff-3ed0-4ee7-b22f-e1e1b8f04e7e,Norte,2026-08-20 09:08:39,2026-08-20 09:20:39,2026-08-20 09:54:39,entregado,45b54b7a-158a-475b-b074-bc304ee06c5f,tarjeta,20398.71,moto_electrica,4060.0,6.275874,-75.553386
4f0ac2c2-a208-4a88-a598-37e855b8a757,6a3ea9aa-61e6-4a9b-bb8a-673c32bd53e3,Sur,2026-08-20 09:13:30,2026-08-20 09:17:30,2026-08-20 09:53:30,entregado,bb6f84b2-6b62-49d9-ac7c-390723a72a9b,tarjeta,26195.81,bicicleta,4795.64,6.171629,-75.58937
3251897f-0f83-47b0-9d14-a4f7fcddaf9a,e14bdbbd-1b66-47ce-a156-94fef926e48d,Sur,2026-08-20 10:00:23,2026-08-20 10:05:23,2026-08-20 10:46:23,entregado,7bc55f10-dfa3-425e-be6d-9697b5a6edd0,tarjeta,52557.38,bicicleta,9926.56,6.167598,-75.580299
49d55093-b264-470c-bd8f-6f698a3916f1,e933ff4c-ee9c-4811-81b0-36ecf8c6f87a,Centro,2026-08-20 12:27:48,,,pendiente,,app,92835.27,bicicleta,15618.84,6.250443,-75.552779
5b38ab33-41f3-40d1-af43-74fcd04d813c,133e7b9f-2385-4705-9e99-3eb72a0f75cb,Sur,2026-08-20 13:40:45,2026-08-20 13:45:45,2026-08-20 14:26:45,entregado,ae960795-51c3-43fe-8b0c-cd21d3738b27,app,23130.71,bicicleta,5294.33,6.154617,-75.592234
a0f22421-7d61-4608-a4c4-be518f9098e4,f00e2d66-a77b-4a5b-a16d-97ff62ba0fd3,Sur,2026-08-20 14:42:05,2026-08-20 14:45:05,,en_camino,8dbe836f-3f88-4e02-a3e2-bf2a6a310110,app,46902.75,moto_electrica,9950.27,6.179372,-75.604619
f686f66e-76e8-44ac-b705-f0ac7d0380ae,34f9f1b5-bdd0-46e7-b81d-623e9fdf17d8,Sur,2026-08-20 15:02:42,2026-08-20 15:05:42,,en_camino,4a610ffa-babe-4263-9ee4-1ec7d61cdb29,app,91965.41,moto_electrica,14643.75,6.175838,-75.584743
58f3908e-56b8-4291-809c-d496511aafea,d6fde3c1-dc4b-4f8c-bad9-53234ff05ee2,Centro,2026-08-20 16:23:34,2026-08-20 16:32:34,2026-08-20 17:11:34,entregado,567b2569-6593-43a6-afb7-944d81edda57,app,70208.64,bicicleta,11971.8,6.246922,-75.569796
5a7ea4ae-4ba8-4d33-a39c-ac58e377558d,48bc34d2-7f99-4cca-8c08-2dc33d442d18,Sur,2026-08-20 17:14:48,2026-08-20 17:19:48,2026-08-20 17:49:48,entregado,683d79f9-8c30-41e0-8b8b-0050b7d22560,tarjeta,48912.92,bicicleta,7566.33,6.15518,-75.598597
65544e1e-a90d-4f5c-9e83-cd2879cb84cc,214122ff-3ed0-4ee7-b22f-e1e1b8f04e7e,Centro,2026-08-20 17:15:34,2026-08-20 17:20:34,2026-08-20 17:37:34,entregado,4fb4b86b-6657-418f-9af0-05576b82420b,app,19925.61,moto_electrica,4105.45,6.253243,-75.55605
004759ff-805e-4621-b4ce-14c0c2feeb16,54233927-6db7-4079-8943-602740d70b79,Chapinero,2026-08-20 17:48:56,2026-08-20 17:52:56,2026-08-20 18:22:56,entregado,7814bc90-b0b8-47d7-afaf-af5aeb7abd42,app,30898.84,bicicleta,7077.44,6.266954,-75.547726
e5d369d3-f189-4906-9046-fe1d42fa3b08,7b93bed4-ad49-4ae0-b9c6-73325f042816,Chapinero,2026-08-20 17:57:08,2026-08-20 17:59:08,2026-08-20 18:40:08,entregado,df1dce50-5616-4589-9d5f-16212ef42b85,tarjeta,78608.0,bicicleta,13632.86,6.262717,-75.545228
5e859c09-f0bb-40cb-acde-b1d23978a82a,41127643-beb8-48b2-958e-79180a8bf64c,Centro,2026-08-20 18:09:21,2026-08-20 18:23:21,2026-08-20 18:58:21,entregado,4a610ffa-babe-4263-9ee4-1ec7d61cdb29,efectivo,82597.15,bicicleta,20104.92,6.249008,-75.565463
703389d1-f938-447f-bd89-5cd005ccedb2,c868f96d-ea66-42c6-ab2c-c8e836b35c37,Norte,2026-08-20 19:27:28,2026-08-20 19:38:28,2026-08-20 20:21:28,entregado,7814bc90-b0b8-47d7-afaf-af5aeb7abd42,tarjeta,61309.95,bicicleta,13084.73,6.279264,-75.566019
5df77756-6b23-42c3-966d-80809326fb6a,0bf86823-cb4c-48f8-8917-ae330525c6d5,Centro,2026-08-20 19:33:36,2026-08-20 19:47:36,2026-08-20 20:09:36,entregado,7e7763b0-2145-4ea0-99f0-070486f95eff,efectivo,18836.87,moto_electrica,3230.71,6.24222,-75.564704
3a58097c-ca76-4c4a-9057-f56ad63d296c,31403c6d-6d71-4dae-a092-3e351f46b23d,Chapinero,2026-08-20 19:47:34,2026-08-20 20:01:34,2026-08-20 20:33:34,entregado,eec9c1a6-fa0a-4ee3-bcf5-687cf4ffffd1,efectivo,20269.2,bicicleta,3412.0,6.267635,-75.554428
5a0782b4-0168-42dd-8f50-790005219ea2,8f0ac0bd-4c61-4d9c-8a0a-a6c0f2d7227c,Occidente,2026-08-20 20:07:29,2026-08-20 20:22:29,2026-08-20 20:51:29,entregado,ae960795-51c3-43fe-8b0c-cd21d3738b27,tarjeta,51590.1,moto_electrica,8787.62,6.241175,-75.60439
d1a4de67-e32d-4b48-92a6-bd82d3a645d9,2493b729-731e-4c01-a114-f6dfc717faa7,Norte,2026-08-20 21:25:47,2026-08-20 21:33:47,2026-08-20 22:17:47,entregado,3a4a49e1-666d-4fe0-be3c-6ffb0dd04f55,efectivo,92504.45,moto_electrica,22258.45,6.280889,-75.576729
78b46884-cd51-4bd6-9a2d-e301720cc4db,a4be7243-5dfa-45d2-818a-54607daa3daa,Sur,2026-08-20 22:22:46,2026-08-20 22:33:46,2026-08-20 22:48:46,entregado,f8f6f0d9-c708-4217-bad3-d580bf28fd5f,efectivo,43679.77,moto_electrica,10550.31,6.178568,-75.585916
f5222b52-9d7b-4122-a1e2-c253d1aad7ec,bce090af-1112-4cbd-bbaa-873467f9a4fd,Occidente,2026-08-20 22:52:11,2026-08-20 22:56:11,2026-08-20 23:23:11,entregado,ae960795-51c3-43fe-8b0c-cd21d3738b27,app,91426.92,moto_electrica,17274.08,6.236438,-75.60667
f06f41e7-4b6a-4d1b-9059-2f4bfe5e35ed,90134b2f-22cb-42bb-8719-e7c7d7271e06,Centro,2026-08-20 23:03:11,2026-08-20 23:08:11,2026-08-20 23:30:11,entregado,2ba6deb3-6f6f-4b15-86fc-06a32886e27a,app,85153.64,moto_electrica,20084.92,6.253604,-75.55786
72687531-07ee-43c4-82a7-ae9485df5489,a1e55b58-2600-44cc-9743-bc7ffad4510a,Occidente,2026-08-21 02:46:22,2026-08-21 03:00:22,2026-08-21 03:26:22,entregado,df1dce50-5616-4589-9d5f-16212ef42b85,app,90666.12,moto_electrica,15268.14,6.277031,-75.604442
7b600d35-57e1-4b4d-a9e3-256cc20d3c4d,fd944984-53a0-49d4-9474-ceb6fa280378,Centro,2026-08-21 03:43:49,2026-08-21 03:58:49,2026-08-21 04:19:49,entregado,48692700-055f-400c-8687-6573be0be73f,tarjeta,31567.34,moto_electrica,7471.06,6.241642,-75.562369
fe733f2a-d948-4ecf-9d30-bc4fe6d8bf1a,d75d2cf4-7250-4620-8774-e082750cafca,Sur,2026-08-21 04:54:45,2026-08-21 05:04:45,2026-08-21 05:43:45,entregado,ae960795-51c3-43fe-8b0c-cd21d3738b27,tarjeta,63303.05,bicicleta,10880.64,6.155171,-75.5856
648fa568-5221-4921-9d95-1e56183628a0,a1e55b58-2600-44cc-9743-bc7ffad4510a,Centro,2026-08-21 04:55:48,2026-08-21 05:02:48,2026-08-21 05:20:48,entregado,dd0aed03-899f-4d40-91a2-c94ffa9d7e52,app,31880.4,moto_electrica,7491.44,6.250904,-75.559337
7ca5a690-bbcc-4881-9951-29143df36212,d9f1576e-b837-45f6-9043-bc29a44d438c,Occidente,2026-08-21 05:26:34,2026-08-21 05:34:34,2026-08-21 06:12:34,entregado,7e7763b0-2145-4ea0-99f0-070486f95eff,tarjeta,46081.63,bicicleta,7981.41,6.257191,-75.616386
85b8c8e3-cd48-4e0f-b0c8-ed64dff0abd3,2bcc12cb-5d87-4176-a287-3a2aee9351e5,Sur,2026-08-21 07:12:12,2026-08-21 07:23:12,2026-08-21 07:45:12,entregado,567b2569-6593-43a6-afb7-944d81edda57,efectivo,57046.97,moto_electrica,9313.79,6.166593,-75.601377
e513f29e-25bc-49a7-93f3-80781d00bf4a,13e0122f-67ce-494f-8347-6975e8c8f54e,Chapinero,2026-08-21 07:15:51,2026-08-21 07:17:51,2026-08-21 07:56:51,entregado,fc03515f-887a-46b7-a44a-8c0fcb0775be,tarjeta,81615.47,bicicleta,13178.92,6.269845,-75.54829
cebdebb6-e64e-4339-9d06-bd0f7a9d0941,aecd818b-df62-4138-a5fd-5d3004aa264b,Norte,2026-08-21 07:49:37,2026-08-21 07:57:37,2026-08-21 08:38:37,entregado,c7821b64-7aa0-48bf-8b4d-b4728048dd60,app,71271.42,moto_electrica,13892.86,6.272346,-75.569066
cd39f9a2-aced-49f3-8eed-5b25ef3cd4ff,e3d7ed4c-b628-4a8e-a070-6cb9dcb5d8d0,Norte,2026-08-21 09:00:48,,,cancelado,,app,35469.11,moto_electrica,8261.9,6.274277,-75.574244
ecae20a1-0002-42ba-b932-b7d5d756a2d0,532946ef-c978-4995-b94c-d3c989755106,Occidente,2026-08-21 09:17:21,2026-08-21 09:32:21,,en_camino,567b2569-6593-43a6-afb7-944d81edda57,app,94979.27,bicicleta,16621.62,6.246695,-75.611071
b2bb88d3-817e-4597-a817-711a754c47be,f5dd7f93-442b-4f9f-b4d8-50c8af7475e5,Sur,2026-08-21 10:56:44,,,pendiente,,efectivo,17450.85,bicicleta,3176.89,6.151142,-75.58941
4d620dc9-3633-4131-867e-dcfa3694b809,85376b3d-bf0a-462c-9812-374620e92e59,Occidente,2026-08-21 11:57:55,2026-08-21 12:07:55,2026-08-21 12:49:55,entregado,d3492baf-d484-402d-a53e-ed3ddd5838b9,app,64926.33,bicicleta,15866.7,6.231435,-75.594102
13ef4d4e-c764-4b44-ad8e-9134dd7a7be0,51890d3e-a96b-4fa2-9f0e-7f00344b0997,Occidente,2026-08-21 13:06:29,2026-08-21 13:10:29,2026-08-21 13:48:29,entregado,45b54b7a-158a-475b-b074-bc304ee06c5f,efectivo,29043.95,bicicleta,5028.62,6.233937,-75.596524
67532dd5-921b-4a92-b0ae-b6e7cd90a129,f00e2d66-a77b-4a5b-a16d-97ff62ba0fd3,Chapinero,2026-08-21 13:42:08,2026-08-21 13:46:08,2026-08-21 14:21:08,entregado,9852732d-4628-4e78-ba2e-16d78d91a915,efectivo,52211.6,bicicleta,11479.5,6.265652,-75.552298
1b9b7c05-51f5-4e15-acef-15f3eda4848a,b2322744-c7c4-49f3-9caa-8df835be917b,Norte,2026-08-21 13:54:18,,,pendiente,,efectivo,36873.17,moto_electrica,7705.24,6.275408,-75.567564
8e9c6b96-a414-42be-bfe6-785238f0f148,41127643-beb8-48b2-958e-79180a8bf64c,Occidente,2026-08-21 14:51:14,2026-08-21 14:53:14,2026-08-21 15:20:14,entregado,65c0052d-e656-48ba-9f6c-ba710d8242eb,tarjeta,79631.27,bicicleta,15778.91,6.241954,-75.605092
b519ecb2-6118-469a-9c8d-be8f1d90df6a,c1c45866-47a2-47f7-b1e6-4dfecbbdda25,Occidente,2026-08-21 14:51:46,2026-08-21 14:56:46,,en_camino,eec9c1a6-fa0a-4ee3-bcf5-687cf4ffffd1,efectivo,63691.78,bicicleta,10643.91,6.24768,-75.593246
e9251bcd-b11a-425f-91d9-ecedfc9490fe,f2dfaa5a-f205-4345-92ca-af0a6f5a2de7,Occidente,2026-08-21 15:46:03,2026-08-21 15:51:03,2026-08-21 16:12:03,entregado,9852732d-4628-4e78-ba2e-16d78d91a915,tarjeta,21154.65,moto_electrica,3552.32,6.246834,-75.59085
5ae6a593-b894-4c19-a588-f65933c6659e,219bd9f5-a5f7-46bb-88b4-e9133b083ff7,Centro,2026-08-21 16:43:56,2026-08-21 16:48:56,2026-08-21 17:12:56,entregado,8caf803c-0a87-4a8a-88c8-b2e2476e1eeb,efectivo,69251.03,moto_electrica,15564.93,6.245761,-75.565673
0d6b3c33-9d62-4b3c-8fee-f4962c37fa43,3f8d1bde-b423-4744-8ce5-b3e0ca57dbac,Sur,2026-08-21 17:50:55,2026-08-21 17:59:55,2026-08-21 18:17:55,entregado,7e7763b0-2145-4ea0-99f0-070486f95eff,tarjeta,34168.94,moto_electrica,5761.74,6.16216,-75.586499
5211bb99-9fd2-487d-bf96-86fc24e999de,3f8d1bde-b423-4744-8ce5-b3e0ca57dbac,Norte,2026-08-21 18:02:43,,,pendiente,,efectivo,63367.61,bicicleta,10453.5,6.288825,-75.564887
f1f81fb1-98d8-4016-bc8b-ff54a7dbfd67,a200fb08-fef7-4a11-b4af-a7fc9c26bc2e,Chapinero,2026-08-21 19:40:51,2026-08-21 19:55:51,2026-08-21 20:26:51,entregado,ddf43472-6d4b-4f43-8038-029005b65044,efectivo,65988.64,bicicleta,13831.24,6.261188,-75.54867
df5d2154-ec35-49ff-aaaa-5490d78d986d,53e623f4-bf20-4228-82e3-ee34aa52cc05,Chapinero,2026-08-21 22:52:59,2026-08-21 22:54:59,2026-08-21 23:31:59,entregado,567b2569-6593-43a6-afb7-944d81edda57,app,54226.98,bicicleta,12631.76,6.264073,-75.552744
98d991d3-d9fe-4e55-b29d-d43b3f7eea69,64435586-3152-4620-8118-8c603a6994f4,Sur,2026-08-21 22:53:06,2026-08-21 23:06:06,2026-08-21 23:21:06,entregado,d3492baf-d484-402d-a53e-ed3ddd5838b9,app,20346.71,moto_electrica,3671.85,6.167439,-75.592881
8c1589fc-14ff-4980-9494-0103e99e9e85,0604c774-2d96-40ec-b987-51c090ef688c,Chapinero,2026-08-21 23:13:32,2026-08-21 23:19:32,2026-08-21 23:40:32,entregado,c946470e-cab4-4e7a-bcca-849685696e98,app,50272.85,moto_electrica,12006.17,6.261947,-75.548205
c092c2da-3ec2-4636-8255-0efff1d06171,3f8d1bde-b423-4744-8ce5-b3e0ca57dbac,Norte,2026-08-22 00:13:23,2026-08-22 00:19:23,2026-08-22 00:50:23,entregado,683d79f9-8c30-41e0-8b8b-0050b7d22560,tarjeta,85974.42,moto_electrica,17486.61,6.28881,-75.570636
475c0eec-aba4-4442-b1d9-82a309b29bbb,48bc34d2-7f99-4cca-8c08-2dc33d442d18,Centro,2026-08-22 01:40:43,2026-08-22 01:51:43,2026-08-22 02:29:43,entregado,7e7763b0-2145-4ea0-99f0-070486f95eff,efectivo,63988.28,bicicleta,11641.0,6.256372,-75.560277
2447ff7c-774d-4093-bb6a-c8f0c89b0daf,9b929e05-3be7-47f5-8987-51f10d07938d,Sur,2026-08-22 02:56:02,2026-08-22 03:05:02,2026-08-22 03:33:02,entregado,ae960795-51c3-43fe-8b0c-cd21d3738b27,efectivo,88459.56,bicicleta,19725.51,6.177029,-75.593852
88d69197-ff86-4de7-accb-3a74a038182e,c2117215-2808-47fd-8fc9-330bdba5c03a,Chapinero,2026-08-22 03:19:57,2026-08-22 03:22:57,2026-08-22 03:52:57,entregado,3a4a49e1-666d-4fe0-be3c-6ffb0dd04f55,efectivo,60712.39,moto_electrica,14694.06,6.263244,-75.555222
efd5c33c-f78f-4b40-bad5-e866d09f048e,d9f1576e-b837-45f6-9043-bc29a44d438c,Chapinero,2026-08-22 03:25:25,2026-08-22 03:35:25,2026-08-22 04:12:25,entregado,3a4a49e1-666d-4fe0-be3c-6ffb0dd04f55,tarjeta,23059.74,bicicleta,4458.05,6.262478,-75.549225
ff5d2a10-4e0f-4927-8cb0-6d3ce2b009f3,9b929e05-3be7-47f5-8987-51f10d07938d,Occidente,2026-08-22 06:00:51,,,pendiente,,tarjeta,80408.03,bicicleta,14780.45,6.276824,-75.611669
086eff39-3597-42c5-b98a-55728890c149,2f140e7e-0b9b-4cce-b801-9e5693a57e67,Norte,2026-08-22 06:11:36,2026-08-22 06:21:36,2026-08-22 07:02:36,entregado,d3492baf-d484-402d-a53e-ed3ddd5838b9,app,53375.09,moto_electrica,11180.04,6.276877,-75.565862
a822afda-e764-459a-b319-8daab7970075,41127643-beb8-48b2-958e-79180a8bf64c,Chapinero,2026-08-22 06:34:02,2026-08-22 06:38:02,2026-08-22 07:01:02,entregado,eec9c1a6-fa0a-4ee3-bcf5-687cf4ffffd1,efectivo,61955.32,moto_electrica,12576.28,6.266564,-75.555721
68850c47-f853-4299-93b1-b558a9079390,1183439d-4b22-4c45-9ada-cbc6d34960d7,Centro,2026-08-22 07:58:23,2026-08-22 08:07:23,2026-08-22 08:40:23,entregado,d3492baf-d484-402d-a53e-ed3ddd5838b9,app,29949.79,bicicleta,5259.45,6.246833,-75.563095
e1ccc4e9-ec09-44ff-9342-e66ae1b15a7d,53e623f4-bf20-4228-82e3-ee34aa52cc05,Norte,2026-08-22 09:08:21,2026-08-22 09:17:21,2026-08-22 09:57:21,entregado,c7821b64-7aa0-48bf-8b4d-b4728048dd60,tarjeta,74896.67,moto_electrica,14779.7,6.275581,-75.553268
490646e3-3d63-4e03-ba6b-7924112e116f,85d139a7-7a45-49aa-9638-dcd1f5d1c539,Centro,2026-08-22 11:14:19,2026-08-22 11:20:19,2026-08-22 11:42:19,entregado,c37ce403-bebf-4091-b511-62cf4048e8c2,tarjeta,77451.15,moto_electrica,17102.32,6.240379,-75.56416
3937dee9-1cd7-4dde-a422-a5290e67abfe,bb4ee5cc-800a-45a7-9b16-65e6a83af29c,Centro,2026-08-22 11:50:07,2026-08-22 12:02:07,2026-08-22 12:35:07,entregado,8caf803c-0a87-4a8a-88c8-b2e2476e1eeb,efectivo,45157.04,bicicleta,10683.83,6.247943,-75.560764
94fb8d77-3cfa-44aa-bb69-c40fdac9e2e8,c6b06ff5-5bd5-4cf6-9ab7-14b19aae54c6,Norte,2026-08-22 13:01:41,2026-08-22 13:07:41,2026-08-22 13:52:41,entregado,7814bc90-b0b8-47d7-afaf-af5aeb7abd42,tarjeta,36214.48,moto_electrica,7587.09,6.27185,-75.556772
07eeac1e-398a-4310-9815-a334ec648a96,2db7afb4-3544-4567-8108-5861c213f9ed,Chapinero,2026-08-22 14:11:35,2026-08-22 14:15:35,2026-08-22 14:47:35,entregado,4fb4b86b-6657-418f-9af0-05576b82420b,tarjeta,86908.61,bicicleta,13342.45,6.26615,-75.553313
3eb45510-7440-4d96-8ebd-1623d030ea2f,d93054ed-cd47-4d20-aed5-d5b5d35ef806,Norte,2026-08-22 15:09:54,2026-08-22 15:12:54,2026-08-22 16:08:54,entregado,8caf803c-0a87-4a8a-88c8-b2e2476e1eeb,efectivo,83706.97,bicicleta,16266.64,6.274629,-75.554672
90b08768-a9b1-402d-859c-84e053085997,da8767ea-5f63-4a99-97c2-d4b473af120b,Centro,2026-08-22 15:11:33,2026-08-22 15:23:33,2026-08-22 16:01:33,entregado,9852732d-4628-4e78-ba2e-16d78d91a915,tarjeta,55032.96,bicicleta,10986.05,6.245338,-75.557535
3df38e9c-3263-4fcd-8e5e-ac103d91bde7,f5dd7f93-442b-4f9f-b4d8-50c8af7475e5,Norte,2026-08-22 17:17:12,2026-08-22 17:22:12,2026-08-22 18:12:12,entregado,7814bc90-b0b8-47d7-afaf-af5aeb7abd42,tarjeta,73054.65,bicicleta,14856.77,6.294431,-75.556303
540d1117-3a03-4789-a388-1dd38580dffb,8f0ac0bd-4c61-4d9c-8a0a-a6c0f2d7227c,Norte,2026-08-22 17:39:10,2026-08-22 17:48:10,2026-08-22 18:24:10,entregado,bb6f84b2-6b62-49d9-ac7c-390723a72a9b,tarjeta,33566.32,moto_electrica,7371.19,6.290673,-75.573727
3e006ac6-7851-4ae4-a5f5-90b6326a4520,ceb11d92-eaf4-49dc-b011-4eaca397869c,Norte,2026-08-22 19:15:36,2026-08-22 19:26:36,2026-08-22 20:21:36,entregado,f8f6f0d9-c708-4217-bad3-d580bf28fd5f,app,49794.21,bicicleta,8033.66,6.277841,-75.578683
dfea9a4c-7532-4260-bd66-227c1b44ae02,651347e4-debe-4831-bdda-7ce4e7067076,Chapinero,2026-08-22 19:42:55,2026-08-22 19:52:55,2026-08-22 20:12:55,entregado,17e891b7-bc3c-457b-8c87-b29642b7ab70,app,59092.62,moto_electrica,10365.23,6.2616,-75.546892
1ce7b277-d4f6-4386-95c5-b1875d51b39c,3846dadb-18c0-49fe-9be8-725b48a79373,Norte,2026-08-22 20:38:58,2026-08-22 20:49:58,2026-08-22 21:34:58,entregado,d3492baf-d484-402d-a53e-ed3ddd5838b9,app,43644.36,bicicleta,9338.58,6.298771,-75.575744
ebb2df63-ca73-4297-8299-9535c8faea52,33d96349-be47-4ec3-a139-34ca61add917,Centro,2026-08-22 20:43:14,2026-08-22 20:53:14,,en_camino,8dbe836f-3f88-4e02-a3e2-bf2a6a310110,tarjeta,91750.94,moto_electrica,15156.78,6.256008,-75.559019
80466eaa-f61e-4649-8dd6-7ebfbe9bb58e,31403c6d-6d71-4dae-a092-3e351f46b23d,Norte,2026-08-22 20:56:42,2026-08-22 21:02:42,2026-08-22 21:46:42,entregado,dd0aed03-899f-4d40-91a2-c94ffa9d7e52,efectivo,91322.98,moto_electrica,19928.86,6.27614,-75.553673
54922af4-52fe-4fe6-98b5-6d6ba08b5991,e45b976f-47d1-4c49-8f29-db5ab7739caa,Chapinero,2026-08-22 23:35:05,2026-08-22 23:42:05,2026-08-23 00:02:05,entregado,3a4a49e1-666d-4fe0-be3c-6ffb0dd04f55,efectivo,78543.79,moto_electrica,14155.77,6.266911,-75.548473
3c3303e6-1827-43ff-89de-00f00b2b0375,6332c5ab-6d19-41bf-87fa-7ee16a311a73,Norte,2026-08-23 00:05:20,2026-08-23 00:15:20,2026-08-23 00:58:20,entregado,17e891b7-bc3c-457b-8c87-b29642b7ab70,efectivo,17543.72,moto_electrica,4086.08,6.293854,-75.55389
65cce9a6-19fd-4a94-b82c-c2d0720ec5af,bce090af-1112-4cbd-bbaa-873467f9a4fd,Sur,2026-08-23 00:34:06,2026-08-23 00:47:06,2026-08-23 01:02:06,entregado,9852732d-4628-4e78-ba2e-16d78d91a915,app,26531.47,moto_electrica,4874.76,6.15046,-75.584286
a6456bb0-9f4a-40c0-9470-4c6edcd31047,157a44e6-6bcc-45ef-b789-e6ee479dee83,Sur,2026-08-23 01:46:50,2026-08-23 01:52:50,2026-08-23 02:19:50,entregado,dd0aed03-899f-4d40-91a2-c94ffa9d7e52,efectivo,79407.7,bicicleta,15867.97,6.162257,-75.600067
2d990921-2134-4572-8397-ba9201e5c866,f2dfaa5a-f205-4345-92ca-af0a6f5a2de7,Chapinero,2026-08-23 01:49:44,2026-08-23 01:51:44,2026-08-23 02:25:44,entregado,652a1885-2699-4597-afd1-1379a48e1f75,tarjeta,45964.27,bicicleta,8080.91,6.264,-75.554218
86072796-13fe-422a-84a6-dc2484a0dd8c,9b929e05-3be7-47f5-8987-51f10d07938d,Norte,2026-08-23 01:59:35,2026-08-23 02:04:35,2026-08-23 02:55:35,entregado,48692700-055f-400c-8687-6573be0be73f,efectivo,69451.98,bicicleta,14188.65,6.281921,-75.557471
0ad21441-e383-49e8-b981-1d0f7cd8fc16,31e98e9a-24de-4294-8826-fc491e8529cc,Chapinero,2026-08-23 02:21:17,,,pendiente,,app,84966.24,moto_electrica,19889.94,6.265072,-75.547948
88f47c4d-a9eb-434e-9c67-1a7fd8f3e7fa,a200fb08-fef7-4a11-b4af-a7fc9c26bc2e,Chapinero,2026-08-23 03:17:08,2026-08-23 03:27:08,2026-08-23 03:44:08,entregado,17e891b7-bc3c-457b-8c87-b29642b7ab70,efectivo,21435.42,moto_electrica,3369.31,6.262579,-75.542011
ec4b0a7d-b254-4fb2-b147-90030ff30747,6332c5ab-6d19-41bf-87fa-7ee16a311a73,Centro,2026-08-23 03:33:11,2026-08-23 03:44:11,2026-08-23 04:22:11,entregado,c946470e-cab4-4e7a-bcca-849685696e98,app,68328.82,bicicleta,15074.46,6.253471,-75.554733
67220996-a2f1-4f1a-b7f5-c75fcf8fc07c,ceb11d92-eaf4-49dc-b011-4eaca397869c,Occidente,2026-08-23 04:39:17,2026-08-23 04:52:17,2026-08-23 05:30:17,entregado,8caf803c-0a87-4a8a-88c8-b2e2476e1eeb,tarjeta,25651.3,bicicleta,6295.13,6.253302,-75.608347
7880e728-4ea0-4e53-b0bf-ba5984de8215,c868f96d-ea66-42c6-ab2c-c8e836b35c37,Sur,2026-08-23 05:49:05,2026-08-23 06:02:05,2026-08-23 06:39:05,entregado,7bc55f10-dfa3-425e-be6d-9697b5a6edd0,app,28129.93,bicicleta,5182.51,6.17144,-75.58699
fa49d9d0-8622-4d7e-96ef-263c6ad9e762,6a3ea9aa-61e6-4a9b-bb8a-673c32bd53e3,Norte,2026-08-23 06:22:04,,,pendiente,,efectivo,71451.7,moto_electrica,12221.92,6.294768,-75.555813
20ae8a46-eeb1-4325-bb60-0af1f4b0147f,a200fb08-fef7-4a11-b4af-a7fc9c26bc2e,Centro,2026-08-23 06:44:43,2026-08-23 06:53:43,,cancelado,eec9c1a6-fa0a-4ee3-bcf5-687cf4ffffd1,tarjeta,61048.21,moto_electrica,13625.93,6.255404,-75.552388
7bf2c20d-4fd0-4307-a811-8d435c988b63,13e0122f-67ce-494f-8347-6975e8c8f54e,Sur,2026-08-23 07:45:06,2026-08-23 07:48:06,2026-08-23 08:17:06,entregado,4a610ffa-babe-4263-9ee4-1ec7d61cdb29,app,54010.96,bicicleta,11380.91,6.174712,-75.587218
47ecf2b1-16eb-4047-af91-617b26900f07,06e97137-7dac-45fd-8c25-3d5ffc2931e2,Occidente,2026-08-23 08:37:16,2026-08-23 08:47:16,,en_camino,7814bc90-b0b8-47d7-afaf-af5aeb7abd42,efectivo,19236.04,bicicleta,3269.14,6.279618,-75.602291
8d3d6a51-b9f3-4df3-a1e5-da24ea0283be,2bcc12cb-5d87-4176-a287-3a2aee9351e5,Chapinero,2026-08-23 08:52:53,2026-08-23 09:00:53,2026-08-23 09:28:53,entregado,3a4a49e1-666d-4fe0-be3c-6ffb0dd04f55,app,65169.57,bicicleta,15851.31,6.261443,-75.55948
7c02b5f2-361e-4951-b89c-fd15fe9434dc,2db7afb4-3544-4567-8108-5861c213f9ed,Occidente,2026-08-23 09:02:22,2026-08-23 09:10:22,2026-08-23 09:42:22,entregado,dd0aed03-899f-4d40-91a2-c94ffa9d7e52,efectivo,88419.12,bicicleta,15302.17,6.245382,-75.59925
b196b50e-817f-43c2-9341-7b049bf90e7a,85d139a7-7a45-49aa-9638-dcd1f5d1c539,Norte,2026-08-23 09:14:37,2026-08-23 09:22:37,2026-08-23 09:58:37,entregado,48692700-055f-400c-8687-6573be0be73f,tarjeta,81031.22,moto_electrica,19585.76,6.273271,-75.562945
73ba8aad-e7a9-481a-9cb7-7b6d0d8c5373,4bee1913-bb93-433f-b041-83b6d37cbba0,Norte,2026-08-23 09:40:55,,,pendiente,,tarjeta,63921.56,bicicleta,10506.62,6.297596,-75.575052
40138d28-b69b-49ae-aef9-b49e1c452d70,02800f46-ceb6-4272-9dd5-2c07d23ca12a,Chapinero,2026-08-23 11:15:38,2026-08-23 11:30:38,2026-08-23 12:01:38,entregado,3a4a49e1-666d-4fe0-be3c-6ffb0dd04f55,efectivo,56281.97,bicicleta,8850.41,6.267805,-75.558892
1734ad06-29a1-4f85-92de-aa541f75b881,85d139a7-7a45-49aa-9638-dcd1f5d1c539,Sur,2026-08-23 12:47:39,2026-08-23 12:53:39,2026-08-23 13:28:39,entregado,c7821b64-7aa0-48bf-8b4d-b4728048dd60,tarjeta,89719.2,bicicleta,18374.33,6.177498,-75.590948
2159b187-fcb2-4e31-be50-b5ccd38c7603,0604c774-2d96-40ec-b987-51c090ef688c,Centro,2026-08-23 13:07:09,2026-08-23 13:21:09,2026-08-23 13:50:09,entregado,7bc55f10-dfa3-425e-be6d-9697b5a6edd0,tarjeta,75891.49,moto_electrica,14715.61,6.248853,-75.562397
b082a95f-4069-4a42-9fba-a5045746bec2,e45b976f-47d1-4c49-8f29-db5ab7739caa,Norte,2026-08-23 15:27:30,2026-08-23 15:32:30,2026-08-23 16:05:30,entregado,8dbe836f-3f88-4e02-a3e2-bf2a6a310110,app,26382.24,moto_electrica,4536.36,6.285983,-75.55924
4a9cf7a2-37ad-4315-8435-4c519aa99f6d,3846dadb-18c0-49fe-9be8-725b48a79373,Centro,2026-08-23 16:28:57,2026-08-23 16:39:57,2026-08-23 16:58:57,entregado,567b2569-6593-43a6-afb7-944d81edda57,tarjeta,80850.13,moto_electrica,16306.6,6.248459,-75.56266
7fd93d85-9199-48a4-8ddd-ec2010073dc8,e14bdbbd-1b66-47ce-a156-94fef926e48d,Occidente,2026-08-23 17:01:59,2026-08-23 17:06:59,2026-08-23 17:29:59,entregado,d3492baf-d484-402d-a53e-ed3ddd5838b9,app,77740.0,moto_electrica,17849.78,6.265299,-75.610075
b3a581a5-3caf-48b1-b332-e8af0c6e1d1a,34580dd8-9397-4dc9-bc4e-757392d1c5fb,Chapinero,2026-08-23 17:33:59,2026-08-23 17:46:59,,en_camino,567b2569-6593-43a6-afb7-944d81edda57,tarjeta,63654.65,moto_electrica,15114.88,6.266261,-75.55123
2dc9bc30-e1a9-458e-a833-ab2f728f5690,b280052f-e245-4d75-adc7-534e8adc988d,Sur,2026-08-23 18:56:36,2026-08-23 19:07:36,2026-08-23 19:35:36,entregado,ddf43472-6d4b-4f43-8038-029005b65044,efectivo,76751.33,moto_electrica,16343.23,6.160855,-75.590578
7e2e645f-e151-4b4c-ab37-2d1bfeb34ab6,065ed21a-e960-49f7-928c-facf2bab622a,Norte,2026-08-23 19:05:32,2026-08-23 19:16:32,2026-08-23 19:59:32,entregado,65c0052d-e656-48ba-9f6c-ba710d8242eb,tarjeta,61817.74,bicicleta,11463.95,6.286591,-75.572341
0cba5f2e-b1a7-462c-b621-694195447503,d93054ed-cd47-4d20-aed5-d5b5d35ef806,Centro,2026-08-23 19:50:35,2026-08-23 19:59:35,,en_camino,df1dce50-5616-4589-9d5f-16212ef42b85,app,39009.81,bicicleta,9711.47,6.243783,-75.550169
7092166f-60e8-4338-9cf5-83213c0c9c32,641ead09-0b8f-4038-8289-ef1f96225b9d,Occidente,2026-08-23 23:10:18,2026-08-23 23:21:18,2026-08-23 23:59:18,entregado,c7821b64-7aa0-48bf-8b4d-b4728048dd60,efectivo,15162.31,bicicleta,2719.76,6.270705,-75.614256
9524eca9-b576-4af3-b1d5-c8ede6a5b0f4,2493b729-731e-4c01-a114-f6dfc717faa7,Occidente,2026-08-23 23:58:51,2026-08-24 00:03:51,2026-08-24 00:30:51,entregado,7814bc90-b0b8-47d7-afaf-af5aeb7abd42,app,46644.94,bicicleta,8030.17,6.234222,-75.597633
698a2681-da3e-4dd0-af3f-012c9ebbf39e,aecd818b-df62-4138-a5fd-5d3004aa264b,Norte,2026-08-24 00:12:55,2026-08-24 00:19:55,2026-08-24 01:14:55,entregado,3a4a49e1-666d-4fe0-be3c-6ffb0dd04f55,efectivo,42808.95,bicicleta,10652.98,6.28956,-75.573263
080b18fd-054d-4c85-8805-7a44ccc7453d,aecd818b-df62-4138-a5fd-5d3004aa264b,Norte,2026-08-24 00:18:37,,,pendiente,,tarjeta,80167.05,moto_electrica,14787.01,6.293285,-75.551907
f11cf8c4-25ca-47a0-b19a-5e9ffd24964a,4602c60c-7f6c-49b6-a894-2f964ce24e73,Chapinero,2026-08-24 01:35:10,2026-08-24 01:39:10,2026-08-24 02:00:10,entregado,7814bc90-b0b8-47d7-afaf-af5aeb7abd42,app,44145.48,moto_electrica,9302.44,6.262729,-75.559677
0a51eb23-976d-4bd4-a33b-224aed213f29,ceb11d92-eaf4-49dc-b011-4eaca397869c,Occidente,2026-08-24 02:12:24,2026-08-24 02:26:24,2026-08-24 03:08:24,entregado,7bc55f10-dfa3-425e-be6d-9697b5a6edd0,tarjeta,30640.16,bicicleta,7192.92,6.252452,-75.604522
2f4b7e39-22ea-4ecb-a521-2b84331ac704,56eef3c1-26f4-4db0-ae36-a001ada2aa7a,Sur,2026-08-24 02:37:11,2026-08-24 02:52:11,2026-08-24 03:20:11,entregado,8caf803c-0a87-4a8a-88c8-b2e2476e1eeb,app,65436.9,moto_electrica,11987.85,6.176792,-75.584936
31458349-1e52-4235-beaa-e61ea9c9aba6,4602c60c-7f6c-49b6-a894-2f964ce24e73,Chapinero,2026-08-24 03:53:37,2026-08-24 03:55:37,2026-08-24 04:20:37,entregado,c37ce403-bebf-4091-b511-62cf4048e8c2,tarjeta,94699.53,moto_electrica,17323.9,6.260651,-75.541863
f5333f5d-1a96-467b-856e-3e8da138c0e3,30010484-56ff-42bf-8c2c-27a95de8dadb,Chapinero,2026-08-24 04:00:41,2026-08-24 04:02:41,2026-08-24 04:29:41,entregado,4a610ffa-babe-4263-9ee4-1ec7d61cdb29,tarjeta,76798.33,moto_electrica,13258.32,6.268534,-75.546565
db3d25be-6edb-4716-ab2c-a24b7e014070,33d96349-be47-4ec3-a139-34ca61add917,Sur,2026-08-24 04:34:03,2026-08-24 04:40:03,2026-08-24 05:13:03,entregado,dd0aed03-899f-4d40-91a2-c94ffa9d7e52,app,26151.45,bicicleta,6456.87,6.176106,-75.596821
3022cb4a-3e08-4618-a0c3-c8a89b6a846f,3eaec931-6c40-439f-b3ae-a324b6ed84ac,Occidente,2026-08-24 05:02:58,,,pendiente,,efectivo,73841.67,moto_electrica,13983.42,6.243304,-75.615485
868819a9-0351-49a5-83b6-1b45f28902d9,c6b06ff5-5bd5-4cf6-9ab7-14b19aae54c6,Sur,2026-08-24 05:32:48,2026-08-24 05:38:48,2026-08-24 06:19:48,entregado,3a4a49e1-666d-4fe0-be3c-6ffb0dd04f55,efectivo,50669.09,bicicleta,9258.44,6.179113,-75.59936
8d984d20-e437-4323-9b2b-af1c19238ddf,2db7afb4-3544-4567-8108-5861c213f9ed,Centro,2026-08-24 05:55:24,2026-08-24 06:01:24,2026-08-24 06:30:24,entregado,dd0aed03-899f-4d40-91a2-c94ffa9d7e52,tarjeta,59521.22,moto_electrica,14551.48,6.248786,-75.557808
466dbf3e-1533-452e-9704-397f5548f2a3,b08e0f7c-3078-41b9-8e89-00b4e8e31b8d,Chapinero,2026-08-24 05:55:29,2026-08-24 06:07:29,2026-08-24 06:39:29,entregado,17e891b7-bc3c-457b-8c87-b29642b7ab70,app,32487.94,bicicleta,7418.85,6.260903,-75.559348
b5764eb2-3bf0-41f6-b992-d95bd7c0d689,85376b3d-bf0a-462c-9812-374620e92e59,Occidente,2026-08-24 08:31:11,2026-08-24 08:44:11,2026-08-24 09:23:11,entregado,d3492baf-d484-402d-a53e-ed3ddd5838b9,efectivo,73090.48,bicicleta,12249.8,6.268626,-75.610381
09dc66d9-2a71-4896-9fda-0342bdc9d824,501d52ea-dd62-4c6b-b43e-eb3cd5fa2d37,Chapinero,2026-08-24 10:01:11,2026-08-24 10:15:11,2026-08-24 10:44:11,entregado,48692700-055f-400c-8687-6573be0be73f,app,69300.78,moto_electrica,11094.72,6.267507,-75.547098
b581705b-13d6-47cf-beb6-d8963ec3c063,c0865051-d7c6-4a00-b5f5-c553e05e7b6f,Norte,2026-08-24 10:36:16,2026-08-24 10:42:16,2026-08-24 11:37:16,entregado,eec9c1a6-fa0a-4ee3-bcf5-687cf4ffffd1,app,76299.08,bicicleta,14099.82,6.28358,-75.571979
f9fd68ed-4eb8-4625-ba74-e1f07c53915e,7f429b09-d2c9-4b17-84f6-4ef50370180a,Norte,2026-08-24 10:49:36,2026-08-24 11:01:36,,en_camino,2ba6deb3-6f6f-4b15-86fc-06a32886e27a,efectivo,49890.47,moto_electrica,10637.86,6.282406,-75.569132
ffb6e656-12c5-41e8-9c38-c5d010e62980,d9f1576e-b837-45f6-9043-bc29a44d438c,Sur,2026-08-24 11:16:00,2026-08-24 11:29:00,2026-08-24 11:54:00,entregado,df1dce50-5616-4589-9d5f-16212ef42b85,efectivo,48423.85,moto_electrica,8341.55,6.178069,-75.582656
7b04ffb1-be59-44d9-ab1b-71f50d6398e5,9b48ed18-2e2c-49c0-8caf-85c1d0fd941e,Centro,2026-08-24 12:27:52,2026-08-24 12:36:52,2026-08-24 12:57:52,entregado,17e891b7-bc3c-457b-8c87-b29642b7ab70,tarjeta,75747.19,moto_electrica,17649.9,6.25914,-75.55943
c20157e8-13aa-4fb8-96e0-dfd35c6ca9ab,3b9ed80e-3c01-457b-bd6e-f8878424b937,Sur,2026-08-24 14:14:50,2026-08-24 14:26:50,2026-08-24 14:58:50,entregado,7bc55f10-dfa3-425e-be6d-9697b5a6edd0,tarjeta,43243.07,bicicleta,8422.29,6.158088,-75.596896
bcc42f0f-96fe-464f-ac4e-75ba038a95f5,532946ef-c978-4995-b94c-d3c989755106,Centro,2026-08-24 14:29:35,2026-08-24 14:35:35,2026-08-24 15:14:35,entregado,c7821b64-7aa0-48bf-8b4d-b4728048dd60,app,33246.22,bicicleta,8065.97,6.257529,-75.562227
07e6ec3b-12de-4036-a1f4-1a59a7c52106,5a53097d-77e6-43e0-970b-3e537f059cf8,Norte,2026-08-24 16:01:30,2026-08-24 16:09:30,2026-08-24 16:42:30,entregado,eec9c1a6-fa0a-4ee3-bcf5-687cf4ffffd1,efectivo,87710.72,moto_electrica,15673.58,6.295801,-75.562315
1ef87ea9-113c-49d4-b064-4b63cbb65d96,f2dfaa5a-f205-4345-92ca-af0a6f5a2de7,Norte,2026-08-24 16:11:59,2026-08-24 16:14:59,,en_camino,c946470e-cab4-4e7a-bcca-849685696e98,efectivo,39462.26,bicicleta,7701.28,6.292422,-75.563856
db0b69f0-3add-47b3-bc9f-e8fb9dcd23fa,0bf86823-cb4c-48f8-8917-ae330525c6d5,Centro,2026-08-24 17:40:03,2026-08-24 17:43:03,2026-08-24 18:19:03,entregado,7814bc90-b0b8-47d7-afaf-af5aeb7abd42,app,24344.34,bicicleta,5182.01,6.253841,-75.554124
b0d1c69c-415e-442b-8649-689b3cd0ea83,8193543e-ba17-4ff3-9344-5f76c2184657,Norte,2026-08-24 18:03:32,2026-08-24 18:11:32,2026-08-24 19:00:32,entregado,c946470e-cab4-4e7a-bcca-849685696e98,app,43100.18,bicicleta,9853.13,6.279835,-75.579446
70c82860-edaa-4900-93ca-fa293f1e7406,575c8a28-ba91-49bb-a720-b2b5c45d5a33,Occidente,2026-08-24 19:06:53,2026-08-24 19:17:53,2026-08-24 19:34:53,entregado,17e891b7-bc3c-457b-8c87-b29642b7ab70,efectivo,50819.17,moto_electrica,10713.11,6.232887,-75.602386
7d328234-2142-4cd3-a76a-cebc834e8097,5cce9a92-b20a-48a7-b742-27d2cd0fa666,Sur,2026-08-24 20:06:56,2026-08-24 20:15:56,,cancelado,4a610ffa-babe-4263-9ee4-1ec7d61cdb29,app,81395.76,bicicleta,16172.51,6.159121,-75.604216
b1364f67-14de-4595-a97a-0674c6909298,c6b06ff5-5bd5-4cf6-9ab7-14b19aae54c6,Norte,2026-08-24 20:15:03,2026-08-24 20:30:03,2026-08-24 21:06:03,entregado,48692700-055f-400c-8687-6573be0be73f,efectivo,73699.94,moto_electrica,12968.69,6.28674,-75.555962
74903fa5-6507-4348-b916-69f9cecc1220,d2f47d32-9cdf-43f5-b42e-78288a36515c,Chapinero,2026-08-24 20:33:01,2026-08-24 20:37:01,2026-08-24 20:55:01,entregado,65c0052d-e656-48ba-9f6c-ba710d8242eb,app,22373.72,moto_electrica,4309.27,6.266651,-75.550727
cc88b906-f6de-4a87-9b96-16794ab699a9,fa03a4c0-a33c-47a6-aa10-616ec3e63346,Occidente,2026-08-24 20:55:28,2026-08-24 21:06:28,2026-08-24 21:36:28,entregado,567b2569-6593-43a6-afb7-944d81edda57,efectivo,81277.04,bicicleta,13876.55,6.239066,-75.593027
87326701-72a4-47d0-8847-793032d08d51,0476ef54-6995-4f39-af70-f7f670e33789,Centro,2026-08-24 21:31:32,2026-08-24 21:44:32,2026-08-24 22:04:32,entregado,8caf803c-0a87-4a8a-88c8-b2e2476e1eeb,tarjeta,55028.06,moto_electrica,9805.5,6.25175,-75.55835
aa789711-6ef1-49ff-929f-24b95833bf4c,9b929e05-3be7-47f5-8987-51f10d07938d,Chapinero,2026-08-24 22:13:30,2026-08-24 22:21:30,2026-08-24 22:43:30,entregado,ddf43472-6d4b-4f43-8038-029005b65044,efectivo,76014.58,moto_electrica,11424.2,6.264978,-75.542032
38fb5d90-2db6-43d7-a934-5a38ae241aec,0476ef54-6995-4f39-af70-f7f670e33789,Chapinero,2026-08-24 22:23:49,2026-08-24 22:36:49,2026-08-24 23:02:49,entregado,c7821b64-7aa0-48bf-8b4d-b4728048dd60,efectivo,61571.08,moto_electrica,11559.16,6.26828,-75.55506
11d34393-ae91-4294-bd19-e9b7b940d94c,a28985ff-49c5-4625-acee-adacb4e59154,Occidente,2026-08-24 23:24:54,2026-08-24 23:31:54,2026-08-25 00:00:54,entregado,7bc55f10-dfa3-425e-be6d-9697b5a6edd0,app,79738.34,moto_electrica,15127.82,6.254688,-75.603626
176feff9-d662-45f3-99df-f72db0065eb0,1bb9fc1b-4864-44ef-a2b3-5ea92d0e0afa,Chapinero,2026-08-24 23:30:46,2026-08-24 23:42:46,2026-08-25 00:22:46,entregado,eec9c1a6-fa0a-4ee3-bcf5-687cf4ffffd1,tarjeta,64096.42,bicicleta,15700.4,6.267468,-75.55049
1c0acc8d-0aab-4690-bfa0-246028b6c31e,214122ff-3ed0-4ee7-b22f-e1e1b8f04e7e,Sur,2026-08-25 00:10:43,2026-08-25 00:13:43,2026-08-25 00:36:43,entregado,c946470e-cab4-4e7a-bcca-849685696e98,app,16151.32,moto_electrica,3044.66,6.156726,-75.598332
6c000a97-ed3d-44d0-ae7a-c67b9035c0c9,f2dfaa5a-f205-4345-92ca-af0a6f5a2de7,Centro,2026-08-25 00:33:35,2026-08-25 00:43:35,2026-08-25 01:01:35,entregado,fc03515f-887a-46b7-a44a-8c0fcb0775be,tarjeta,40012.45,moto_electrica,8414.66,6.246033,-75.55779
55e36202-0eef-4bf5-b62f-e27e4166d152,8c4b07f3-4be0-4550-a487-d5bfdfe98e97,Occidente,2026-08-25 01:43:24,2026-08-25 01:52:24,2026-08-25 02:12:24,entregado,4fb4b86b-6657-418f-9af0-05576b82420b,efectivo,28289.46,moto_electrica,5839.17,6.233523,-75.604938
14b6bdf4-1f2f-48ac-a8b2-a1fc263f4d76,c1c45866-47a2-47f7-b1e6-4dfecbbdda25,Centro,2026-08-25 02:38:44,2026-08-25 02:41:44,2026-08-25 03:05:44,entregado,7814bc90-b0b8-47d7-afaf-af5aeb7abd42,efectivo,88001.27,moto_electrica,19680.05,6.250639,-75.567848
c51c8fff-bccc-4c0b-9a0c-c2f3f30b5720,124884e3-8948-4e50-af07-f6c130335c60,Sur,2026-08-25 02:59:58,,,pendiente,,tarjeta,31273.39,bicicleta,7603.12,6.153488,-75.606063
be066a4a-d34e-48c7-ae5d-d6c7b2e5af76,7d75a9ec-1aa7-433b-920a-65483447d468,Norte,2026-08-25 04:17:04,2026-08-25 04:31:04,2026-08-25 05:04:04,entregado,652a1885-2699-4597-afd1-1379a48e1f75,tarjeta,91636.07,moto_electrica,22566.07,6.274011,-75.576569
d9cb54a5-8010-45b8-9f3f-ca8b4523da19,e933ff4c-ee9c-4811-81b0-36ecf8c6f87a,Sur,2026-08-25 04:43:12,2026-08-25 04:55:12,2026-08-25 05:25:12,entregado,d3492baf-d484-402d-a53e-ed3ddd5838b9,efectivo,57577.74,moto_electrica,9646.03,6.163746,-75.592312
c51946e1-bf57-4753-9a44-639df3869ae4,9b929e05-3be7-47f5-8987-51f10d07938d,Centro,2026-08-25 05:01:15,2026-08-25 05:12:15,,en_camino,3a4a49e1-666d-4fe0-be3c-6ffb0dd04f55,tarjeta,47021.89,bicicleta,11175.08,6.248963,-75.566173
02f38078-a379-4ada-91f5-0b70efc9a9f0,0bf86823-cb4c-48f8-8917-ae330525c6d5,Occidente,2026-08-25 05:26:55,2026-08-25 05:33:55,2026-08-25 06:03:55,entregado,c946470e-cab4-4e7a-bcca-849685696e98,efectivo,89345.47,moto_electrica,16065.26,6.266128,-75.614091
5db1f27a-a5d3-44e6-85cf-ccdc60604173,937fe017-e232-4857-842b-9c2982b4c987,Norte,2026-08-25 06:27:25,2026-08-25 06:42:25,2026-08-25 07:13:25,entregado,ddf43472-6d4b-4f43-8038-029005b65044,tarjeta,49275.67,moto_electrica,12087.14,6.271361,-75.569653
fa73c334-ab54-47a7-83a4-20a9ceb0f765,31e98e9a-24de-4294-8826-fc491e8529cc,Norte,2026-08-25 06:45:53,2026-08-25 06:49:53,2026-08-25 07:34:53,entregado,c37ce403-bebf-4091-b511-62cf4048e8c2,app,74354.55,bicicleta,14554.95,6.2806,-75.573352
6ab4db0c-d2f9-4bd3-a0e8-79776b5c43c1,a76b46d5-3d05-4c09-9857-29ce77b7ebf6,Occidente,2026-08-25 08:09:26,2026-08-25 08:18:26,2026-08-25 09:00:26,entregado,8caf803c-0a87-4a8a-88c8-b2e2476e1eeb,tarjeta,44047.18,bicicleta,8748.45,6.278686,-75.597483
dc551963-6281-4632-bd4f-860b16dd91c5,8193543e-ba17-4ff3-9344-5f76c2184657,Occidente,2026-08-25 08:15:43,2026-08-25 08:20:43,2026-08-25 09:01:43,entregado,ddf43472-6d4b-4f43-8038-029005b65044,app,43470.48,bicicleta,7211.88,6.231784,-75.601153
4e2a6d57-2d9b-4202-80ad-71102555d7c0,6c7dcc33-6f64-4bae-a30c-600099b54f33,Centro,2026-08-25 08:17:10,2026-08-25 08:31:10,2026-08-25 08:47:10,entregado,df1dce50-5616-4589-9d5f-16212ef42b85,tarjeta,15029.05,moto_electrica,2785.76,6.247314,-75.551184
a37d13a3-40fa-4f35-a93e-e2f545c1b7f9,c868f96d-ea66-42c6-ab2c-c8e836b35c37,Centro,2026-08-25 09:22:38,2026-08-25 09:27:38,,en_camino,d3492baf-d484-402d-a53e-ed3ddd5838b9,app,69836.04,moto_electrica,15905.22,6.257721,-75.565936
f9b1088c-94a6-401e-8f8c-1519e0642c68,a5fc4169-f965-493f-a8db-e44edb1d21a7,Occidente,2026-08-25 09:59:41,2026-08-25 10:03:41,,cancelado,45b54b7a-158a-475b-b074-bc304ee06c5f,tarjeta,23706.28,moto_electrica,5724.31,6.246881,-75.607751
add1c2a8-3d95-44c5-b7fb-3d990607e2ad,64435586-3152-4620-8118-8c603a6994f4,Norte,2026-08-25 10:04:38,2026-08-25 10:12:38,2026-08-25 10:45:38,entregado,bb6f84b2-6b62-49d9-ac7c-390723a72a9b,tarjeta,29833.7,moto_electrica,5842.87,6.277457,-75.567062
197f48b7-9182-40b4-ae00-406d94da4ce3,c9baeee8-18c8-43a5-91a4-eb6a1108ec13,Chapinero,2026-08-25 11:14:56,2026-08-25 11:26:56,2026-08-25 11:44:56,entregado,8dbe836f-3f88-4e02-a3e2-bf2a6a310110,tarjeta,74863.13,moto_electrica,13128.89,6.262163,-75.553384
de2f5fbd-fd95-4c21-8c9d-fb39ea862e71,66379f01-baf4-4625-af97-5671a7553d51,Occidente,2026-08-25 11:48:26,2026-08-25 11:56:26,2026-08-25 12:16:26,entregado,f8f6f0d9-c708-4217-bad3-d580bf28fd5f,efectivo,34288.79,moto_electrica,5873.62,6.233467,-75.594636
c4a74337-d34e-480a-a297-847c1366a5ce,a5fc4169-f965-493f-a8db-e44edb1d21a7,Chapinero,2026-08-25 12:20:47,2026-08-25 12:29:47,2026-08-25 13:10:47,entregado,c7821b64-7aa0-48bf-8b4d-b4728048dd60,app,59858.62,bicicleta,12568.84,6.26379,-75.554963
260d2fc7-aa5e-4e70-9776-710e38342cf5,54233927-6db7-4079-8943-602740d70b79,Occidente,2026-08-25 13:48:24,2026-08-25 13:50:24,,en_camino,4a610ffa-babe-4263-9ee4-1ec7d61cdb29,app,49108.16,moto_electrica,9406.4,6.248134,-75.617297
b2a5e22c-5de8-4ec0-9bed-620361ea5857,b2322744-c7c4-49f3-9caa-8df835be917b,Chapinero,2026-08-25 16:45:36,2026-08-25 16:52:36,2026-08-25 17:11:36,entregado,ddf43472-6d4b-4f43-8038-029005b65044,app,58243.08,moto_electrica,8945.39,6.267266,-75.554319
44710b58-9d76-4781-a12d-953b19f99fce,d2f47d32-9cdf-43f5-b42e-78288a36515c,Norte,2026-08-25 16:45:39,2026-08-25 16:52:39,2026-08-25 17:43:39,entregado,d3492baf-d484-402d-a53e-ed3ddd5838b9,tarjeta,15935.43,bicicleta,2956.41,6.279502,-75.57704
1801bdab-50ec-477d-a2a7-d83239539e8b,975f478d-4a1e-48cd-b2b3-f923d30b9251,Occidente,2026-08-25 17:15:22,2026-08-25 17:24:22,2026-08-25 17:53:22,entregado,48692700-055f-400c-8687-6573be0be73f,tarjeta,71682.95,moto_electrica,13426.11,6.279557,-75.615801
218e5b30-d424-4458-9d5e-4ca05757645c,66379f01-baf4-4625-af97-5671a7553d51,Chapinero,2026-08-25 19:36:36,2026-08-25 19:39:36,2026-08-25 20:04:36,entregado,ae960795-51c3-43fe-8b0c-cd21d3738b27,tarjeta,79880.69,moto_electrica,15685.15,6.26514,-75.548545
176c8f15-7f65-44d5-888f-5db2d8cfd47c,85376b3d-bf0a-462c-9812-374620e92e59,Occidente,2026-08-25 19:41:36,2026-08-25 19:47:36,2026-08-25 20:21:36,entregado,683d79f9-8c30-41e0-8b8b-0050b7d22560,app,21255.72,bicicleta,4561.57,6.245417,-75.599581
9b2874f4-2eda-4b6f-ae4e-d4a8e26530ff,fd944984-53a0-49d4-9474-ceb6fa280378,Norte,2026-08-25 19:48:20,2026-08-25 19:53:20,2026-08-25 20:43:20,entregado,f8f6f0d9-c708-4217-bad3-d580bf28fd5f,tarjeta,36024.1,bicicleta,7609.31,6.291726,-75.566732
da350180-425f-408a-995f-d6a0b008bff2,67eb9b39-abd5-461d-a8a3-342c6d582d81,Occidente,2026-08-25 20:38:26,2026-08-25 20:48:26,2026-08-25 21:08:26,entregado,48692700-055f-400c-8687-6573be0be73f,efectivo,61427.92,moto_electrica,11738.37,6.259873,-75.60649
9d35d17b-a469-43e9-86df-76f96771e86e,fa03a4c0-a33c-47a6-aa10-616ec3e63346,Chapinero,2026-08-25 20:53:17,2026-08-25 20:56:17,2026-08-25 21:28:17,entregado,4a610ffa-babe-4263-9ee4-1ec7d61cdb29,efectivo,54283.72,bicicleta,8867.06,6.2629,-75.540888
979b5118-c43d-4c03-97f3-e84c0c412ddf,3b9ed80e-3c01-457b-bd6e-f8878424b937,Sur,2026-08-25 21:22:05,2026-08-25 21:26:05,2026-08-25 21:54:05,entregado,c946470e-cab4-4e7a-bcca-849685696e98,app,59203.97,bicicleta,11895.22,6.177961,-75.590519
d668350b-28ad-419a-b9af-86ede5efdc4e,575c8a28-ba91-49bb-a720-b2b5c45d5a33,Occidente,2026-08-25 22:52:38,2026-08-25 23:02:38,2026-08-25 23:34:38,entregado,7814bc90-b0b8-47d7-afaf-af5aeb7abd42,efectivo,26945.54,bicicleta,5405.14,6.244904,-75.607804
00417fdd-5853-46df-ba8a-19887d799c6f,133e7b9f-2385-4705-9e99-3eb72a0f75cb,Centro,2026-08-25 23:43:22,2026-08-25 23:50:22,2026-08-26 00:18:22,entregado,17e891b7-bc3c-457b-8c87-b29642b7ab70,app,33518.14,bicicleta,5537.44,6.24851,-75.567104
3395b6c9-fb76-43ea-b72f-1cce6504662a,bce090af-1112-4cbd-bbaa-873467f9a4fd,Norte,2026-08-26 00:23:58,,,pendiente,,efectivo,24319.48,moto_electrica,4748.76,6.293786,-75.552747
d735b5dd-634c-4b8c-b68a-3058df749a53,0cecba19-546d-45bc-a482-e679d7148b85,Centro,2026-08-26 00:43:12,2026-08-26 00:47:12,2026-08-26 01:03:12,entregado,17e891b7-bc3c-457b-8c87-b29642b7ab70,efectivo,60371.69,moto_electrica,10672.6,6.242633,-75.568587
a0fd5086-48b9-4456-b838-d19cc1b79dfa,d6fde3c1-dc4b-4f8c-bad9-53234ff05ee2,Norte,2026-08-26 03:22:17,2026-08-26 03:30:17,2026-08-26 04:18:17,entregado,652a1885-2699-4597-afd1-1379a48e1f75,efectivo,43939.41,bicicleta,8833.57,6.298116,-75.55003
40b45f5f-aab7-4a7f-a5a5-5637a0a897ff,cde4c37d-3d93-402d-8476-5ac08324b8fc,Norte,2026-08-26 04:16:13,2026-08-26 04:23:13,2026-08-26 04:58:13,entregado,8caf803c-0a87-4a8a-88c8-b2e2476e1eeb,app,24742.98,moto_electrica,5668.07,6.28735,-75.571945
89f3774b-a8e1-4dfb-a19a-43083be04dbc,3eaec931-6c40-439f-b3ae-a324b6ed84ac,Occidente,2026-08-26 04:30:49,2026-08-26 04:42:49,2026-08-26 05:18:49,entregado,4833d69a-eb17-4595-b943-0c1a439dce6a,app,47502.99,bicicleta,11574.68,6.233102,-75.591584
fd42195d-1e62-4e69-bb51-ace53df8625a,a200fb08-fef7-4a11-b4af-a7fc9c26bc2e,Centro,2026-08-26 06:52:39,2026-08-26 07:05:39,2026-08-26 07:24:39,entregado,dd0aed03-899f-4d40-91a2-c94ffa9d7e52,efectivo,84929.82,moto_electrica,18638.19,6.24897,-75.56781
006b6ced-f629-402b-b421-37daf308a6b7,a200fb08-fef7-4a11-b4af-a7fc9c26bc2e,Chapinero,2026-08-26 07:18:22,2026-08-26 07:29:22,,en_camino,65c0052d-e656-48ba-9f6c-ba710d8242eb,app,49752.07,moto_electrica,9640.31,6.269252,-75.541831
1d0e6d51-565b-44dc-888a-0353bad5aee7,fde42dcc-b6cc-4f58-995d-e8c613f6c077,Centro,2026-08-26 12:35:31,2026-08-26 12:46:31,2026-08-26 13:21:31,entregado,7814bc90-b0b8-47d7-afaf-af5aeb7abd42,tarjeta,53536.76,bicicleta,12408.41,6.257521,-75.556968
aa1c3ecb-4400-4605-9615-7245621542b2,937fe017-e232-4857-842b-9c2982b4c987,Occidente,2026-08-26 12:39:02,2026-08-26 12:54:02,2026-08-26 13:17:02,entregado,7814bc90-b0b8-47d7-afaf-af5aeb7abd42,efectivo,33388.43,moto_electrica,7764.23,6.270249,-75.594412
6891188c-bbdd-4452-8648-6b44a04f598e,28146250-cf6a-4026-b1f9-b6628c2d8c60,Centro,2026-08-26 12:45:09,2026-08-26 12:51:09,2026-08-26 13:25:09,entregado,8dbe836f-3f88-4e02-a3e2-bf2a6a310110,app,88996.36,bicicleta,13580.88,6.241639,-75.562463
1fa410c4-b6e2-4953-b3ca-421832844502,06e97137-7dac-45fd-8c25-3d5ffc2931e2,Sur,2026-08-26 13:55:39,2026-08-26 14:05:39,2026-08-26 14:42:39,entregado,3a4a49e1-666d-4fe0-be3c-6ffb0dd04f55,efectivo,15682.17,bicicleta,3739.68,6.168802,-75.608314
682fe240-0b09-4edb-ba18-4b6ae292c207,fd944984-53a0-49d4-9474-ceb6fa280378,Centro,2026-08-26 15:34:34,2026-08-26 15:43:34,,en_camino,f8f6f0d9-c708-4217-bad3-d580bf28fd5f,efectivo,75075.92,moto_electrica,14829.78,6.240305,-75.565549
763b4622-41ee-49ef-8b78-0723eb3cdea0,532946ef-c978-4995-b94c-d3c989755106,Chapinero,2026-08-26 16:42:28,2026-08-26 16:48:28,2026-08-26 17:20:28,entregado,7bc55f10-dfa3-425e-be6d-9697b5a6edd0,efectivo,51518.25,bicicleta,10860.35,6.268262,-75.549095
2f359515-bcd5-45e0-b992-83ae5879403e,e14bdbbd-1b66-47ce-a156-94fef926e48d,Sur,2026-08-26 17:16:23,2026-08-26 17:18:23,2026-08-26 17:49:23,entregado,dd0aed03-899f-4d40-91a2-c94ffa9d7e52,tarjeta,74868.38,bicicleta,11562.44,6.152844,-75.584867
0dc5e98a-c70c-462c-af41-e3ba95a0db9c,a4be7243-5dfa-45d2-818a-54607daa3daa,Centro,2026-08-26 17:41:47,2026-08-26 17:55:47,,en_camino,17e891b7-bc3c-457b-8c87-b29642b7ab70,app,58598.49,moto_electrica,11006.44,6.253779,-75.558981
2521ce5b-b2d3-44c5-91e7-f425e2db22e6,c5392279-bee4-46f6-9a0a-50b84b29381b,Chapinero,2026-08-26 17:51:12,2026-08-26 18:05:12,2026-08-26 18:43:12,entregado,17e891b7-bc3c-457b-8c87-b29642b7ab70,app,40765.83,bicicleta,6852.25,6.264501,-75.551894
d223cb6b-7d69-443c-ab21-67c64432fc06,d6fde3c1-dc4b-4f8c-bad9-53234ff05ee2,Sur,2026-08-26 18:11:48,2026-08-26 18:26:48,2026-08-26 18:56:48,entregado,f8f6f0d9-c708-4217-bad3-d580bf28fd5f,efectivo,83450.09,bicicleta,20257.85,6.17713,-75.597095
a9536507-871e-46eb-864b-765ca343de53,53e623f4-bf20-4228-82e3-ee34aa52cc05,Chapinero,2026-08-26 18:31:45,,,pendiente,,tarjeta,67242.1,moto_electrica,10869.37,6.268216,-75.54632
10cf4ca5-b1ab-490a-8bac-f1a848e782a9,8b9a8480-24e2-4d18-aa2c-dd9488b5a08f,Centro,2026-08-26 19:39:50,2026-08-26 19:52:50,2026-08-26 20:34:50,entregado,ddf43472-6d4b-4f43-8038-029005b65044,tarjeta,90968.61,bicicleta,19898.9,6.240945,-75.554854
a8013d7d-0ad1-4687-a81a-b7c08314e0b8,f00e2d66-a77b-4a5b-a16d-97ff62ba0fd3,Chapinero,2026-08-26 19:52:13,2026-08-26 20:02:13,,en_camino,ddf43472-6d4b-4f43-8038-029005b65044,tarjeta,18024.87,bicicleta,3362.12,6.262694,-75.550416
6a8ef8c0-6047-470f-a136-15dbaebb28a1,641ead09-0b8f-4038-8289-ef1f96225b9d,Norte,2026-08-26 19:59:33,2026-08-26 20:07:33,2026-08-26 20:43:33,entregado,eec9c1a6-fa0a-4ee3-bcf5-687cf4ffffd1,app,66227.67,moto_electrica,12657.86,6.29269,-75.561347
f8a42ba9-1982-462c-b967-bb941e2f6785,85d139a7-7a45-49aa-9638-dcd1f5d1c539,Sur,2026-08-26 20:04:01,2026-08-26 20:17:01,2026-08-26 20:35:01,entregado,c7821b64-7aa0-48bf-8b4d-b4728048dd60,efectivo,46987.19,moto_electrica,7131.84,6.16347,-75.604538
2843618c-6cb5-44bb-acdc-ccb0e8da88bb,30010484-56ff-42bf-8c2c-27a95de8dadb,Sur,2026-08-26 20:11:57,2026-08-26 20:13:57,2026-08-26 20:50:57,entregado,45b54b7a-158a-475b-b074-bc304ee06c5f,app,23632.44,bicicleta,4225.73,6.175322,-75.598255
1e0c88cf-b037-4c33-b4c1-3a723d35e7f9,065ed21a-e960-49f7-928c-facf2bab622a,Sur,2026-08-26 20:29:31,2026-08-26 20:37:31,2026-08-26 20:54:31,entregado,c37ce403-bebf-4091-b511-62cf4048e8c2,app,43364.9,moto_electrica,9343.83,6.175635,-75.590063
d7faa01f-63ac-4663-8b26-ce6d53c1f589,9b929e05-3be7-47f5-8987-51f10d07938d,Sur,2026-08-26 21:09:58,2026-08-26 21:11:58,2026-08-26 21:37:58,entregado,f8f6f0d9-c708-4217-bad3-d580bf28fd5f,efectivo,89288.64,moto_electrica,17968.08,6.178443,-75.589244
8a544d02-5b5f-4167-ac20-aecdce5146ff,ec199edf-cdc2-4925-8ff2-1f0f224fc41a,Chapinero,2026-08-26 21:44:40,2026-08-26 21:49:40,2026-08-26 22:18:40,entregado,dd0aed03-899f-4d40-91a2-c94ffa9d7e52,efectivo,31779.36,moto_electrica,5631.18,6.269687,-75.543761
65ada9e6-d353-4baf-b868-1887909031ff,ec199edf-cdc2-4925-8ff2-1f0f224fc41a,Centro,2026-08-26 22:43:51,2026-08-26 22:49:51,2026-08-26 23:15:51,entregado,f8f6f0d9-c708-4217-bad3-d580bf28fd5f,efectivo,89493.97,moto_electrica,18256.2,6.246781,-75.558548
2947ea67-5dff-4a87-b45c-3b746bfa1503,f00e2d66-a77b-4a5b-a16d-97ff62ba0fd3,Occidente,2026-08-26 23:14:34,2026-08-26 23:27:34,2026-08-26 23:58:34,entregado,9852732d-4628-4e78-ba2e-16d78d91a915,app,79393.15,bicicleta,13719.74,6.261053,-75.616762
b1284c1a-6d95-4a72-9e0d-531508844419,5cce9a92-b20a-48a7-b742-27d2cd0fa666,Centro,2026-08-26 23:25:48,2026-08-26 23:28:48,2026-08-27 00:10:48,entregado,dd0aed03-899f-4d40-91a2-c94ffa9d7e52,efectivo,34607.51,bicicleta,7575.92,6.245441,-75.566479
f28ac3e6-8f88-44ef-9bc0-6dcff007dc3f,219bd9f5-a5f7-46bb-88b4-e9133b083ff7,Centro,2026-08-26 23:37:57,2026-08-26 23:46:57,2026-08-27 00:12:57,entregado,8caf803c-0a87-4a8a-88c8-b2e2476e1eeb,tarjeta,55312.46,moto_electrica,10342.43,6.243719,-75.56655
4f71123b-cb85-4f47-b474-81156b22d858,48bc34d2-7f99-4cca-8c08-2dc33d442d18,Centro,2026-08-27 00:00:16,,,pendiente,,app,68261.28,moto_electrica,12478.78,6.252788,-75.563511
4b46c060-de1d-4d26-adea-6d900406beac,64435586-3152-4620-8118-8c603a6994f4,Norte,2026-08-27 00:03:57,,,cancelado,,app,27785.81,bicicleta,5667.55,6.2801,-75.568021
5f3a5f84-5aa3-4477-a7ff-02fbbe98bc2b,cab0f77c-6a9c-4833-ab98-ff5e181a7e8c,Norte,2026-08-27 00:13:44,2026-08-27 00:27:44,2026-08-27 01:14:44,entregado,567b2569-6593-43a6-afb7-944d81edda57,efectivo,21195.61,bicicleta,3181.01,6.296828,-75.550789
b345786c-155d-4f63-94c6-fb263d208f27,02800f46-ceb6-4272-9dd5-2c07d23ca12a,Norte,2026-08-27 00:39:21,2026-08-27 00:46:21,2026-08-27 01:43:21,entregado,7e7763b0-2145-4ea0-99f0-070486f95eff,tarjeta,72802.75,bicicleta,13554.71,6.285349,-75.554302
99e15b63-4168-423c-a921-b562c658567f,31e98e9a-24de-4294-8826-fc491e8529cc,Occidente,2026-08-27 02:01:47,2026-08-27 02:05:47,2026-08-27 02:28:47,entregado,65c0052d-e656-48ba-9f6c-ba710d8242eb,tarjeta,33650.6,moto_electrica,5493.47,6.269776,-75.592767
8f7cca54-3497-4e1c-b435-4d7bc98409d2,02800f46-ceb6-4272-9dd5-2c07d23ca12a,Chapinero,2026-08-27 04:07:50,2026-08-27 04:19:50,2026-08-27 05:00:50,entregado,48692700-055f-400c-8687-6573be0be73f,tarjeta,21899.35,bicicleta,4013.47,6.268098,-75.553944
d359c912-32bc-4eb0-a595-f83b538f0acd,a07da55a-88bb-45a6-9d6f-bfdacccc0991,Sur,2026-08-27 04:54:43,2026-08-27 05:02:43,2026-08-27 05:26:43,entregado,c946470e-cab4-4e7a-bcca-849685696e98,app,79160.13,moto_electrica,19175.31,6.178662,-75.580117
1843804b-7664-4aca-8344-4470c373e0a9,56eef3c1-26f4-4db0-ae36-a001ada2aa7a,Centro,2026-08-27 05:22:45,2026-08-27 05:28:45,2026-08-27 06:06:45,entregado,8caf803c-0a87-4a8a-88c8-b2e2476e1eeb,tarjeta,29974.42,bicicleta,7471.03,6.255938,-75.552803
309816cf-c0af-4b66-845c-1a5d1bb75b98,937fe017-e232-4857-842b-9c2982b4c987,Norte,2026-08-27 05:52:29,2026-08-27 06:01:29,2026-08-27 06:43:29,entregado,c946470e-cab4-4e7a-bcca-849685696e98,tarjeta,87891.0,bicicleta,18767.8,6.293215,-75.566247
2abeb3ed-3847-4d8d-bdac-12f86fb6d74a,8193543e-ba17-4ff3-9344-5f76c2184657,Chapinero,2026-08-27 06:12:58,2026-08-27 06:24:58,2026-08-27 06:52:58,entregado,8dbe836f-3f88-4e02-a3e2-bf2a6a310110,efectivo,68567.82,moto_electrica,11642.69,6.260532,-75.55952
1c27b140-fdd4-4762-8d62-7a4f0945cdf6,30010484-56ff-42bf-8c2c-27a95de8dadb,Norte,2026-08-27 08:09:16,2026-08-27 08:18:16,,en_camino,d3492baf-d484-402d-a53e-ed3ddd5838b9,efectivo,62144.07,moto_electrica,11444.6,6.283616,-75.568103
f22c8f34-68d7-4a13-b1a5-f58f06b8884f,fa03a4c0-a33c-47a6-aa10-616ec3e63346,Norte,2026-08-27 08:43:58,2026-08-27 08:57:58,2026-08-27 09:42:58,entregado,3a4a49e1-666d-4fe0-be3c-6ffb0dd04f55,app,42934.17,bicicleta,7496.04,6.280038,-75.5586
4c237680-bf43-43e1-9d3a-c7d74debaddf,c2117215-2808-47fd-8fc9-330bdba5c03a,Centro,2026-08-27 09:17:07,2026-08-27 09:28:07,2026-08-27 09:56:07,entregado,eec9c1a6-fa0a-4ee3-bcf5-687cf4ffffd1,tarjeta,32638.21,bicicleta,7882.66,6.248879,-75.5642
f84b8038-05b5-4ca2-bf53-4d1608c2d4b7,36b94275-0968-4c8b-ad19-64e364fe7b21,Sur,2026-08-27 09:37:42,2026-08-27 09:40:42,2026-08-27 10:05:42,entregado,c37ce403-bebf-4091-b511-62cf4048e8c2,efectivo,90368.24,moto_electrica,14503.95,6.157336,-75.588239
8d6cb2ed-3e91-4289-9e82-3745236106a3,4602c60c-7f6c-49b6-a894-2f964ce24e73,Centro,2026-08-27 10:59:40,2026-08-27 11:06:40,2026-08-27 11:27:40,entregado,ae960795-51c3-43fe-8b0c-cd21d3738b27,efectivo,17149.83,moto_electrica,2962.51,6.259481,-75.551533
6684b295-b7cf-4e5b-9ab0-c8df9b3b3f95,36b94275-0968-4c8b-ad19-64e364fe7b21,Occidente,2026-08-27 11:10:54,2026-08-27 11:23:54,2026-08-27 11:42:54,entregado,ddf43472-6d4b-4f43-8038-029005b65044,tarjeta,20073.53,moto_electrica,4640.2,6.249485,-75.591231
e088cadc-865d-45ac-8ce5-462aaa97a444,8f0ac0bd-4c61-4d9c-8a0a-a6c0f2d7227c,Chapinero,2026-08-27 13:28:07,2026-08-27 13:36:07,2026-08-27 13:54:07,entregado,ae960795-51c3-43fe-8b0c-cd21d3738b27,app,17581.33,moto_electrica,4122.59,6.263693,-75.552373
2ffaee87-2661-4298-8da8-3decb358bc65,67eb9b39-abd5-461d-a8a3-342c6d582d81,Norte,2026-08-27 13:49:22,2026-08-27 14:03:22,2026-08-27 14:36:22,entregado,d3492baf-d484-402d-a53e-ed3ddd5838b9,tarjeta,91523.81,moto_electrica,14776.9,6.289422,-75.555471
53a764ec-3468-42ac-93fb-bcf5645a9e59,41127643-beb8-48b2-958e-79180a8bf64c,Norte,2026-08-27 14:49:43,2026-08-27 14:54:43,2026-08-27 15:49:43,entregado,fc03515f-887a-46b7-a44a-8c0fcb0775be,tarjeta,36722.49,bicicleta,7812.15,6.270797,-75.5751
62ebf543-e029-4233-ab2d-f43d68e45129,a4be7243-5dfa-45d2-818a-54607daa3daa,Centro,2026-08-27 15:07:52,2026-08-27 15:20:52,2026-08-27 15:37:52,entregado,dd0aed03-899f-4d40-91a2-c94ffa9d7e52,app,70295.2,moto_electrica,15280.67,6.254542,-75.552464
f044ace6-a3e6-4162-a2ef-0c183dba5d0d,d71fd6be-c4b7-4470-ac26-7d00a9f047c9,Norte,2026-08-27 16:07:21,2026-08-27 16:10:21,2026-08-27 16:59:21,entregado,48692700-055f-400c-8687-6573be0be73f,app,72397.21,bicicleta,10976.73,6.283082,-75.551553
fee4ae6e-c6a9-43de-a2be-7048c2434b82,8b9a8480-24e2-4d18-aa2c-dd9488b5a08f,Norte,2026-08-27 16:25:31,2026-08-27 16:40:31,2026-08-27 17:24:31,entregado,ddf43472-6d4b-4f43-8038-029005b65044,tarjeta,60220.22,bicicleta,11985.87,6.282765,-75.569332
5bbd786c-75a5-4d25-9590-ae16dae9e633,bce090af-1112-4cbd-bbaa-873467f9a4fd,Norte,2026-08-27 16:33:39,2026-08-27 16:40:39,2026-08-27 17:19:39,entregado,3a4a49e1-666d-4fe0-be3c-6ffb0dd04f55,app,32741.12,moto_electrica,7979.13,6.270937,-75.567096
1e78c994-c3d3-4454-9315-cb8b7881c233,aecd818b-df62-4138-a5fd-5d3004aa264b,Centro,2026-08-27 17:07:46,2026-08-27 17:13:46,2026-08-27 17:42:46,entregado,df1dce50-5616-4589-9d5f-16212ef42b85,tarjeta,48943.28,moto_electrica,9972.3,6.248374,-75.558175
bc186e9c-4cd0-4579-8303-0ca93242a1f8,56eef3c1-26f4-4db0-ae36-a001ada2aa7a,Norte,2026-08-27 17:13:13,2026-08-27 17:23:13,2026-08-27 18:14:13,entregado,7bc55f10-dfa3-425e-be6d-9697b5a6edd0,efectivo,51783.31,bicicleta,11088.01,6.273223,-75.575224
ccc2fbf2-2e4c-4336-8a80-13c8c9fd359c,3eaec931-6c40-439f-b3ae-a324b6ed84ac,Centro,2026-08-27 17:44:41,2026-08-27 17:47:41,2026-08-27 18:02:41,entregado,9852732d-4628-4e78-ba2e-16d78d91a915,app,51415.41,moto_electrica,12073.9,6.251476,-75.566253
79351e45-9d07-478d-ac81-2f398e84ff70,90134b2f-22cb-42bb-8719-e7c7d7271e06,Chapinero,2026-08-27 17:58:35,2026-08-27 18:11:35,2026-08-27 18:38:35,entregado,8dbe836f-3f88-4e02-a3e2-bf2a6a310110,tarjeta,53727.34,moto_electrica,13422.29,6.26079,-75.545937
84df19da-7562-47ad-95ea-492fee2424c0,5a53097d-77e6-43e0-970b-3e537f059cf8,Centro,2026-08-27 17:59:26,2026-08-27 18:01:26,2026-08-27 18:40:26,entregado,48692700-055f-400c-8687-6573be0be73f,tarjeta,51428.45,bicicleta,10299.86,6.247849,-75.564527
eb3b3cd9-1657-49cb-b612-c20498630af2,aecd818b-df62-4138-a5fd-5d3004aa264b,Sur,2026-08-27 18:10:44,2026-08-27 18:14:44,2026-08-27 18:43:44,entregado,c7821b64-7aa0-48bf-8b4d-b4728048dd60,efectivo,44697.39,moto_electrica,7273.3,6.167008,-75.59915
18bd281e-93fb-4212-8ed2-ddf854e27c69,e3d7ed4c-b628-4a8e-a070-6cb9dcb5d8d0,Sur,2026-08-27 18:18:34,2026-08-27 18:26:34,2026-08-27 19:04:34,entregado,7bc55f10-dfa3-425e-be6d-9697b5a6edd0,tarjeta,17898.65,bicicleta,3966.17,6.173137,-75.601764
