id_pedido,cliente_id,cliente_nombre,cliente_genero,cliente_edad,cliente_grupo_etario,zona,fecha,mes,dia_semana,es_fin_de_semana,estado,metodo_pago,tipo_vehiculo,monto,costo_operacion,margen_bruto,tiempo_entrega_minutos,latitud,longitud,fecha_creacion,fecha_entrega,repartidor_nombre
bce3cc09-2fca-45ff-9a81-465df6a4da99,cde4c37d-3d93-402d-8476-5ac08324b8fc,Marta Gonzalez,Male,49,36-50,Sur,2026-07-28,Julio,Martes,False,en_camino,app,moto_electrica,41468.19,9741.44,31726.75,,6.158379,-75.608394,2026-07-28 22:01:16+00:00,,Jorge Gonzalez
5ea5bab8-9c62-4d83-98d0-1b9dbfd87bb9,2bcc12cb-5d87-4176-a287-3a2aee9351e5,Luis Rodriguez,Female,50,36-50,Occidente,2026-07-29,Julio,Miércoles,False,entregado,app,bicicleta,24117.68,4682.45,19435.23,45.0,6.273562,-75.615582,2026-07-29 00:41:04+00:00,2026-07-29 01:26:04+00:00,Lucia Lopez
2d602317-e58d-49e6-84f7-90d2d57e59f2,3846dadb-18c0-49fe-9be8-725b48a79373,Sofia Garcia,Male,67,50+,Centro,2026-07-29,Julio,Miércoles,False,entregado,efectivo,moto_electrica,89302.27,20692.47,68609.80,37.0,6.244930,-75.568105,2026-07-29 00:45:41+00:00,2026-07-29 01:22:41+00:00,Luis Perez
22c01f43-a611-4d59-9f98-04fffeddb43a,5a53097d-77e6-43e0-970b-3e537f059cf8,Diego Lopez,Male,35,26-35,Occidente,2026-07-29,Julio,Miércoles,False,entregado,app,moto_electrica,69390.07,16736.80,52653.27,33.0,6.259660,-75.606214,2026-07-29 00:47:24+00:00,2026-07-29 01:20:24+00:00,Jorge Lopez
9563c2a0-c3a6-41e5-96db-a390ce5b2ac9,33d96349-be47-4ec3-a139-34ca61add917,Pedro Perez,Female,56,50+,Chapinero,2026-07-29,Julio,Miércoles,False,entregado,app,bicicleta,61652.70,14281.04,47371.66,41.0,6.269740,-75.540444,2026-07-29 01:28:31+00:00,2026-07-29 02:09:31+00:00,Jorge Gomez
11adaeb9-d82d-4628-bc16-871f4c17f5ed,85376b3d-bf0a-462c-9812-374620e92e59,Jorge Garcia,Female,72,50+,Norte,2026-07-29,Julio,Miércoles,False,entregado,efectivo,moto_electrica,70358.95,12838.34,57520.61,45.0,6.272033,-75.557094,2026-07-29 01:37:48+00:00,2026-07-29 02:22:48+00:00,Luis Garcia
74a5483c-f19e-41a6-af13-bc2e3c22c1b9,6c7dcc33-6f64-4bae-a30c-600099b54f33,Camila Martinez,Female,46,36-50,Occidente,2026-07-29,Julio,Miércoles,False,entregado,efectivo,moto_electrica,89117.52,15331.91,73785.61,25.0,6.249864,-75.602802,2026-07-29 01:55:12+00:00,2026-07-29 02:20:12+00:00,Jorge Martinez
f1a4b277-d4c1-4cac-aa41-deca38e9dc72,06e97137-7dac-45fd-8c25-3d5ffc2931e2,Valentina Martinez,Female,53,50+,Norte,2026-07-29,Julio,Miércoles,False,en_camino,app,bicicleta,56841.60,9953.23,46888.37,,6.284311,-75.574955,2026-07-29 02:09:42+00:00,,Jorge Gomez
cc35f629-5262-47ff-8fed-3ddd9f7033f0,6a3ea9aa-61e6-4a9b-bb8a-673c32bd53e3,Sofia Gonzalez,Female,54,50+,Sur,2026-07-29,Julio,Miércoles,False,entregado,app,bicicleta,23298.70,4012.79,19285.91,42.0,6.161164,-75.607542,2026-07-29 02:38:18+00:00,2026-07-29 03:20:18+00:00,Luis Perez
5fce905a-826b-453f-a091-80c34e37f031,532946ef-c978-4995-b94c-d3c989755106,Ana Gonzalez,Female,57,50+,Occidente,2026-07-29,Julio,Miércoles,False,entregado,tarjeta,bicicleta,15239.00,3086.60,12152.40,38.0,6.231567,-75.591519,2026-07-29 03:14:56+00:00,2026-07-29 03:52:56+00:00,Marta Lopez
54d46d2d-2c4a-41e4-8a51-d3f8b2e5b41d,501d52ea-dd62-4c6b-b43e-eb3cd5fa2d37,Maria Rodriguez,Male,59,50+,Norte,2026-07-29,Julio,Miércoles,False,entregado,efectivo,bicicleta,59556.84,11909.46,47647.38,48.0,6.297943,-75.574208,2026-07-29 03:17:54+00:00,2026-07-29 04:05:54+00:00,Luis Lopez
e36d194e-9667-49cb-8249-da12f85f1018,a07da55a-88bb-45a6-9d6f-bfdacccc0991,Marta Martinez,Male,72,50+,Norte,2026-07-29,Julio,Miércoles,False,entregado,app,bicicleta,31602.41,7504.00,24098.41,47.0,6.280316,-75.578721,2026-07-29 03:34:48+00:00,2026-07-29 04:21:48+00:00,Andres Gomez
8038df40-5839-4029-ab03-3f68a2ce6143,6c7dcc33-6f64-4bae-a30c-600099b54f33,Camila Martinez,Female,46,36-50,Sur,2026-07-29,Julio,Miércoles,False,entregado,app,moto_electrica,43013.62,7278.57,35735.05,28.0,6.170301,-75.591045,2026-07-29 03:36:46+00:00,2026-07-29 04:04:46+00:00,Lucia Gomez
8239247e-2dd8-4a2a-9f85-3030f161a8a5,b08e0f7c-3078-41b9-8e89-00b4e8e31b8d,Jorge Gonzalez,Female,44,36-50,Occidente,2026-07-29,Julio,Miércoles,False,entregado,app,moto_electrica,21979.17,4461.69,17517.48,28.0,6.260041,-75.619481,2026-07-29 06:04:36+00:00,2026-07-29 06:32:36+00:00,Jorge Gonzalez
4acc7363-de74-4ddf-9f8c-ef69bc0e5792,b2322744-c7c4-49f3-9caa-8df835be917b,Juan Gomez,Male,41,36-50,Chapinero,2026-07-29,Julio,Miércoles,False,entregado,efectivo,moto_electrica,55815.44,10359.33,45456.11,23.0,6.260933,-75.554374,2026-07-29 06:08:14+00:00,2026-07-29 06:31:14+00:00,Andres Lopez
97e68c20-e8c9-4ab9-9380-de204220c848,c1c45866-47a2-47f7-b1e6-4dfecbbdda25,Lucia Lopez,Female,28,26-35,Chapinero,2026-07-29,Julio,Miércoles,False,entregado,app,bicicleta,71610.84,12590.97,59019.87,44.0,6.261854,-75.544726,2026-07-29 06:32:14+00:00,2026-07-29 07:16:14+00:00,Luis Perez
00bb34c6-70ce-45d8-aa35-14f7f89ae795,33d96349-be47-4ec3-a139-34ca61add917,Pedro Perez,Female,56,50+,Chapinero,2026-07-29,Julio,Miércoles,False,entregado,tarjeta,moto_electrica,31878.67,6658.28,25220.39,32.0,6.269882,-75.540535,2026-07-29 07:13:22+00:00,2026-07-29 07:45:22+00:00,Jorge Gonzalez
327e43a9-be10-40c5-9376-4afcb91d72ef,c2117215-2808-47fd-8fc9-330bdba5c03a,Laura Martinez,Female,61,50+,Sur,2026-07-29,Julio,Miércoles,False,entregado,tarjeta,moto_electrica,40633.17,8708.32,31924.85,35.0,6.156641,-75.591917,2026-07-29 07:59:11+00:00,2026-07-29 08:34:11+00:00,Valentina Lopez
66e45dae-8e5f-4acb-8e39-90c66a0f270b,c9baeee8-18c8-43a5-91a4-eb6a1108ec13,Laura Perez,Male,69,50+,Occidente,2026-07-29,Julio,Miércoles,False,entregado,efectivo,moto_electrica,19502.74,3374.60,16128.14,26.0,6.249008,-75.605121,2026-07-29 09:41:58+00:00,2026-07-29 10:07:58+00:00,Lucia Gomez
cfd8c56d-b575-4f50-9fe4-fe24f6091e22,1bb9fc1b-4864-44ef-a2b3-5ea92d0e0afa,Laura Gonzalez,Female,77,50+,Centro,2026-07-29,Julio,Miércoles,False,entregado,tarjeta,moto_electrica,64511.08,14256.50,50254.58,29.0,6.245998,-75.561017,2026-07-29 09:51:51+00:00,2026-07-29 10:20:51+00:00,Andres Martinez
3afc943c-ea37-45db-b1ad-4f4b2c278ef5,6c7dcc33-6f64-4bae-a30c-600099b54f33,Camila Martinez,Female,46,36-50,Centro,2026-07-29,Julio,Miércoles,False,entregado,tarjeta,moto_electrica,83053.94,19713.12,63340.82,34.0,6.248195,-75.555774,2026-07-29 10:16:17+00:00,2026-07-29 10:50:17+00:00,Jorge Gonzalez
9917f3a8-682e-43d9-ae55-f1169e475d31,d9f1576e-b837-45f6-9043-bc29a44d438c,Andres Martinez,Male,62,50+,Chapinero,2026-07-29,Julio,Miércoles,False,entregado,efectivo,bicicleta,83889.71,14339.63,69550.08,48.0,6.262730,-75.552208,2026-07-29 11:27:02+00:00,2026-07-29 12:15:02+00:00,Maria Martinez
0c09dbe7-01ae-4235-bf89-54f1878a415b,2e431e06-4c17-49d0-97dd-2d1cd10b4a95,Maria Gonzalez,Male,52,50+,Chapinero,2026-07-29,Julio,Miércoles,False,entregado,tarjeta,bicicleta,64217.44,13528.22,50689.22,45.0,6.264682,-75.553262,2026-07-29 13:08:08+00:00,2026-07-29 13:53:08+00:00,Luis Garcia
3762d087-d786-438f-9d70-3763e1ad8809,cab0f77c-6a9c-4833-ab98-ff5e181a7e8c,Diego Gonzalez,Female,40,36-50,Chapinero,2026-07-29,Julio,Miércoles,False,entregado,tarjeta,bicicleta,56357.20,12490.89,43866.31,37.0,6.264947,-75.540869,2026-07-29 13:23:07+00:00,2026-07-29 14:00:07+00:00,Lucia Gomez
f91f722f-fcff-47b9-9cad-7005e550d212,575c8a28-ba91-49bb-a720-b2b5c45d5a33,Maria Gomez,Male,78,50+,Occidente,2026-07-29,Julio,Miércoles,False,cancelado,app,moto_electrica,72404.81,11557.96,60846.85,,6.278253,-75.599407,2026-07-29 13:27:07+00:00,,
0227e136-bd97-4ea2-826f-f3701b51aa1f,e14bdbbd-1b66-47ce-a156-94fef926e48d,Valentina Gomez,Female,61,50+,Sur,2026-07-29,Julio,Miércoles,False,entregado,app,moto_electrica,63846.52,10204.84,53641.68,30.0,6.159704,-75.600985,2026-07-29 13:30:06+00:00,2026-07-29 14:00:06+00:00,Luis Garcia
c52cd993-acc8-46e1-84a9-c7f8fe3f2c2e,fa03a4c0-a33c-47a6-aa10-616ec3e63346,Maria Perez,Male,68,50+,Chapinero,2026-07-29,Julio,Miércoles,False,entregado,app,bicicleta,18905.17,3198.60,15706.57,36.0,6.269601,-75.549941,2026-07-29 14:48:16+00:00,2026-07-29 15:24:16+00:00,Andres Martinez
6fec93cb-3efb-4884-931b-1d2ef9b86e28,0bf86823-cb4c-48f8-8917-ae330525c6d5,Diego Gonzalez,Female,29,26-35,Sur,2026-07-29,Julio,Miércoles,False,entregado,app,moto_electrica,24521.25,4051.22,20470.03,38.0,6.172863,-75.604817,2026-07-29 16:05:16+00:00,2026-07-29 16:43:16+00:00,Luis Garcia
4c7c9637-9608-4813-9533-def4012b3c96,532946ef-c978-4995-b94c-d3c989755106,Ana Gonzalez,Female,57,50+,Centro,2026-07-29,Julio,Miércoles,False,entregado,tarjeta,bicicleta,79820.04,13581.30,66238.74,46.0,6.250916,-75.554541,2026-07-29 16:58:08+00:00,2026-07-29 17:44:08+00:00,Carlos Martinez
71a6704d-919a-49a4-bd41-a8bfb02f38c7,3846dadb-18c0-49fe-9be8-725b48a79373,Sofia Garcia,Male,67,50+,Occidente,2026-07-29,Julio,Miércoles,False,entregado,tarjeta,bicicleta,62709.95,11530.94,51179.01,47.0,6.241592,-75.607793,2026-07-29 17:08:35+00:00,2026-07-29 17:55:35+00:00,Diego Rodriguez
3392874c-0005-4e58-821f-c1b59fdf50a5,28146250-cf6a-4026-b1f9-b6628c2d8c60,Lucia Lopez,Female,59,50+,Occidente,2026-07-29,Julio,Miércoles,False,en_camino,efectivo,bicicleta,77999.65,16801.52,61198.13,,6.237715,-75.591582,2026-07-29 17:11:30+00:00,,Andres Martinez
99ef2d5f-bfaa-4fe0-ab8b-c30771b39f93,7b93bed4-ad49-4ae0-b9c6-73325f042816,Diego Rodriguez,Female,68,50+,Sur,2026-07-29,Julio,Miércoles,False,entregado,app,moto_electrica,71765.82,15203.53,56562.29,24.0,6.158713,-75.595437,2026-07-29 17:15:12+00:00,2026-07-29 17:39:12+00:00,Valentina Lopez
57e897a9-4c72-4ef0-a3f6-9607322eaef7,2bcc12cb-5d87-4176-a287-3a2aee9351e5,Luis Rodriguez,Female,50,36-50,Norte,2026-07-29,Julio,Miércoles,False,cancelado,app,bicicleta,20485.07,3923.04,16562.03,,6.291738,-75.578611,2026-07-29 17:31:38+00:00,,
37476103-2593-4a49-9340-05d2d9f6dd0f,9b929e05-3be7-47f5-8987-51f10d07938d,Marta Lopez,Female,52,50+,Occidente,2026-07-29,Julio,Miércoles,False,entregado,efectivo,bicicleta,78161.13,15702.58,62458.55,42.0,6.267753,-75.600560,2026-07-29 18:04:32+00:00,2026-07-29 18:46:32+00:00,Valentina Lopez
6eda8ba9-fa3d-4cfb-bf05-0d88f8454b66,f5dd7f93-442b-4f9f-b4d8-50c8af7475e5,Mateo Gonzalez,Female,26,26-35,Centro,2026-07-29,Julio,Miércoles,False,entregado,tarjeta,moto_electrica,91254.65,21329.41,69925.24,32.0,6.241233,-75.565768,2026-07-29 18:09:12+00:00,2026-07-29 18:41:12+00:00,Laura Perez
375de319-3c6e-4b9c-a365-6970f1747faa,53e623f4-bf20-4228-82e3-ee34aa52cc05,Diego Lopez,Female,59,50+,Norte,2026-07-29,Julio,Miércoles,False,entregado,app,moto_electrica,82491.83,17796.74,64695.09,35.0,6.288696,-75.554927,2026-07-29 18:14:07+00:00,2026-07-29 18:49:07+00:00,Lucia Gomez
7a3f47d4-1651-4231-ace2-f792a4eab1f8,0cecba19-546d-45bc-a482-e679d7148b85,Valentina Rodriguez,Female,73,50+,Centro,2026-07-29,Julio,Miércoles,False,entregado,efectivo,bicicleta,24795.65,4082.95,20712.70,40.0,6.246378,-75.566848,2026-07-29 18:24:35+00:00,2026-07-29 19:04:35+00:00,Luis Perez
ec9fcf08-4f8a-40f0-8fe5-8b48d57bb2fc,28146250-cf6a-4026-b1f9-b6628c2d8c60,Lucia Lopez,Female,59,50+,Sur,2026-07-29,Julio,Miércoles,False,entregado,efectivo,moto_electrica,37315.32,7937.07,29378.25,26.0,6.166393,-75.601088,2026-07-29 18:55:20+00:00,2026-07-29 19:21:20+00:00,Marta Lopez
d5b2a097-5f60-4c89-995d-0b5e27b7f963,e3d7ed4c-b628-4a8e-a070-6cb9dcb5d8d0,Mateo Gomez,Male,30,26-35,Chapinero,2026-07-29,Julio,Miércoles,False,cancelado,tarjeta,bicicleta,77077.11,17188.89,59888.22,,6.264024,-75.550709,2026-07-29 19:29:44+00:00,,
f6176c89-339a-49c0-a48b-976778b4bf68,8f0ac0bd-4c61-4d9c-8a0a-a6c0f2d7227c,Andres Gomez,Female,33,26-35,Sur,2026-07-29,Julio,Miércoles,False,entregado,efectivo,moto_electrica,65078.99,15969.35,49109.64,29.0,6.151020,-75.599325,2026-07-29 19:33:54+00:00,2026-07-29 20:02:54+00:00,Jorge Lopez
1302f88e-a7de-43cb-96c2-b3c90edfdf31,c9baeee8-18c8-43a5-91a4-eb6a1108ec13,Laura Perez,Male,69,50+,Sur,2026-07-29,Julio,Miércoles,False,entregado,app,bicicleta,58868.70,10705.21,48163.49,49.0,6.168106,-75.600811,2026-07-29 19:52:37+00:00,2026-07-29 20:41:37+00:00,Carlos Martinez
53dd4a54-6830-4b71-81dd-db5f1738c00c,0cecba19-546d-45bc-a482-e679d7148b85,Valentina Rodriguez,Female,73,50+,Chapinero,2026-07-29,Julio,Miércoles,False,entregado,tarjeta,bicicleta,88989.30,17036.91,71952.39,44.0,6.268706,-75.545137,2026-07-29 20:30:16+00:00,2026-07-29 21:14:16+00:00,Valentina Lopez
fa18db81-cee5-489d-b999-ae1eed5193c3,3846dadb-18c0-49fe-9be8-725b48a79373,Sofia Garcia,Male,67,50+,Centro,2026-07-29,Julio,Miércoles,False,en_camino,efectivo,bicicleta,51513.48,11273.79,40239.69,,6.259023,-75.561969,2026-07-29 20:37:05+00:00,,Mateo Martinez
30dde78d-f95c-4965-8116-ea14bfcc27d7,54233927-6db7-4079-8943-602740d70b79,Laura Lopez,Male,32,26-35,Sur,2026-07-29,Julio,Miércoles,False,entregado,app,moto_electrica,49541.57,7488.51,42053.06,30.0,6.155857,-75.580704,2026-07-29 20:53:19+00:00,2026-07-29 21:23:19+00:00,Andres Gomez
a59b1333-13b5-4d87-8c3a-89bcd7d7a563,7d75a9ec-1aa7-433b-920a-65483447d468,Pedro Gomez,Female,78,50+,Occidente,2026-07-29,Julio,Miércoles,False,entregado,tarjeta,moto_electrica,87358.63,20782.68,66575.95,27.0,6.276964,-75.603844,2026-07-29 23:52:56+00:00,2026-07-30 00:19:56+00:00,Laura Perez
d5c2102e-92a3-4c8a-abf9-1112ab116d49,7fcd166e-cba3-4232-91a1-41d51f495d35,Lucia Martinez,Male,60,50+,Chapinero,2026-07-30,Julio,Jueves,False,entregado,app,moto_electrica,23250.52,5664.85,17585.67,40.0,6.262541,-75.553402,2026-07-30 00:26:04+00:00,2026-07-30 01:06:04+00:00,Marta Rodriguez
fa03418f-3260-4222-97b8-855df4485463,1183439d-4b22-4c45-9ada-cbc6d34960d7,Mateo Perez,Male,77,50+,Centro,2026-07-30,Julio,Jueves,False,cancelado,efectivo,bicicleta,72924.09,11457.64,61466.45,,6.257209,-75.560930,2026-07-30 01:06:34+00:00,,Marta Rodriguez
818a6cf8-d005-4162-a223-699ae3ccc883,6332c5ab-6d19-41bf-87fa-7ee16a311a73,Lucia Garcia,Female,57,50+,Norte,2026-07-30,Julio,Jueves,False,en_camino,tarjeta,bicicleta,74360.32,11734.81,62625.51,,6.293613,-75.572480,2026-07-30 01:08:59+00:00,,Jorge Martinez
bd54ad2d-ff1a-4067-84f6-d787b3cae707,0604c774-2d96-40ec-b987-51c090ef688c,Lucia Garcia,Female,78,50+,Chapinero,2026-07-30,Julio,Jueves,False,entregado,tarjeta,moto_electrica,61527.47,9738.28,51789.19,34.0,6.269002,-75.540716,2026-07-30 01:25:18+00:00,2026-07-30 01:59:18+00:00,Jorge Gomez
17bd7e92-9fbe-4d2f-bdb5-585279ea8a4c,501d52ea-dd62-4c6b-b43e-eb3cd5fa2d37,Maria Rodriguez,Male,59,50+,Sur,2026-07-30,Julio,Jueves,False,en_camino,tarjeta,bicicleta,70419.54,16798.46,53621.08,,6.168290,-75.591508,2026-07-30 01:26:00+00:00,,Luis Perez
4a331f9b-e00a-4c81-9785-5b446a20862c,7b93bed4-ad49-4ae0-b9c6-73325f042816,Diego Rodriguez,Female,68,50+,Norte,2026-07-30,Julio,Jueves,False,entregado,efectivo,bicicleta,35642.23,6047.67,29594.56,61.0,6.296247,-75.577831,2026-07-30 01:38:41+00:00,2026-07-30 02:39:41+00:00,Diego Rodriguez
b25328ed-aa70-44f1-822a-040b7b2b9587,85376b3d-bf0a-462c-9812-374620e92e59,Jorge Garcia,Female,72,50+,Sur,2026-07-30,Julio,Jueves,False,cancelado,tarjeta,moto_electrica,40667.20,8383.81,32283.39,,6.154066,-75.583985,2026-07-30 02:08:05+00:00,,Carlos Martinez
b1699c6a-e162-4112-92ad-e5dd82860e38,c1c45866-47a2-47f7-b1e6-4dfecbbdda25,Lucia Lopez,Female,28,26-35,Sur,2026-07-30,Julio,Jueves,False,entregado,tarjeta,bicicleta,16036.80,3965.51,12071.29,41.0,6.162491,-75.608127,2026-07-30 02:09:51+00:00,2026-07-30 02:50:51+00:00,Andres Martinez
9336faaf-8983-4c45-ba4f-1082ef62f01d,501d52ea-dd62-4c6b-b43e-eb3cd5fa2d37,Maria Rodriguez,Male,59,50+,Centro,2026-07-30,Julio,Jueves,False,entregado,efectivo,moto_electrica,77938.09,18025.72,59912.37,36.0,6.243030,-75.554883,2026-07-30 03:39:04+00:00,2026-07-30 04:15:04+00:00,Juan Gomez
36ef42e6-1dc1-45fd-977f-ac26eeaf2c2e,a4be7243-5dfa-45d2-818a-54607daa3daa,Ana Lopez,Female,59,50+,Norte,2026-07-30,Julio,Jueves,False,entregado,app,bicicleta,60229.11,13478.59,46750.52,49.0,6.273168,-75.566146,2026-07-30 04:03:40+00:00,2026-07-30 04:52:40+00:00,Diego Rodriguez
404acb28-dbe8-4fe6-bd2a-a3d74841ac59,245581e8-7f2e-4595-bf4c-7d7b225aaca3,Jorge Perez,Female,44,36-50,Norte,2026-07-30,Julio,Jueves,False,entregado,efectivo,bicicleta,74646.59,17143.90,57502.69,58.0,6.277980,-75.568018,2026-07-30 04:20:15+00:00,2026-07-30 05:18:15+00:00,Marta Rodriguez
19d02062-45b7-4ad7-b917-2441b0a07ce5,f5dd7f93-442b-4f9f-b4d8-50c8af7475e5,Mateo Gonzalez,Female,26,26-35,Sur,2026-07-30,Julio,Jueves,False,entregado,tarjeta,moto_electrica,70839.67,13376.19,57463.48,29.0,6.179459,-75.584452,2026-07-30 04:49:03+00:00,2026-07-30 05:18:03+00:00,Andres Gomez
f7ac3b5d-ef0a-498d-98d8-4ac9984d8b3d,bb4ee5cc-800a-45a7-9b16-65e6a83af29c,Ana Garcia,Female,73,50+,Centro,2026-07-30,Julio,Jueves,False,entregado,app,moto_electrica,91273.98,14003.65,77270.33,24.0,6.250588,-75.560626,2026-07-30 04:50:47+00:00,2026-07-30 05:14:47+00:00,Carlos Martinez
7c0bcf0e-2025-4ef7-bc66-cf69b349f98a,6c7dcc33-6f64-4bae-a30c-600099b54f33,Camila Martinez,Female,46,36-50,Chapinero,2026-07-30,Julio,Jueves,False,en_camino,app,moto_electrica,51491.78,11896.36,39595.42,,6.266084,-75.547748,2026-07-30 05:41:28+00:00,,Lucia Gomez
719b314e-b7ee-4e82-9d10-39f77985f76e,ec199edf-cdc2-4925-8ff2-1f0f224fc41a,Valentina Lopez,Male,48,36-50,Chapinero,2026-07-30,Julio,Jueves,False,entregado,efectivo,bicicleta,16676.47,3028.14,13648.33,56.0,6.265127,-75.550000,2026-07-30 06:20:43+00:00,2026-07-30 07:16:43+00:00,Jorge Lopez
a6b32fef-2094-41fa-807b-fbad74bed750,28146250-cf6a-4026-b1f9-b6628c2d8c60,Lucia Lopez,Female,59,50+,Occidente,2026-07-30,Julio,Jueves,False,entregado,tarjeta,bicicleta,43968.29,8795.26,35173.03,35.0,6.246875,-75.602799,2026-07-30 07:32:31+00:00,2026-07-30 08:07:31+00:00,Marta Perez
294f3549-3ef5-460d-aad6-15873a97df4c,c9baeee8-18c8-43a5-91a4-eb6a1108ec13,Laura Perez,Male,69,50+,Centro,2026-07-30,Julio,Jueves,False,entregado,efectivo,moto_electrica,40057.86,8969.63,31088.23,30.0,6.242655,-75.552417,2026-07-30 07:52:27+00:00,2026-07-30 08:22:27+00:00,Diego Lopez
51271af8-6164-4bda-a5e1-0ab05a4c5ca4,33d96349-be47-4ec3-a139-34ca61add917,Pedro Perez,Female,56,50+,Chapinero,2026-07-30,Julio,Jueves,False,entregado,app,moto_electrica,24371.24,3937.09,20434.15,32.0,6.263851,-75.547613,2026-07-30 09:49:52+00:00,2026-07-30 10:21:52+00:00,Andres Martinez
54928fac-7bca-4606-8322-99fb319bf586,157a44e6-6bcc-45ef-b789-e6ee479dee83,Sofia Rodriguez,Female,40,36-50,Centro,2026-07-30,Julio,Jueves,False,entregado,efectivo,moto_electrica,70100.60,11210.32,58890.28,43.0,6.253216,-75.557847,2026-07-30 10:23:03+00:00,2026-07-30 11:06:03+00:00,Jorge Gonzalez
027c3e52-3f95-4318-81b6-7ed225daf6f0,e3d7ed4c-b628-4a8e-a070-6cb9dcb5d8d0,Mateo Gomez,Male,30,26-35,Occidente,2026-07-30,Julio,Jueves,False,entregado,efectivo,bicicleta,86451.07,17495.03,68956.04,36.0,6.271783,-75.592628,2026-07-30 12:10:38+00:00,2026-07-30 12:46:38+00:00,Juan Gonzalez
5929f9a0-8d88-451a-ab7d-b2de5030130d,da8767ea-5f63-4a99-97c2-d4b473af120b,Andres Gomez,Female,80,50+,Chapinero,2026-07-30,Julio,Jueves,False,entregado,tarjeta,moto_electrica,86085.84,17086.88,68998.96,35.0,6.260450,-75.552478,2026-07-30 12:36:04+00:00,2026-07-30 13:11:04+00:00,Lucia Lopez
7e99f5c3-a066-4dfa-b96f-a528fbe45f0e,da8767ea-5f63-4a99-97c2-d4b473af120b,Andres Gomez,Female,80,50+,Occidente,2026-07-30,Julio,Jueves,False,entregado,tarjeta,moto_electrica,46960.06,7953.45,39006.61,20.0,6.266893,-75.609944,2026-07-30 13:07:36+00:00,2026-07-30 13:27:36+00:00,Marta Lopez
89074852-2db7-4872-9167-30b2cecab982,975f478d-4a1e-48cd-b2b3-f923d30b9251,Laura Martinez,Male,79,50+,Occidente,2026-07-30,Julio,Jueves,False,entregado,tarjeta,bicicleta,53080.72,9874.53,43206.19,40.0,6.277673,-75.594720,2026-07-30 13:11:24+00:00,2026-07-30 13:51:24+00:00,Jorge Gonzalez
2427acdb-cb3c-4fb3-8d37-673f58c6ca62,d93054ed-cd47-4d20-aed5-d5b5d35ef806,Sofia Martinez,Male,43,36-50,Occidente,2026-07-30,Julio,Jueves,False,entregado,tarjeta,bicicleta,61330.14,10025.08,51305.06,36.0,6.278515,-75.604769,2026-07-30 16:21:04+00:00,2026-07-30 16:57:04+00:00,Maria Martinez
0d734a81-3b68-4dde-abc8-ff0c7a0b0e7d,fde42dcc-b6cc-4f58-995d-e8c613f6c077,Mateo Garcia,Male,53,50+,Sur,2026-07-30,Julio,Jueves,False,entregado,app,moto_electrica,68150.60,13783.60,54367.00,30.0,6.174697,-75.587822,2026-07-30 16:40:37+00:00,2026-07-30 17:10:37+00:00,Jorge Lopez
69b17ac4-9017-4d18-9e8b-18128459f05f,8d96d9c5-ae92-4815-b27b-066d5dd13ec9,Laura Martinez,Male,65,50+,Sur,2026-07-30,Julio,Jueves,False,cancelado,app,moto_electrica,59714.24,9579.53,50134.71,,6.162245,-75.598762,2026-07-30 19:06:20+00:00,,
72c37191-5d4e-44ae-a141-00d522f9fd27,bb4ee5cc-800a-45a7-9b16-65e6a83af29c,Ana Garcia,Female,73,50+,Norte,2026-07-30,Julio,Jueves,False,entregado,app,moto_electrica,85029.08,16005.34,69023.74,46.0,6.293994,-75.576293,2026-07-30 19:18:05+00:00,2026-07-30 20:04:05+00:00,Marta Lopez
bd786b3c-e4a1-4371-badc-804ed5035ed5,3f8d1bde-b423-4744-8ce5-b3e0ca57dbac,Sofia Gomez,Male,68,50+,Norte,2026-07-30,Julio,Jueves,False,entregado,efectivo,bicicleta,63279.65,9613.63,53666.02,61.0,6.282336,-75.561464,2026-07-30 19:50:25+00:00,2026-07-30 20:51:25+00:00,Luis Garcia
6cb80918-d6c3-4c01-9031-6d3dba3cf9d8,f5dd7f93-442b-4f9f-b4d8-50c8af7475e5,Mateo Gonzalez,Female,26,26-35,Occidente,2026-07-30,Julio,Jueves,False,entregado,efectivo,moto_electrica,66384.14,14153.40,52230.74,29.0,6.275382,-75.596999,2026-07-30 20:15:12+00:00,2026-07-30 20:44:12+00:00,Juan Gonzalez
06c609d9-ab60-4db0-9deb-6c3b72ef73c8,124884e3-8948-4e50-af07-f6c130335c60,Maria Perez,Female,80,50+,Chapinero,2026-07-30,Julio,Jueves,False,entregado,app,bicicleta,27210.19,4554.38,22655.81,51.0,6.269424,-75.551430,2026-07-30 20:17:08+00:00,2026-07-30 21:08:08+00:00,Luis Perez
1e4a0d52-a287-4e8e-8f8e-d4bd00eb72a9,a5fc4169-f965-493f-a8db-e44edb1d21a7,Luis Perez,Female,45,36-50,Centro,2026-07-30,Julio,Jueves,False,en_camino,tarjeta,moto_electrica,74903.09,15286.58,59616.51,,6.257521,-75.552218,2026-07-30 21:44:51+00:00,,Juan Gomez
1fc4afc4-2c2f-4308-a64e-337c83d362e3,c1c45866-47a2-47f7-b1e6-4dfecbbdda25,Lucia Lopez,Female,28,26-35,Centro,2026-07-30,Julio,Jueves,False,en_camino,efectivo,moto_electrica,80837.24,15905.67,64931.57,,6.255195,-75.552289,2026-07-30 22:03:24+00:00,,Lucia Lopez
9438072b-def9-42a0-a6b7-c9ab980336a0,c0865051-d7c6-4a00-b5f5-c553e05e7b6f,Marta Rodriguez,Male,28,26-35,Chapinero,2026-07-30,Julio,Jueves,False,entregado,efectivo,moto_electrica,79232.99,13334.83,65898.16,35.0,6.262640,-75.546221,2026-07-30 22:40:02+00:00,2026-07-30 23:15:02+00:00,Andres Martinez
742ec478-dc5f-4b01-b561-45ef8d593339,8c4b07f3-4be0-4550-a487-d5bfdfe98e97,Marta Lopez,Male,74,50+,Norte,2026-07-31,Julio,Viernes,False,entregado,app,bicicleta,46023.74,8987.94,37035.80,64.0,6.271898,-75.551277,2026-07-31 01:53:58+00:00,2026-07-31 02:57:58+00:00,Marta Lopez
a164f828-f34a-4272-9751-76f1235975e6,f742a46d-f918-41e0-be90-30f40dc4d68f,Luis Martinez,Female,70,50+,Norte,2026-07-31,Julio,Viernes,False,entregado,efectivo,bicicleta,52137.32,12515.75,39621.57,62.0,6.271051,-75.567779,2026-07-31 03:55:45+00:00,2026-07-31 04:57:45+00:00,Jorge Martinez
26e588ce-2b7a-4da8-a6b0-9534136f8688,2e431e06-4c17-49d0-97dd-2d1cd10b4a95,Maria Gonzalez,Male,52,50+,Chapinero,2026-07-31,Julio,Viernes,False,entregado,tarjeta,moto_electrica,44062.00,10841.88,33220.12,30.0,6.264697,-75.554947,2026-07-31 05:05:29+00:00,2026-07-31 05:35:29+00:00,Mateo Martinez
6c7d2c43-00d7-4550-82cd-6fe3732989f4,a1e55b58-2600-44cc-9743-bc7ffad4510a,Juan Garcia,Male,25,18-25,Occidente,2026-07-31,Julio,Viernes,False,entregado,efectivo,moto_electrica,20938.52,4043.65,16894.87,34.0,6.239949,-75.611860,2026-07-31 05:57:01+00:00,2026-07-31 06:31:01+00:00,Marta Lopez
025ff461-f7f4-466a-b8aa-b569eba9df2e,6a3ea9aa-61e6-4a9b-bb8a-673c32bd53e3,Sofia Gonzalez,Female,54,50+,Norte,2026-07-31,Julio,Viernes,False,entregado,tarjeta,moto_electrica,15398.75,3083.47,12315.28,45.0,6.292580,-75.562370,2026-07-31 05:57:52+00:00,2026-07-31 06:42:52+00:00,Luis Garcia
9e9cbf44-1695-4444-9374-45f72d211225,214122ff-3ed0-4ee7-b22f-e1e1b8f04e7e,Diego Rodriguez,Male,26,26-35,Centro,2026-07-31,Julio,Viernes,False,entregado,efectivo,bicicleta,51295.18,10075.32,41219.86,39.0,6.255794,-75.554831,2026-07-31 06:45:02+00:00,2026-07-31 07:24:02+00:00,Lucia Gomez
00064ae7-c796-47e3-a207-519f1f4303dc,065ed21a-e960-49f7-928c-facf2bab622a,Marta Perez,Female,37,36-50,Occidente,2026-07-31,Julio,Viernes,False,entregado,app,bicicleta,76426.59,12623.45,63803.14,36.0,6.251605,-75.604367,2026-07-31 08:46:52+00:00,2026-07-31 09:22:52+00:00,Juan Gonzalez
b04e4a68-106f-4b28-89b5-0db0e7d0b467,6c7dcc33-6f64-4bae-a30c-600099b54f33,Camila Martinez,Female,46,36-50,Norte,2026-07-31,Julio,Viernes,False,entregado,tarjeta,moto_electrica,23691.43,5768.75,17922.68,49.0,6.273224,-75.552859,2026-07-31 08:51:55+00:00,2026-07-31 09:40:55+00:00,Jorge Martinez
2d9d5933-cc1f-4b34-aaa8-17b574938d08,f5dd7f93-442b-4f9f-b4d8-50c8af7475e5,Mateo Gonzalez,Female,26,26-35,Norte,2026-07-31,Julio,Viernes,False,en_camino,efectivo,moto_electrica,60913.54,14019.17,46894.37,,6.298141,-75.568458,2026-07-31 09:16:08+00:00,,Andres Gomez
6cddc793-ee0c-4969-a2d3-1d7f938119fe,8d96d9c5-ae92-4815-b27b-066d5dd13ec9,Laura Martinez,Male,65,50+,Chapinero,2026-07-31,Julio,Viernes,False,entregado,efectivo,bicicleta,83832.52,16730.07,67102.45,52.0,6.263864,-75.540426,2026-07-31 10:59:20+00:00,2026-07-31 11:51:20+00:00,Carlos Martinez
e60d262e-9128-4497-81cc-1525b6dadff3,c2117215-2808-47fd-8fc9-330bdba5c03a,Laura Martinez,Female,61,50+,Occidente,2026-07-31,Julio,Viernes,False,entregado,efectivo,moto_electrica,20070.44,4676.97,15393.47,21.0,6.257244,-75.590054,2026-07-31 11:34:45+00:00,2026-07-31 11:55:45+00:00,Marta Rodriguez
7538d084-ac13-45e6-875b-dc74e701bf84,c868f96d-ea66-42c6-ab2c-c8e836b35c37,Sofia Garcia,Male,80,50+,Chapinero,2026-07-31,Julio,Viernes,False,entregado,efectivo,moto_electrica,36805.28,8913.93,27891.35,31.0,6.263793,-75.558696,2026-07-31 11:53:47+00:00,2026-07-31 12:24:47+00:00,Andres Gomez
2060cbfe-ad4e-49fd-b8ef-fccdb3a0f589,501d52ea-dd62-4c6b-b43e-eb3cd5fa2d37,Maria Rodriguez,Male,59,50+,Occidente,2026-07-31,Julio,Viernes,False,entregado,efectivo,bicicleta,30713.59,5668.15,25045.44,43.0,6.269939,-75.602878,2026-07-31 12:41:51+00:00,2026-07-31 13:24:51+00:00,Andres Lopez
c84cb3b5-d3d8-450d-b184-a4dced8c59ec,d9b324e7-1d27-48a5-b73a-8850b01f1da7,Valentina Rodriguez,Female,35,26-35,Occidente,2026-07-31,Julio,Viernes,False,entregado,efectivo,bicicleta,46002.77,8657.31,37345.46,37.0,6.255916,-75.602562,2026-07-31 13:21:12+00:00,2026-07-31 13:58:12+00:00,Andres Martinez
0dda9231-63a3-4f35-b706-7fc0c7737e02,f00e2d66-a77b-4a5b-a16d-97ff62ba0fd3,Juan Gomez,Female,35,26-35,Centro,2026-07-31,Julio,Viernes,False,entregado,tarjeta,bicicleta,30175.82,5433.84,24741.98,36.0,6.254672,-75.556219,2026-07-31 15:40:15+00:00,2026-07-31 16:16:15+00:00,Valentina Lopez
f4f761f6-f37b-4092-8d06-dd61ce6dcd1d,d9f1576e-b837-45f6-9043-bc29a44d438c,Andres Martinez,Male,62,50+,Sur,2026-07-31,Julio,Viernes,False,entregado,efectivo,moto_electrica,23406.27,5289.76,18116.51,27.0,6.169947,-75.591523,2026-07-31 16:08:21+00:00,2026-07-31 16:35:21+00:00,Valentina Garcia
7327913f-8189-452e-9ef9-5ad6ac9d4e52,a28985ff-49c5-4625-acee-adacb4e59154,Juan Gonzalez,Male,46,36-50,Chapinero,2026-07-31,Julio,Viernes,False,entregado,app,bicicleta,54294.48,13266.22,41028.26,33.0,6.262225,-75.552348,2026-07-31 16:25:50+00:00,2026-07-31 16:58:50+00:00,Laura Gonzalez
37aa85d3-0922-40f9-80fc-b13b28d17c6f,34f9f1b5-bdd0-46e7-b81d-623e9fdf17d8,Ana Rodriguez,Female,36,36-50,Norte,2026-07-31,Julio,Viernes,False,entregado,app,bicicleta,22911.46,3638.90,19272.56,56.0,6.278006,-75.571967,2026-07-31 16:25:52+00:00,2026-07-31 17:21:52+00:00,Jorge Gonzalez
8351a9be-f9cf-4556-8426-e936e47ff42c,cab0f77c-6a9c-4833-ab98-ff5e181a7e8c,Diego Gonzalez,Female,40,36-50,Norte,2026-07-31,Julio,Viernes,False,entregado,efectivo,moto_electrica,32740.33,7473.26,25267.07,39.0,6.271741,-75.561061,2026-07-31 16:39:42+00:00,2026-07-31 17:18:42+00:00,Diego Lopez
7eacabf8-8b68-4feb-b05d-4f28ce9d65d7,2bcc12cb-5d87-4176-a287-3a2aee9351e5,Luis Rodriguez,Female,50,36-50,Chapinero,2026-07-31,Julio,Viernes,False,cancelado,app,moto_electrica,66960.26,11722.44,55237.82,,6.269837,-75.555507,2026-07-31 16:42:03+00:00,,
be57e957-cfe5-4087-bc89-6dbe12afd6e8,05f438aa-91cf-4c97-b79d-dca22be98b69,Marta Rodriguez,Female,72,50+,Norte,2026-07-31,Julio,Viernes,False,entregado,efectivo,moto_electrica,29890.75,7156.78,22733.97,44.0,6.272857,-75.575378,2026-07-31 16:56:02+00:00,2026-07-31 17:40:02+00:00,Diego Rodriguez
cacb6ff3-5e75-4dec-8821-b473c3460e13,f742a46d-f918-41e0-be90-30f40dc4d68f,Luis Martinez,Female,70,50+,Occidente,2026-07-31,Julio,Viernes,False,entregado,app,bicicleta,89979.88,17815.47,72164.41,37.0,6.260015,-75.613361,2026-07-31 17:49:31+00:00,2026-07-31 18:26:31+00:00,Valentina Lopez
6ebb629a-4821-40d9-afc9-7a7f023882b4,065ed21a-e960-49f7-928c-facf2bab622a,Marta Perez,Female,37,36-50,Chapinero,2026-07-31,Julio,Viernes,False,entregado,efectivo,moto_electrica,61085.64,14445.46,46640.18,31.0,6.264839,-75.546158,2026-07-31 19:59:59+00:00,2026-07-31 20:30:59+00:00,Luis Garcia
28f6e695-ecb7-4e20-91e2-66b7e44cafc1,e14bdbbd-1b66-47ce-a156-94fef926e48d,Valentina Gomez,Female,61,50+,Occidente,2026-07-31,Julio,Viernes,False,entregado,app,moto_electrica,15390.59,2824.52,12566.07,29.0,6.266475,-75.593697,2026-07-31 21:19:26+00:00,2026-07-31 21:48:26+00:00,Carlos Martinez
78024b0f-1b0b-430c-b651-04de0d3ac1f3,c9baeee8-18c8-43a5-91a4-eb6a1108ec13,Laura Perez,Male,69,50+,Occidente,2026-07-31,Julio,Viernes,False,cancelado,tarjeta,bicicleta,22135.31,3454.81,18680.50,,6.264046,-75.605518,2026-07-31 21:23:10+00:00,,
be7a8047-022a-49fe-badb-6c545297eb78,28146250-cf6a-4026-b1f9-b6628c2d8c60,Lucia Lopez,Female,59,50+,Norte,2026-07-31,Julio,Viernes,False,entregado,tarjeta,moto_electrica,76495.90,13803.01,62692.89,56.0,6.299887,-75.563951,2026-07-31 22:49:56+00:00,2026-07-31 23:45:56+00:00,Luis Garcia
c17cda49-6d6c-487e-8e6a-71bf53770662,da8767ea-5f63-4a99-97c2-d4b473af120b,Andres Gomez,Female,80,50+,Centro,2026-07-31,Julio,Viernes,False,cancelado,app,bicicleta,47713.41,11503.14,36210.27,,6.258729,-75.564835,2026-07-31 23:54:36+00:00,,
4ea35049-a240-4d70-a52e-8b572002feab,06e97137-7dac-45fd-8c25-3d5ffc2931e2,Valentina Martinez,Female,53,50+,Centro,2026-07-31,Julio,Viernes,False,entregado,efectivo,bicicleta,26891.54,6127.70,20763.84,35.0,6.245731,-75.568421,2026-07-31 23:55:12+00:00,2026-08-01 00:30:12+00:00,Jorge Lopez
0b3d3820-abdf-42fd-a36d-d4cc27091225,245581e8-7f2e-4595-bf4c-7d7b225aaca3,Jorge Perez,Female,44,36-50,Norte,2026-08-01,Agosto,Sábado,True,entregado,efectivo,bicicleta,73601.28,17273.29,56327.99,68.0,6.274612,-75.577574,2026-08-01 00:26:10+00:00,2026-08-01 01:34:10+00:00,Laura Gonzalez
14edad4b-91e1-42a7-9ecc-2d33a801b889,7fcd166e-cba3-4232-91a1-41d51f495d35,Lucia Martinez,Male,60,50+,Sur,2026-08-01,Agosto,Sábado,True,entregado,tarjeta,moto_electrica,80173.14,19210.38,60962.76,33.0,6.158470,-75.586046,2026-08-01 00:27:31+00:00,2026-08-01 01:00:31+00:00,Ana Martinez
ac1e3d23-0cf8-463b-9e82-ef87f54bd715,a1e55b58-2600-44cc-9743-bc7ffad4510a,Juan Garcia,Male,25,18-25,Chapinero,2026-08-01,Agosto,Sábado,True,cancelado,app,moto_electrica,75801.06,17947.22,57853.84,,6.260725,-75.552174,2026-08-01 00:39:30+00:00,,
fbfeccae-2998-4954-bbd6-8ed0507778d6,d6fde3c1-dc4b-4f8c-bad9-53234ff05ee2,Diego Garcia,Female,35,26-35,Chapinero,2026-08-01,Agosto,Sábado,True,entregado,efectivo,moto_electrica,48571.08,8422.66,40148.42,38.0,6.269482,-75.547366,2026-08-01 01:39:13+00:00,2026-08-01 02:17:13+00:00,Jorge Gonzalez
345c323d-85e8-4e47-84d7-f152f93039c8,a4be7243-5dfa-45d2-818a-54607daa3daa,Ana Lopez,Female,59,50+,Occidente,2026-08-01,Agosto,Sábado,True,entregado,app,moto_electrica,92074.88,22240.12,69834.76,20.0,6.234928,-75.615076,2026-08-01 02:56:17+00:00,2026-08-01 03:16:17+00:00,Valentina Garcia
da59fd37-9751-4eeb-b0e4-8740bdd3a849,2493b729-731e-4c01-a114-f6dfc717faa7,Lucia Martinez,Male,66,50+,Occidente,2026-08-01,Agosto,Sábado,True,entregado,tarjeta,bicicleta,34804.54,5589.07,29215.47,47.0,6.263836,-75.610001,2026-08-01 03:23:02+00:00,2026-08-01 04:10:02+00:00,Juan Gomez
bc3a5deb-b4cd-4fbc-9a1c-4838289b9a1c,1bb9fc1b-4864-44ef-a2b3-5ea92d0e0afa,Laura Gonzalez,Female,77,50+,Occidente,2026-08-01,Agosto,Sábado,True,entregado,app,moto_electrica,68444.37,11982.82,56461.55,43.0,6.233192,-75.607132,2026-08-01 03:27:36+00:00,2026-08-01 04:10:36+00:00,Marta Lopez
48ee7d34-ebba-4d3c-8eb9-8646e74b33c9,d9b324e7-1d27-48a5-b73a-8850b01f1da7,Valentina Rodriguez,Female,35,26-35,Norte,2026-08-01,Agosto,Sábado,True,en_camino,app,bicicleta,26159.65,6222.68,19936.97,,6.288524,-75.562398,2026-08-01 04:13:47+00:00,,Valentina Garcia
23f1fc3a-e669-4064-ba9b-d026d77b8c54,da8767ea-5f63-4a99-97c2-d4b473af120b,Andres Gomez,Female,80,50+,Sur,2026-08-01,Agosto,Sábado,True,entregado,efectivo,bicicleta,51211.43,8644.61,42566.82,43.0,6.166132,-75.599754,2026-08-01 06:14:49+00:00,2026-08-01 06:57:49+00:00,Andres Martinez
e8a53ab0-fe22-4bfe-898d-e3dc468814cb,651347e4-debe-4831-bdda-7ce4e7067076,Laura Lopez,Female,35,26-35,Centro,2026-08-01,Agosto,Sábado,True,entregado,app,bicicleta,64746.52,10563.74,54182.78,44.0,6.243420,-75.569736,2026-08-01 06:22:05+00:00,2026-08-01 07:06:05+00:00,Laura Perez
426a7de6-3b51-4d14-828e-15572ce0e76b,937fe017-e232-4857-842b-9c2982b4c987,Sofia Gomez,Female,49,36-50,Sur,2026-08-01,Agosto,Sábado,True,entregado,efectivo,bicicleta,94290.97,21300.54,72990.43,48.0,6.153201,-75.593509,2026-08-01 07:44:46+00:00,2026-08-01 08:32:46+00:00,Jorge Gonzalez
46e18525-3e8c-4f78-a0e7-286580369b28,64402c49-ecbf-46cc-87ae-13215db14f7d,Valentina Gomez,Male,53,50+,Centro,2026-08-01,Agosto,Sábado,True,entregado,efectivo,moto_electrica,16939.50,3857.52,13081.98,28.0,6.256804,-75.553892,2026-08-01 09:56:32+00:00,2026-08-01 10:24:32+00:00,Laura Gonzalez
93ca11c2-f60e-4464-81c6-1f13a7e4dfd3,28146250-cf6a-4026-b1f9-b6628c2d8c60,Lucia Lopez,Female,59,50+,Chapinero,2026-08-01,Agosto,Sábado,True,entregado,efectivo,moto_electrica,46563.39,9675.11,36888.28,35.0,6.269814,-75.542410,2026-08-01 10:18:54+00:00,2026-08-01 10:53:54+00:00,Jorge Lopez
246f333d-ed3e-4834-862a-72c40c33b3ef,56eef3c1-26f4-4db0-ae36-a001ada2aa7a,Mateo Martinez,Male,45,36-50,Centro,2026-08-01,Agosto,Sábado,True,entregado,efectivo,bicicleta,35736.66,7316.08,28420.58,39.0,6.240407,-75.560227,2026-08-01 10:26:11+00:00,2026-08-01 11:05:11+00:00,Lucia Lopez
ad9ea40f-fcd0-45ac-b4ec-43c6030a9eee,85d139a7-7a45-49aa-9638-dcd1f5d1c539,Valentina Gomez,Female,47,36-50,Chapinero,2026-08-01,Agosto,Sábado,True,entregado,tarjeta,bicicleta,47344.77,7589.01,39755.76,44.0,6.269177,-75.547135,2026-08-01 10:39:58+00:00,2026-08-01 11:23:58+00:00,Jorge Gonzalez
e45ab3fd-f768-43cf-a461-230adc6f4d3a,7f429b09-d2c9-4b17-84f6-4ef50370180a,Sofia Martinez,Male,67,50+,Centro,2026-08-01,Agosto,Sábado,True,entregado,tarjeta,bicicleta,72067.66,11849.49,60218.17,47.0,6.256546,-75.556976,2026-08-01 10:57:32+00:00,2026-08-01 11:44:32+00:00,Laura Gonzalez
719763e1-b3e8-4c35-9eb1-cfd256b09078,994850d2-c7f7-4ee7-8182-5507f4e2ad8d,Carlos Martinez,Female,54,50+,Centro,2026-08-01,Agosto,Sábado,True,entregado,tarjeta,moto_electrica,80940.06,14056.35,66883.71,17.0,6.248448,-75.562039,2026-08-01 11:02:24+00:00,2026-08-01 11:19:24+00:00,Luis Perez
3a0a1a01-ba49-4e15-a35e-2456cde485b9,501d52ea-dd62-4c6b-b43e-eb3cd5fa2d37,Maria Rodriguez,Male,59,50+,Occidente,2026-08-01,Agosto,Sábado,True,entregado,app,moto_electrica,37692.57,7014.18,30678.39,44.0,6.250541,-75.616190,2026-08-01 11:23:27+00:00,2026-08-01 12:07:27+00:00,Maria Martinez
4eb752c0-cfad-4709-8be4-3c6e9d675b0b,aecd818b-df62-4138-a5fd-5d3004aa264b,Camila Lopez,Female,39,36-50,Sur,2026-08-01,Agosto,Sábado,True,entregado,tarjeta,bicicleta,48074.01,10914.53,37159.48,51.0,6.165991,-75.601377,2026-08-01 14:59:48+00:00,2026-08-01 15:50:48+00:00,Andres Gomez
f6a44bc0-c4c1-4520-b6bd-5c75441424f8,f2dfaa5a-f205-4345-92ca-af0a6f5a2de7,Marta Lopez,Male,77,50+,Sur,2026-08-01,Agosto,Sábado,True,entregado,tarjeta,moto_electrica,30541.97,5624.55,24917.42,32.0,6.169705,-75.586497,2026-08-01 15:23:39+00:00,2026-08-01 15:55:39+00:00,Laura Perez
f797576b-3768-4c13-8fcc-e61e4a4862eb,c868f96d-ea66-42c6-ab2c-c8e836b35c37,Sofia Garcia,Male,80,50+,Centro,2026-08-01,Agosto,Sábado,True,entregado,app,bicicleta,77765.42,18920.33,58845.09,38.0,6.248204,-75.552556,2026-08-01 17:11:23+00:00,2026-08-01 17:49:23+00:00,Marta Lopez
596028cf-91e7-40fc-9d7a-b56bd1383b83,06e97137-7dac-45fd-8c25-3d5ffc2931e2,Valentina Martinez,Female,53,50+,Sur,2026-08-01,Agosto,Sábado,True,entregado,efectivo,moto_electrica,78051.48,14624.18,63427.30,28.0,6.153562,-75.603983,2026-08-01 18:26:44+00:00,2026-08-01 18:54:44+00:00,Diego Lopez
01ac0208-47cf-4620-9ef6-f5ba32530ab8,8b9a8480-24e2-4d18-aa2c-dd9488b5a08f,Carlos Perez,Male,51,50+,Occidente,2026-08-01,Agosto,Sábado,True,entregado,tarjeta,moto_electrica,54517.52,12596.38,41921.14,33.0,6.269545,-75.607795,2026-08-01 18:44:57+00:00,2026-08-01 19:17:57+00:00,Andres Gomez
67172b50-b3fd-40f8-9f09-3b139b7639a6,e14bdbbd-1b66-47ce-a156-94fef926e48d,Valentina Gomez,Female,61,50+,Chapinero,2026-08-01,Agosto,Sábado,True,entregado,tarjeta,bicicleta,47819.07,7509.59,40309.48,40.0,6.268211,-75.544999,2026-08-01 18:59:55+00:00,2026-08-01 19:39:55+00:00,Andres Lopez
2e65ee0f-0498-43ba-aaff-b9bdf330361c,d71fd6be-c4b7-4470-ac26-7d00a9f047c9,Mateo Martinez,Female,63,50+,Chapinero,2026-08-01,Agosto,Sábado,True,entregado,efectivo,bicicleta,69583.74,17140.50,52443.24,54.0,6.266181,-75.541950,2026-08-01 19:23:39+00:00,2026-08-01 20:17:39+00:00,Lucia Lopez
a9cd7a45-50bf-4944-bcea-5f54183e81bc,bb4ee5cc-800a-45a7-9b16-65e6a83af29c,Ana Garcia,Female,73,50+,Chapinero,2026-08-01,Agosto,Sábado,True,entregado,efectivo,moto_electrica,31303.27,5439.00,25864.27,24.0,6.266118,-75.547188,2026-08-01 20:33:04+00:00,2026-08-01 20:57:04+00:00,Ana Martinez
fdd0314c-25ed-4c90-8139-f1a074f3447f,641ead09-0b8f-4038-8289-ef1f96225b9d,Maria Lopez,Female,63,50+,Chapinero,2026-08-01,Agosto,Sábado,True,en_camino,app,bicicleta,83570.98,17569.31,66001.67,,6.267911,-75.551714,2026-08-01 20:55:10+00:00,,Lucia Gomez
d1c74cbc-1529-4743-8d6c-2f5986e57b40,e3d7ed4c-b628-4a8e-a070-6cb9dcb5d8d0,Mateo Gomez,Male,30,26-35,Sur,2026-08-01,Agosto,Sábado,True,entregado,efectivo,moto_electrica,54671.43,9394.13,45277.30,32.0,6.179106,-75.600375,2026-08-01 21:38:53+00:00,2026-08-01 22:10:53+00:00,Andres Gomez
b1590be7-cd4c-4a43-a3e9-5761d502c90e,c6b06ff5-5bd5-4cf6-9ab7-14b19aae54c6,Camila Gonzalez,Male,59,50+,Occidente,2026-08-01,Agosto,Sábado,True,entregado,efectivo,bicicleta,72657.75,15545.76,57111.99,47.0,6.233028,-75.599533,2026-08-01 21:59:59+00:00,2026-08-01 22:46:59+00:00,Jorge Gonzalez
032825a7-19c6-45b9-9600-aead14c6c9f1,34f9f1b5-bdd0-46e7-b81d-623e9fdf17d8,Ana Rodriguez,Female,36,36-50,Centro,2026-08-01,Agosto,Sábado,True,entregado,app,bicicleta,69407.89,12610.11,56797.78,36.0,6.259801,-75.563799,2026-08-01 22:26:29+00:00,2026-08-01 23:02:29+00:00,Marta Lopez
0d439261-9d97-4dc0-8c8f-089c74417621,c5392279-bee4-46f6-9a0a-50b84b29381b,Juan Garcia,Male,76,50+,Norte,2026-08-01,Agosto,Sábado,True,entregado,efectivo,moto_electrica,73850.59,12034.17,61816.42,40.0,6.299086,-75.551711,2026-08-01 22:46:07+00:00,2026-08-01 23:26:07+00:00,Luis Garcia
29106eb9-c142-40ea-a17f-d335b0cb3575,e933ff4c-ee9c-4811-81b0-36ecf8c6f87a,Luis Martinez,Female,75,50+,Norte,2026-08-01,Agosto,Sábado,True,entregado,efectivo,bicicleta,90872.07,18909.02,71963.05,57.0,6.289042,-75.558990,2026-08-01 23:29:05+00:00,2026-08-02 00:26:05+00:00,Laura Perez
3b7f16ca-67d4-4693-89c4-b06939801e00,3b9ed80e-3c01-457b-bd6e-f8878424b937,Juan Gonzalez,Male,81,50+,Occidente,2026-08-01,Agosto,Sábado,True,entregado,tarjeta,moto_electrica,28887.56,5535.55,23352.01,21.0,6.258505,-75.606874,2026-08-01 23:52:24+00:00,2026-08-02 00:13:24+00:00,Marta Rodriguez
c663e30d-75ad-480b-a351-9af175255810,ceb11d92-eaf4-49dc-b011-4eaca397869c,Jorge Lopez,Female,25,18-25,Norte,2026-08-02,Agosto,Domingo,True,entregado,tarjeta,moto_electrica,73850.67,16374.60,57476.07,45.0,6.279277,-75.573041,2026-08-02 00:15:24+00:00,2026-08-02 01:00:24+00:00,Marta Rodriguez
8bff066b-1635-4f9b-a936-c34731532d5d,5a53097d-77e6-43e0-970b-3e537f059cf8,Diego Lopez,Male,35,26-35,Chapinero,2026-08-02,Agosto,Domingo,True,entregado,tarjeta,moto_electrica,15607.64,3016.04,12591.60,24.0,6.269161,-75.547755,2026-08-02 01:12:09+00:00,2026-08-02 01:36:09+00:00,Jorge Gomez
0ebc7754-60dd-422f-9c38-4b847b4b75e5,9b48ed18-2e2c-49c0-8caf-85c1d0fd941e,Andres Martinez,Male,81,50+,Chapinero,2026-08-02,Agosto,Domingo,True,entregado,tarjeta,bicicleta,83206.88,17185.03,66021.85,53.0,6.261836,-75.541862,2026-08-02 01:19:51+00:00,2026-08-02 02:12:51+00:00,Andres Martinez
c51b927a-576f-4863-8ff1-291d49002a1a,bce090af-1112-4cbd-bbaa-873467f9a4fd,Sofia Martinez,Male,52,50+,Chapinero,2026-08-02,Agosto,Domingo,True,entregado,tarjeta,moto_electrica,18511.34,3800.30,14711.04,33.0,6.263005,-75.540434,2026-08-02 02:19:51+00:00,2026-08-02 02:52:51+00:00,Andres Gomez
dec0df0e-00d9-45b4-aa75-837e1b276b9d,d71fd6be-c4b7-4470-ac26-7d00a9f047c9,Mateo Martinez,Female,63,50+,Chapinero,2026-08-02,Agosto,Domingo,True,entregado,tarjeta,bicicleta,17668.88,3227.92,14440.96,39.0,6.262796,-75.550272,2026-08-02 02:33:38+00:00,2026-08-02 03:12:38+00:00,Lucia Gomez
e031f8f3-8432-46b4-b188-7f56dbed8deb,d6fde3c1-dc4b-4f8c-bad9-53234ff05ee2,Diego Garcia,Female,35,26-35,Norte,2026-08-02,Agosto,Domingo,True,entregado,app,moto_electrica,44992.62,7918.05,37074.57,49.0,6.288570,-75.551988,2026-08-02 02:48:19+00:00,2026-08-02 03:37:19+00:00,Maria Martinez
5f2c1eec-38cf-4d09-8ff3-88608757dcba,41127643-beb8-48b2-958e-79180a8bf64c,Laura Gomez,Female,32,26-35,Centro,2026-08-02,Agosto,Domingo,True,entregado,app,moto_electrica,19056.57,3598.92,15457.65,28.0,6.245039,-75.564460,2026-08-02 02:53:44+00:00,2026-08-02 03:21:44+00:00,Valentina Garcia
23c6a4ad-728e-4259-9c62-90e785757438,6332c5ab-6d19-41bf-87fa-7ee16a311a73,Lucia Garcia,Female,57,50+,Chapinero,2026-08-02,Agosto,Domingo,True,entregado,tarjeta,bicicleta,88114.18,15686.26,72427.92,38.0,6.263598,-75.556716,2026-08-02 08:12:53+00:00,2026-08-02 08:50:53+00:00,Lucia Lopez
5266ea09-c371-492a-9d77-666c68a75c70,214122ff-3ed0-4ee7-b22f-e1e1b8f04e7e,Diego Rodriguez,Male,26,26-35,Chapinero,2026-08-02,Agosto,Domingo,True,entregado,efectivo,bicicleta,55357.42,12396.09,42961.33,34.0,6.267766,-75.555809,2026-08-02 09:24:15+00:00,2026-08-02 09:58:15+00:00,Mateo Martinez
9308b590-5c68-4295-8bd8-f300f1da041f,d71fd6be-c4b7-4470-ac26-7d00a9f047c9,Mateo Martinez,Female,63,50+,Occidente,2026-08-02,Agosto,Domingo,True,entregado,efectivo,moto_electrica,26601.71,4015.64,22586.07,29.0,6.254902,-75.596604,2026-08-02 09:56:01+00:00,2026-08-02 10:25:01+00:00,Luis Lopez
4853325e-ac3f-4a85-8b68-46cdafab8400,ec199edf-cdc2-4925-8ff2-1f0f224fc41a,Valentina Lopez,Male,48,36-50,Norte,2026-08-02,Agosto,Domingo,True,entregado,tarjeta,bicicleta,50394.76,8584.01,41810.75,63.0,6.280002,-75.576355,2026-08-02 09:58:09+00:00,2026-08-02 11:01:09+00:00,Ana Martinez
9b19db3b-f75c-4ad5-baab-b415805a0ae4,5cce9a92-b20a-48a7-b742-27d2cd0fa666,Juan Martinez,Male,46,36-50,Occidente,2026-08-02,Agosto,Domingo,True,en_camino,efectivo,moto_electrica,80440.53,14149.16,66291.37,,6.271486,-75.603067,2026-08-02 10:54:52+00:00,,Ana Gonzalez
950c3ad7-95bd-4b59-94cc-e48e8feaa92a,90134b2f-22cb-42bb-8719-e7c7d7271e06,Andres Rodriguez,Male,46,36-50,Chapinero,2026-08-02,Agosto,Domingo,True,entregado,tarjeta,bicicleta,19859.91,4046.33,15813.58,43.0,6.263249,-75.556830,2026-08-02 12:25:51+00:00,2026-08-02 13:08:51+00:00,Laura Perez
20640816-e1f0-4216-a217-85171bbf4407,51890d3e-a96b-4fa2-9f0e-7f00344b0997,Sofia Lopez,Male,25,18-25,Sur,2026-08-02,Agosto,Domingo,True,entregado,tarjeta,moto_electrica,43781.46,10576.68,33204.78,26.0,6.178017,-75.593642,2026-08-02 12:30:13+00:00,2026-08-02 12:56:13+00:00,Andres Gomez
6da94308-f726-41f6-bd4b-19d18a8e230c,28146250-cf6a-4026-b1f9-b6628c2d8c60,Lucia Lopez,Female,59,50+,Sur,2026-08-02,Agosto,Domingo,True,en_camino,app,moto_electrica,78783.25,16436.72,62346.53,,6.158127,-75.587249,2026-08-02 12:58:03+00:00,,Ana Gonzalez
498d17c4-e59e-4f54-a92b-60de5559208d,a07da55a-88bb-45a6-9d6f-bfdacccc0991,Marta Martinez,Male,72,50+,Norte,2026-08-02,Agosto,Domingo,True,entregado,tarjeta,bicicleta,15467.96,3165.60,12302.36,54.0,6.272754,-75.564364,2026-08-02 13:48:37+00:00,2026-08-02 14:42:37+00:00,Jorge Gonzalez
4cd732a0-017c-404a-9246-d679f1db1d72,c6b06ff5-5bd5-4cf6-9ab7-14b19aae54c6,Camila Gonzalez,Male,59,50+,Centro,2026-08-02,Agosto,Domingo,True,entregado,tarjeta,bicicleta,25259.40,5309.29,19950.11,30.0,6.247003,-75.552252,2026-08-02 14:15:25+00:00,2026-08-02 14:45:25+00:00,Diego Lopez
1083c767-fa72-4952-9477-e3903e57277b,c6b06ff5-5bd5-4cf6-9ab7-14b19aae54c6,Camila Gonzalez,Male,59,50+,Chapinero,2026-08-02,Agosto,Domingo,True,entregado,efectivo,bicicleta,32614.47,7354.12,25260.35,48.0,6.268036,-75.558503,2026-08-02 14:26:01+00:00,2026-08-02 15:14:01+00:00,Andres Gomez
222c4f5a-ebd9-446d-b5e4-a3df136f7277,8193543e-ba17-4ff3-9344-5f76c2184657,Andres Rodriguez,Female,54,50+,Norte,2026-08-02,Agosto,Domingo,True,entregado,tarjeta,bicicleta,83982.85,15798.75,68184.10,49.0,6.287508,-75.576230,2026-08-02 14:58:20+00:00,2026-08-02 15:47:20+00:00,Diego Rodriguez
24d246ce-0596-4f55-83d2-fc2f68608cc0,219bd9f5-a5f7-46bb-88b4-e9133b083ff7,Mateo Rodriguez,Female,65,50+,Centro,2026-08-02,Agosto,Domingo,True,entregado,tarjeta,moto_electrica,50896.04,7716.72,43179.32,34.0,6.256603,-75.551170,2026-08-02 15:29:36+00:00,2026-08-02 16:03:36+00:00,Diego Rodriguez
1cb499b8-17df-45d7-8c53-ae49decc3bef,8d96d9c5-ae92-4815-b27b-066d5dd13ec9,Laura Martinez,Male,65,50+,Centro,2026-08-02,Agosto,Domingo,True,en_camino,tarjeta,moto_electrica,73831.31,16065.17,57766.14,,6.255621,-75.554439,2026-08-02 16:10:33+00:00,,Ana Martinez
c95a945e-d723-4e7a-97e8-55eb9f95af29,8193543e-ba17-4ff3-9344-5f76c2184657,Andres Rodriguez,Female,54,50+,Centro,2026-08-02,Agosto,Domingo,True,entregado,efectivo,bicicleta,62950.59,10306.81,52643.78,48.0,6.255280,-75.551171,2026-08-02 17:31:35+00:00,2026-08-02 18:19:35+00:00,Marta Rodriguez
38da8ec4-ee32-4816-9253-930b34bd0076,13e0122f-67ce-494f-8347-6975e8c8f54e,Luis Garcia,Male,54,50+,Sur,2026-08-02,Agosto,Domingo,True,en_camino,efectivo,moto_electrica,26809.71,5073.29,21736.42,,6.156215,-75.594471,2026-08-02 19:18:23+00:00,,Ana Martinez
b13b7abf-d049-44fe-b081-2c0ac993245a,07710594-2e0c-40d8-9ddb-2a4227d3d41a,Pedro Gomez,Male,48,36-50,Chapinero,2026-08-02,Agosto,Domingo,True,en_camino,app,bicicleta,33144.17,7787.48,25356.69,,6.269781,-75.555002,2026-08-02 19:18:40+00:00,,Andres Gomez
6c89c60b-e092-431b-aa6d-de33943c0786,936e2d19-1a08-4f47-80a6-3332265a04f3,Luis Martinez,Male,48,36-50,Sur,2026-08-02,Agosto,Domingo,True,en_camino,efectivo,bicicleta,38324.31,6195.97,32128.34,,6.171784,-75.594594,2026-08-02 19:40:16+00:00,,Laura Gonzalez
28bec398-8834-4094-acd3-2ecc4d26a363,64435586-3152-4620-8118-8c603a6994f4,Laura Lopez,Female,80,50+,Occidente,2026-08-02,Agosto,Domingo,True,entregado,efectivo,bicicleta,52816.70,9994.48,42822.22,44.0,6.268072,-75.595431,2026-08-02 19:58:38+00:00,2026-08-02 20:42:38+00:00,Marta Rodriguez
2d7749c0-75c0-4132-9f18-946c0eae9b7b,d6fde3c1-dc4b-4f8c-bad9-53234ff05ee2,Diego Garcia,Female,35,26-35,Norte,2026-08-02,Agosto,Domingo,True,entregado,tarjeta,bicicleta,27644.18,6655.17,20989.01,61.0,6.285141,-75.559451,2026-08-02 20:26:33+00:00,2026-08-02 21:27:33+00:00,Luis Lopez
cf519e0f-e443-4919-93c0-332ea01606ce,0bf86823-cb4c-48f8-8917-ae330525c6d5,Diego Gonzalez,Female,29,26-35,Norte,2026-08-02,Agosto,Domingo,True,entregado,efectivo,moto_electrica,33326.33,5424.72,27901.61,38.0,6.295840,-75.556380,2026-08-02 20:44:37+00:00,2026-08-02 21:22:37+00:00,Carlos Martinez
c86176d7-8438-4104-b72c-76952d72caf0,8193543e-ba17-4ff3-9344-5f76c2184657,Andres Rodriguez,Female,54,50+,Sur,2026-08-02,Agosto,Domingo,True,entregado,tarjeta,bicicleta,77169.66,13352.12,63817.54,50.0,6.150355,-75.602165,2026-08-02 21:20:00+00:00,2026-08-02 22:10:00+00:00,Juan Gomez
a80e6282-0dfd-4825-a1ef-450a4b9749fd,6c7dcc33-6f64-4bae-a30c-600099b54f33,Camila Martinez,Female,46,36-50,Occidente,2026-08-02,Agosto,Domingo,True,entregado,efectivo,moto_electrica,29405.37,5432.99,23972.38,19.0,6.279602,-75.598628,2026-08-02 21:50:44+00:00,2026-08-02 22:09:44+00:00,Diego Rodriguez
7604ca63-6861-4af3-95bd-4d0a76e4b0fe,48bc34d2-7f99-4cca-8c08-2dc33d442d18,Carlos Gomez,Male,57,50+,Occidente,2026-08-02,Agosto,Domingo,True,cancelado,tarjeta,moto_electrica,91914.14,17882.66,74031.48,,6.266730,-75.619629,2026-08-02 21:53:22+00:00,,Jorge Gonzalez
bff77bbb-07e2-4fee-b6aa-c64571133401,975f478d-4a1e-48cd-b2b3-f923d30b9251,Laura Martinez,Male,79,50+,Centro,2026-08-02,Agosto,Domingo,True,cancelado,efectivo,moto_electrica,53956.79,12076.93,41879.86,,6.248438,-75.558798,2026-08-02 21:56:21+00:00,,
448399c7-ec83-4933-8ea5-fff057dd8560,651347e4-debe-4831-bdda-7ce4e7067076,Laura Lopez,Female,35,26-35,Centro,2026-08-02,Agosto,Domingo,True,entregado,efectivo,bicicleta,23092.05,3746.60,19345.45,49.0,6.246341,-75.561989,2026-08-02 22:16:18+00:00,2026-08-02 23:05:18+00:00,Maria Martinez
3dd8ee83-af56-4244-8f21-93de32914b90,214122ff-3ed0-4ee7-b22f-e1e1b8f04e7e,Diego Rodriguez,Male,26,26-35,Sur,2026-08-02,Agosto,Domingo,True,entregado,efectivo,moto_electrica,20745.40,4455.47,16289.93,37.0,6.169849,-75.595301,2026-08-02 23:22:30+00:00,2026-08-02 23:59:30+00:00,Andres Gomez
6a26286b-25d3-4852-ad3d-1aae957afe0d,b2322744-c7c4-49f3-9caa-8df835be917b,Juan Gomez,Male,41,36-50,Norte,2026-08-03,Agosto,Lunes,False,entregado,app,moto_electrica,59255.54,14071.14,45184.40,53.0,6.284476,-75.576501,2026-08-03 03:01:57+00:00,2026-08-03 03:54:57+00:00,Marta Rodriguez
af5b5fb3-8019-436c-af8d-f65d3ed468fb,0604c774-2d96-40ec-b987-51c090ef688c,Lucia Garcia,Female,78,50+,Norte,2026-08-03,Agosto,Lunes,False,entregado,efectivo,moto_electrica,17567.45,3123.24,14444.21,55.0,6.280686,-75.550019,2026-08-03 03:30:20+00:00,2026-08-03 04:25:20+00:00,Laura Gonzalez
4aa15fd9-8373-4f7e-ab94-1ce7678646e9,5a53097d-77e6-43e0-970b-3e537f059cf8,Diego Lopez,Male,35,26-35,Norte,2026-08-03,Agosto,Lunes,False,entregado,app,moto_electrica,50036.73,11072.96,38963.77,50.0,6.271816,-75.579675,2026-08-03 05:10:01+00:00,2026-08-03 06:00:01+00:00,Andres Gomez
3fc2e815-a7be-483c-b7aa-1101cca93f45,90134b2f-22cb-42bb-8719-e7c7d7271e06,Andres Rodriguez,Male,46,36-50,Sur,2026-08-03,Agosto,Lunes,False,entregado,app,bicicleta,48076.20,7262.35,40813.85,45.0,6.178835,-75.587502,2026-08-03 05:22:36+00:00,2026-08-03 06:07:36+00:00,Andres Gomez
e3a1aa9a-9703-4da8-94ae-667128a8df02,31e98e9a-24de-4294-8826-fc491e8529cc,Pedro Garcia,Female,34,26-35,Occidente,2026-08-03,Agosto,Lunes,False,entregado,efectivo,moto_electrica,89415.81,21500.03,67915.78,27.0,6.259176,-75.611534,2026-08-03 07:57:19+00:00,2026-08-03 08:24:19+00:00,Maria Martinez
eedcd1cd-5d73-47d3-a447-8b2b87a9dc3b,85d139a7-7a45-49aa-9638-dcd1f5d1c539,Valentina Gomez,Female,47,36-50,Norte,2026-08-03,Agosto,Lunes,False,entregado,efectivo,bicicleta,48243.80,10322.03,37921.77,57.0,6.272634,-75.570029,2026-08-03 09:04:29+00:00,2026-08-03 10:01:29+00:00,Andres Lopez
4062349a-2639-475b-b843-f4b442c3abdc,6c7dcc33-6f64-4bae-a30c-600099b54f33,Camila Martinez,Female,46,36-50,Chapinero,2026-08-03,Agosto,Lunes,False,entregado,efectivo,bicicleta,93584.76,21639.55,71945.21,31.0,6.268091,-75.553764,2026-08-03 09:50:40+00:00,2026-08-03 10:21:40+00:00,Marta Lopez
b84a81e2-c4dd-44ed-a42c-d7aa81a50a19,07710594-2e0c-40d8-9ddb-2a4227d3d41a,Pedro Gomez,Male,48,36-50,Norte,2026-08-03,Agosto,Lunes,False,entregado,app,moto_electrica,20443.00,4040.14,16402.86,59.0,6.287666,-75.551411,2026-08-03 09:56:50+00:00,2026-08-03 10:55:50+00:00,Ana Gonzalez
ba71c76e-81c8-43cd-ac5f-f3614656090f,d75d2cf4-7250-4620-8774-e082750cafca,Diego Gomez,Female,81,50+,Centro,2026-08-03,Agosto,Lunes,False,cancelado,app,bicicleta,38146.55,6311.07,31835.48,,6.243349,-75.556300,2026-08-03 10:40:58+00:00,,
c855daba-0a38-47a7-888f-6fbef8e269f1,01137935-0af8-4f24-8ee9-07632cb39eee,Sofia Gonzalez,Female,36,36-50,Centro,2026-08-03,Agosto,Lunes,False,cancelado,efectivo,moto_electrica,63375.94,9974.02,53401.92,,6.246517,-75.568577,2026-08-03 10:44:11+00:00,,
9be66358-7176-45c7-9d1a-12f68e07943b,2db7afb4-3544-4567-8108-5861c213f9ed,Juan Garcia,Female,31,26-35,Occidente,2026-08-03,Agosto,Lunes,False,cancelado,app,moto_electrica,88810.24,19080.53,69729.71,,6.252136,-75.610769,2026-08-03 11:08:19+00:00,,
1d263898-5a68-420d-9e88-4c6d51d4bf93,1bb9fc1b-4864-44ef-a2b3-5ea92d0e0afa,Laura Gonzalez,Female,77,50+,Norte,2026-08-03,Agosto,Lunes,False,entregado,efectivo,moto_electrica,93184.76,20762.82,72421.94,35.0,6.290427,-75.572761,2026-08-03 12:37:17+00:00,2026-08-03 13:12:17+00:00,Marta Lopez
972f80f4-6ad2-472a-95fc-7e84c4acf317,6332c5ab-6d19-41bf-87fa-7ee16a311a73,Lucia Garcia,Female,57,50+,Centro,2026-08-03,Agosto,Lunes,False,entregado,tarjeta,moto_electrica,58340.18,13818.31,44521.87,29.0,6.248600,-75.557627,2026-08-03 12:59:18+00:00,2026-08-03 13:28:18+00:00,Valentina Garcia
44c2ae96-ba21-4321-8e6a-1896f6b9fdfc,8c4b07f3-4be0-4550-a487-d5bfdfe98e97,Marta Lopez,Male,74,50+,Occidente,2026-08-03,Agosto,Lunes,False,entregado,tarjeta,moto_electrica,71209.99,15763.70,55446.29,37.0,6.275848,-75.598539,2026-08-03 13:01:50+00:00,2026-08-03 13:38:50+00:00,Marta Rodriguez
8a81d902-31c8-4aac-8e30-c3fbe31d778b,56eef3c1-26f4-4db0-ae36-a001ada2aa7a,Mateo Martinez,Male,45,36-50,Centro,2026-08-03,Agosto,Lunes,False,entregado,efectivo,bicicleta,64498.62,14244.28,50254.34,45.0,6.257914,-75.558987,2026-08-03 13:15:23+00:00,2026-08-03 14:00:23+00:00,Valentina Lopez
469b0c39-17eb-44e3-b777-699692305cb2,c1c45866-47a2-47f7-b1e6-4dfecbbdda25,Lucia Lopez,Female,28,26-35,Centro,2026-08-03,Agosto,Lunes,False,entregado,efectivo,moto_electrica,57415.28,13426.98,43988.30,26.0,6.247777,-75.567000,2026-08-03 14:09:24+00:00,2026-08-03 14:35:24+00:00,Laura Perez
e9354ae0-0e8a-4da4-8bf6-417d710b63a5,936e2d19-1a08-4f47-80a6-3332265a04f3,Luis Martinez,Male,48,36-50,Centro,2026-08-03,Agosto,Lunes,False,entregado,tarjeta,bicicleta,49788.64,9502.95,40285.69,44.0,6.254814,-75.560268,2026-08-03 14:44:21+00:00,2026-08-03 15:28:21+00:00,Luis Perez
6017b607-9754-46db-830d-e4f62392a75a,a4be7243-5dfa-45d2-818a-54607daa3daa,Ana Lopez,Female,59,50+,Norte,2026-08-03,Agosto,Lunes,False,entregado,efectivo,bicicleta,76395.31,18598.13,57797.18,57.0,6.270949,-75.578319,2026-08-03 17:10:01+00:00,2026-08-03 18:07:01+00:00,Lucia Lopez
f6e4df15-4efe-4acb-a0d9-af88b6e18895,2e431e06-4c17-49d0-97dd-2d1cd10b4a95,Maria Gonzalez,Male,52,50+,Sur,2026-08-03,Agosto,Lunes,False,entregado,efectivo,moto_electrica,85236.55,19148.83,66087.72,32.0,6.158762,-75.586842,2026-08-03 17:20:03+00:00,2026-08-03 17:52:03+00:00,Diego Rodriguez
84995bdc-a067-43a3-8403-ba9cc1a9f5a4,f2dfaa5a-f205-4345-92ca-af0a6f5a2de7,Marta Lopez,Male,77,50+,Norte,2026-08-03,Agosto,Lunes,False,entregado,tarjeta,moto_electrica,85062.02,13491.90,71570.12,41.0,6.275858,-75.569793,2026-08-03 18:10:38+00:00,2026-08-03 18:51:38+00:00,Marta Rodriguez
300be953-deda-4990-97e4-02bf7ab6a3a3,13e0122f-67ce-494f-8347-6975e8c8f54e,Luis Garcia,Male,54,50+,Chapinero,2026-08-03,Agosto,Lunes,False,entregado,app,bicicleta,92953.56,15451.71,77501.85,42.0,6.268818,-75.558498,2026-08-03 19:36:27+00:00,2026-08-03 20:18:27+00:00,Laura Perez
8afe47ee-f6f1-49c0-a45d-3d628938aeb5,9b929e05-3be7-47f5-8987-51f10d07938d,Marta Lopez,Female,52,50+,Sur,2026-08-03,Agosto,Lunes,False,cancelado,app,bicicleta,15860.99,2954.41,12906.58,,6.155764,-75.585873,2026-08-03 19:57:28+00:00,,Maria Martinez
aec39319-6de6-4552-a399-5a7d8ee2e22c,a200fb08-fef7-4a11-b4af-a7fc9c26bc2e,Luis Garcia,Female,63,50+,Chapinero,2026-08-03,Agosto,Lunes,False,entregado,app,moto_electrica,93394.71,22512.65,70882.06,28.0,6.262794,-75.543526,2026-08-03 20:37:29+00:00,2026-08-03 21:05:29+00:00,Luis Perez
b9b13b22-a2ae-4732-b77c-aae3b3b40304,d9b324e7-1d27-48a5-b73a-8850b01f1da7,Valentina Rodriguez,Female,35,26-35,Centro,2026-08-03,Agosto,Lunes,False,entregado,app,bicicleta,74357.43,17266.76,57090.67,47.0,6.240220,-75.558106,2026-08-03 20:42:51+00:00,2026-08-03 21:29:51+00:00,Mateo Martinez
09517060-959a-4a51-8c56-ab66f57f06f4,fd944984-53a0-49d4-9474-ceb6fa280378,Marta Perez,Female,73,50+,Occidente,2026-08-03,Agosto,Lunes,False,entregado,efectivo,moto_electrica,87312.78,15163.61,72149.17,37.0,6.279412,-75.605753,2026-08-03 22:35:38+00:00,2026-08-03 23:12:38+00:00,Diego Lopez
ae8acaa9-ae12-4521-90d6-ace3095c42b5,31e98e9a-24de-4294-8826-fc491e8529cc,Pedro Garcia,Female,34,26-35,Sur,2026-08-03,Agosto,Lunes,False,cancelado,efectivo,bicicleta,32430.16,5648.97,26781.19,,6.163405,-75.588180,2026-08-03 22:56:38+00:00,,
8d1c1a90-0e76-4d50-8a24-2ac1ceaeed3e,cab0f77c-6a9c-4833-ab98-ff5e181a7e8c,Diego Gonzalez,Female,40,36-50,Chapinero,2026-08-04,Agosto,Martes,False,entregado,tarjeta,moto_electrica,92733.44,14635.99,78097.45,24.0,6.265475,-75.559823,2026-08-04 01:07:06+00:00,2026-08-04 01:31:06+00:00,Luis Perez
4a91393d-34c3-4569-9bd1-26d6070fcc14,66379f01-baf4-4625-af97-5671a7553d51,Marta Rodriguez,Female,33,26-35,Occidente,2026-08-04,Agosto,Martes,False,entregado,tarjeta,moto_electrica,63295.46,11987.98,51307.48,21.0,6.241630,-75.607878,2026-08-04 01:21:00+00:00,2026-08-04 01:42:00+00:00,Laura Gonzalez
55e2a786-9cfa-4fae-9cd0-b218d5221a11,133e7b9f-2385-4705-9e99-3eb72a0f75cb,Mateo Gonzalez,Male,66,50+,Chapinero,2026-08-04,Agosto,Martes,False,entregado,efectivo,moto_electrica,68107.27,15257.29,52849.98,17.0,6.266785,-75.554670,2026-08-04 03:27:17+00:00,2026-08-04 03:44:17+00:00,Mateo Martinez
335dbb8a-9efc-4ba5-a26d-2ca0b21b2fed,2db7afb4-3544-4567-8108-5861c213f9ed,Juan Garcia,Female,31,26-35,Norte,2026-08-04,Agosto,Martes,False,en_camino,efectivo,bicicleta,27753.16,5301.30,22451.86,,6.273202,-75.564252,2026-08-04 05:26:19+00:00,,Marta Lopez
2df18eac-e22a-4372-b3f4-7c676f7ac352,c868f96d-ea66-42c6-ab2c-c8e836b35c37,Sofia Garcia,Male,80,50+,Centro,2026-08-04,Agosto,Martes,False,entregado,efectivo,bicicleta,65478.27,14056.83,51421.44,46.0,6.252974,-75.563364,2026-08-04 05:44:12+00:00,2026-08-04 06:30:12+00:00,Andres Gomez
05fc68ef-61d6-4c31-bab9-d6ad806ff0db,2bcc12cb-5d87-4176-a287-3a2aee9351e5,Luis Rodriguez,Female,50,36-50,Sur,2026-08-04,Agosto,Martes,False,entregado,app,moto_electrica,82682.58,18699.05,63983.53,35.0,6.169651,-75.601123,2026-08-04 05:59:27+00:00,2026-08-04 06:34:27+00:00,Ana Martinez
b073db90-24fd-4fa1-b585-0eae36765e75,34f9f1b5-bdd0-46e7-b81d-623e9fdf17d8,Ana Rodriguez,Female,36,36-50,Chapinero,2026-08-04,Agosto,Martes,False,cancelado,app,moto_electrica,46528.63,10765.43,35763.20,,6.261223,-75.558331,2026-08-04 06:38:45+00:00,,
5852eaf4-362e-454f-a794-20413aa371e4,f742a46d-f918-41e0-be90-30f40dc4d68f,Luis Martinez,Female,70,50+,Chapinero,2026-08-04,Agosto,Martes,False,entregado,app,moto_electrica,84865.14,16379.23,68485.91,17.0,6.260396,-75.556653,2026-08-04 06:49:13+00:00,2026-08-04 07:06:13+00:00,Valentina Garcia
038831e7-717b-4c2c-b186-670cacc677ee,34580dd8-9397-4dc9-bc4e-757392d1c5fb,Lucia Gomez,Female,64,50+,Occidente,2026-08-04,Agosto,Martes,False,entregado,tarjeta,moto_electrica,22139.27,3662.10,18477.17,30.0,6.273292,-75.602689,2026-08-04 07:17:43+00:00,2026-08-04 07:47:43+00:00,Luis Perez
d0aacb92-9d27-49cd-a88c-1e9872f84c63,7fcd166e-cba3-4232-91a1-41d51f495d35,Lucia Martinez,Male,60,50+,Chapinero,2026-08-04,Agosto,Martes,False,entregado,tarjeta,moto_electrica,37203.73,7159.11,30044.62,24.0,6.266940,-75.550732,2026-08-04 07:52:48+00:00,2026-08-04 08:16:48+00:00,Andres Gomez
6dbd0cc6-1d50-4e26-a738-919c8dbdf874,5cce9a92-b20a-48a7-b742-27d2cd0fa666,Juan Martinez,Male,46,36-50,Chapinero,2026-08-04,Agosto,Martes,False,entregado,tarjeta,bicicleta,58971.60,13627.26,45344.34,38.0,6.261816,-75.550073,2026-08-04 07:56:47+00:00,2026-08-04 08:34:47+00:00,Luis Perez
925a1c2d-d120-45ae-8675-9000672cd619,f48478ff-e816-452a-913c-41d06df567f2,Ana Garcia,Female,36,36-50,Centro,2026-08-04,Agosto,Martes,False,entregado,efectivo,moto_electrica,58007.01,10113.91,47893.10,24.0,6.243482,-75.560541,2026-08-04 09:35:56+00:00,2026-08-04 09:59:56+00:00,Marta Rodriguez
e23c5971-c731-41e6-b588-f5407a0ae63e,06e97137-7dac-45fd-8c25-3d5ffc2931e2,Valentina Martinez,Female,53,50+,Norte,2026-08-04,Agosto,Martes,False,entregado,tarjeta,moto_electrica,55839.81,11051.94,44787.87,42.0,6.273341,-75.569636,2026-08-04 09:53:25+00:00,2026-08-04 10:35:25+00:00,Laura Perez
a1f8cf61-6712-4b74-900a-338d0d4d02e1,532946ef-c978-4995-b94c-d3c989755106,Ana Gonzalez,Female,57,50+,Chapinero,2026-08-04,Agosto,Martes,False,en_camino,app,bicicleta,17402.17,4321.05,13081.12,,6.268204,-75.544769,2026-08-04 09:53:34+00:00,,Marta Rodriguez
5cf2e8ad-197f-4992-b786-88e3fefcce71,a1e55b58-2600-44cc-9743-bc7ffad4510a,Juan Garcia,Male,25,18-25,Sur,2026-08-04,Agosto,Martes,False,entregado,efectivo,moto_electrica,31855.83,5595.83,26260.00,33.0,6.161247,-75.585362,2026-08-04 10:10:29+00:00,2026-08-04 10:43:29+00:00,Lucia Gomez
e322513a-a3b7-4bbd-a842-dfbf1e7ce913,b2322744-c7c4-49f3-9caa-8df835be917b,Juan Gomez,Male,41,36-50,Centro,2026-08-04,Agosto,Martes,False,entregado,tarjeta,moto_electrica,20842.04,3876.57,16965.47,27.0,6.249874,-75.553415,2026-08-04 11:07:47+00:00,2026-08-04 11:34:47+00:00,Luis Perez
31dc726e-2ffc-46d2-81b5-a63a9944aedf,133e7b9f-2385-4705-9e99-3eb72a0f75cb,Mateo Gonzalez,Male,66,50+,Sur,2026-08-04,Agosto,Martes,False,entregado,efectivo,bicicleta,18375.54,3934.13,14441.41,35.0,6.155218,-75.583504,2026-08-04 11:34:56+00:00,2026-08-04 12:09:56+00:00,Juan Gonzalez
ae6c7d32-7849-4f23-99fd-d006954be320,31403c6d-6d71-4dae-a092-3e351f46b23d,Juan Rodriguez,Male,26,26-35,Occidente,2026-08-04,Agosto,Martes,False,entregado,app,bicicleta,81079.78,14585.21,66494.57,43.0,6.253142,-75.613876,2026-08-04 12:11:02+00:00,2026-08-04 12:54:02+00:00,Carlos Martinez
f8054632-7601-4514-b4a0-c73f3b25b84e,fde42dcc-b6cc-4f58-995d-e8c613f6c077,Mateo Garcia,Male,53,50+,Centro,2026-08-04,Agosto,Martes,False,entregado,tarjeta,moto_electrica,58515.40,14495.32,44020.08,36.0,6.255607,-75.564156,2026-08-04 12:52:36+00:00,2026-08-04 13:28:36+00:00,Juan Gomez
1f072d4c-6f7b-4f87-8f15-09994b35a257,e14bdbbd-1b66-47ce-a156-94fef926e48d,Valentina Gomez,Female,61,50+,Sur,2026-08-04,Agosto,Martes,False,entregado,app,moto_electrica,80707.33,15291.32,65416.01,38.0,6.173287,-75.592754,2026-08-04 13:37:44+00:00,2026-08-04 14:15:44+00:00,Luis Garcia
62a5d526-6f3a-4e1a-91a3-b3c8108af7eb,0cecba19-546d-45bc-a482-e679d7148b85,Valentina Rodriguez,Female,73,50+,Chapinero,2026-08-04,Agosto,Martes,False,entregado,tarjeta,bicicleta,79786.64,15603.03,64183.61,43.0,6.260083,-75.552080,2026-08-04 14:18:32+00:00,2026-08-04 15:01:32+00:00,Juan Gomez
d59f024a-f759-4354-82f6-70f8c40dea61,a4be7243-5dfa-45d2-818a-54607daa3daa,Ana Lopez,Female,59,50+,Sur,2026-08-04,Agosto,Martes,False,entregado,tarjeta,bicicleta,47160.67,7597.23,39563.44,31.0,6.161184,-75.589721,2026-08-04 15:08:07+00:00,2026-08-04 15:39:07+00:00,Marta Rodriguez
dbd2b289-5581-4005-9b65-89ce65a9ddbd,3eaec931-6c40-439f-b3ae-a324b6ed84ac,Carlos Rodriguez,Male,37,36-50,Centro,2026-08-04,Agosto,Martes,False,entregado,efectivo,bicicleta,78629.70,18906.79,59722.91,32.0,6.251188,-75.554245,2026-08-04 15:24:34+00:00,2026-08-04 15:56:34+00:00,Marta Lopez
38576b87-48b0-4da0-95e8-d5b17ee3adc5,8d96d9c5-ae92-4815-b27b-066d5dd13ec9,Laura Martinez,Male,65,50+,Chapinero,2026-08-04,Agosto,Martes,False,entregado,efectivo,bicicleta,91611.07,16969.76,74641.31,47.0,6.266780,-75.552786,2026-08-04 15:48:57+00:00,2026-08-04 16:35:57+00:00,Andres Martinez
3b0b892a-8ce7-4ca9-bf1c-597eef715660,936e2d19-1a08-4f47-80a6-3332265a04f3,Luis Martinez,Male,48,36-50,Chapinero,2026-08-04,Agosto,Martes,False,en_camino,tarjeta,moto_electrica,68464.57,13495.67,54968.90,,6.260194,-75.547652,2026-08-04 15:51:10+00:00,,Diego Rodriguez
8d0a377a-e32a-4e57-9f39-7ed3946acb33,d71fd6be-c4b7-4470-ac26-7d00a9f047c9,Mateo Martinez,Female,63,50+,Norte,2026-08-04,Agosto,Martes,False,entregado,efectivo,bicicleta,71876.33,11307.05,60569.28,66.0,6.297305,-75.555047,2026-08-04 15:54:57+00:00,2026-08-04 17:00:57+00:00,Valentina Lopez
81681ac3-1ccc-46a8-b648-5d10d71529c0,6332c5ab-6d19-41bf-87fa-7ee16a311a73,Lucia Garcia,Female,57,50+,Norte,2026-08-04,Agosto,Martes,False,entregado,app,moto_electrica,20295.67,4847.67,15448.00,49.0,6.293712,-75.557051,2026-08-04 16:13:38+00:00,2026-08-04 17:02:38+00:00,Jorge Martinez
70998398-5b9d-48df-9ff3-a87907c69296,01137935-0af8-4f24-8ee9-07632cb39eee,Sofia Gonzalez,Female,36,36-50,Sur,2026-08-04,Agosto,Martes,False,entregado,tarjeta,moto_electrica,93656.16,14662.51,78993.65,29.0,6.151417,-75.598817,2026-08-04 16:30:08+00:00,2026-08-04 16:59:08+00:00,Ana Gonzalez
f4ac7bee-d63e-452d-8699-31eeaec684f1,9b929e05-3be7-47f5-8987-51f10d07938d,Marta Lopez,Female,52,50+,Centro,2026-08-04,Agosto,Martes,False,cancelado,tarjeta,bicicleta,31615.06,5433.13,26181.93,,6.247514,-75.557940,2026-08-04 16:33:10+00:00,,
1c681310-857f-4035-9f0d-56f9943f8253,31e98e9a-24de-4294-8826-fc491e8529cc,Pedro Garcia,Female,34,26-35,Sur,2026-08-04,Agosto,Martes,False,entregado,efectivo,bicicleta,21765.47,3273.69,18491.78,54.0,6.161615,-75.598053,2026-08-04 16:52:18+00:00,2026-08-04 17:46:18+00:00,Carlos Martinez
9281bf62-e1b9-4788-abbf-884cf9481786,d75d2cf4-7250-4620-8774-e082750cafca,Diego Gomez,Female,81,50+,Chapinero,2026-08-04,Agosto,Martes,False,entregado,app,bicicleta,93537.65,19292.46,74245.19,47.0,6.266772,-75.555113,2026-08-04 17:40:34+00:00,2026-08-04 18:27:34+00:00,Lucia Lopez
49031a8b-e958-42b7-aafe-bf7b2ed9daad,30010484-56ff-42bf-8c2c-27a95de8dadb,Luis Gonzalez,Female,77,50+,Sur,2026-08-04,Agosto,Martes,False,entregado,tarjeta,bicicleta,84816.39,15477.57,69338.82,42.0,6.166667,-75.604330,2026-08-04 18:52:04+00:00,2026-08-04 19:34:04+00:00,Luis Garcia
1fd718eb-7513-43e6-87bc-f07cbb3b3800,a200fb08-fef7-4a11-b4af-a7fc9c26bc2e,Luis Garcia,Female,63,50+,Occidente,2026-08-04,Agosto,Martes,False,entregado,efectivo,bicicleta,77848.08,14451.32,63396.76,36.0,6.271702,-75.593475,2026-08-04 19:01:54+00:00,2026-08-04 19:37:54+00:00,Marta Perez
9228c199-43ff-4cc4-8b47-b3bad9786ba3,2db7afb4-3544-4567-8108-5861c213f9ed,Juan Garcia,Female,31,26-35,Centro,2026-08-04,Agosto,Martes,False,entregado,efectivo,bicicleta,33782.26,8388.53,25393.73,41.0,6.247860,-75.558320,2026-08-04 19:17:12+00:00,2026-08-04 19:58:12+00:00,Lucia Lopez
ea3ebf27-374f-4cbe-adca-20d4ea980a97,c5392279-bee4-46f6-9a0a-50b84b29381b,Juan Garcia,Male,76,50+,Occidente,2026-08-04,Agosto,Martes,False,entregado,app,moto_electrica,17448.64,3341.20,14107.44,39.0,6.235370,-75.606322,2026-08-04 20:58:04+00:00,2026-08-04 21:37:04+00:00,Mateo Martinez
7bf9cf37-7415-4a79-89d1-ff9921c3ed18,2e431e06-4c17-49d0-97dd-2d1cd10b4a95,Maria Gonzalez,Male,52,50+,Norte,2026-08-04,Agosto,Martes,False,cancelado,tarjeta,bicicleta,26133.97,4452.27,21681.70,,6.272124,-75.562739,2026-08-04 20:59:31+00:00,,Ana Gonzalez
36fad590-a763-40b4-88d4-739a94404b18,06e97137-7dac-45fd-8c25-3d5ffc2931e2,Valentina Martinez,Female,53,50+,Sur,2026-08-04,Agosto,Martes,False,entregado,efectivo,bicicleta,73210.24,16759.00,56451.24,57.0,6.170998,-75.598889,2026-08-04 21:27:21+00:00,2026-08-04 22:24:21+00:00,Andres Lopez
50acfdb8-ba87-4c77-a157-6c0d1761279a,05f438aa-91cf-4c97-b79d-dca22be98b69,Marta Rodriguez,Female,72,50+,Occidente,2026-08-04,Agosto,Martes,False,entregado,efectivo,moto_electrica,39884.96,9056.75,30828.21,37.0,6.233939,-75.592673,2026-08-04 22:17:27+00:00,2026-08-04 22:54:27+00:00,Andres Lopez
d21a59bc-86b6-4bf4-93ff-38f898829a13,90134b2f-22cb-42bb-8719-e7c7d7271e06,Andres Rodriguez,Male,46,36-50,Norte,2026-08-04,Agosto,Martes,False,entregado,app,moto_electrica,78240.13,17649.88,60590.25,47.0,6.272904,-75.561000,2026-08-04 22:29:06+00:00,2026-08-04 23:16:06+00:00,Juan Gonzalez
4e2b004f-56b0-43cf-aef9-7a553d03ad51,13e0122f-67ce-494f-8347-6975e8c8f54e,Luis Garcia,Male,54,50+,Occidente,2026-08-04,Agosto,Martes,False,entregado,app,moto_electrica,53212.78,12708.48,40504.30,42.0,6.279114,-75.600223,2026-08-04 23:05:29+00:00,2026-08-04 23:47:29+00:00,Ana Gonzalez
8273ca08-2398-47ce-aa12-6d4e95687741,2db7afb4-3544-4567-8108-5861c213f9ed,Juan Garcia,Female,31,26-35,Chapinero,2026-08-04,Agosto,Martes,False,entregado,app,moto_electrica,43224.12,9608.99,33615.13,29.0,6.266722,-75.556808,2026-08-04 23:16:25+00:00,2026-08-04 23:45:25+00:00,Marta Lopez
ac40ac0a-2062-41a6-918f-0d6082081384,51890d3e-a96b-4fa2-9f0e-7f00344b0997,Sofia Lopez,Male,25,18-25,Occidente,2026-08-05,Agosto,Miércoles,False,entregado,tarjeta,moto_electrica,23894.59,3614.43,20280.16,22.0,6.232319,-75.593762,2026-08-05 00:00:45+00:00,2026-08-05 00:22:45+00:00,Juan Gomez
f10b4439-e6d0-4b24-bf9a-bf257cea0284,0604c774-2d96-40ec-b987-51c090ef688c,Lucia Garcia,Female,78,50+,Centro,2026-08-05,Agosto,Miércoles,False,cancelado,tarjeta,moto_electrica,22646.91,5052.04,17594.87,,6.258390,-75.564405,2026-08-05 00:33:15+00:00,,
35d23778-1fa3-441c-b96e-fb3bfb149595,28146250-cf6a-4026-b1f9-b6628c2d8c60,Lucia Lopez,Female,59,50+,Chapinero,2026-08-05,Agosto,Miércoles,False,entregado,tarjeta,bicicleta,82711.38,20199.46,62511.92,41.0,6.265576,-75.551862,2026-08-05 00:47:19+00:00,2026-08-05 01:28:19+00:00,Mateo Martinez
e9edbf24-ed55-47e7-98dc-24c6c70993c7,1bb9fc1b-4864-44ef-a2b3-5ea92d0e0afa,Laura Gonzalez,Female,77,50+,Chapinero,2026-08-05,Agosto,Miércoles,False,entregado,efectivo,bicicleta,64426.14,13377.40,51048.74,47.0,6.263320,-75.542111,2026-08-05 03:50:36+00:00,2026-08-05 04:37:36+00:00,Marta Lopez
e844e33f-50d2-4c31-844c-63819107d08e,c0865051-d7c6-4a00-b5f5-c553e05e7b6f,Marta Rodriguez,Male,28,26-35,Chapinero,2026-08-05,Agosto,Miércoles,False,en_camino,efectivo,bicicleta,51754.68,8451.66,43303.02,,6.261407,-75.552717,2026-08-05 04:36:10+00:00,,Diego Rodriguez
7e9cf596-ce8f-4a8d-90df-0ce5db78cf50,30010484-56ff-42bf-8c2c-27a95de8dadb,Luis Gonzalez,Female,77,50+,Chapinero,2026-08-05,Agosto,Miércoles,False,entregado,tarjeta,bicicleta,90826.53,16775.43,74051.10,47.0,6.262726,-75.543667,2026-08-05 06:33:33+00:00,2026-08-05 07:20:33+00:00,Jorge Gonzalez
7ea0bfa3-0b4f-4f3f-ba27-809a8b4a4c74,64402c49-ecbf-46cc-87ae-13215db14f7d,Valentina Gomez,Male,53,50+,Chapinero,2026-08-05,Agosto,Miércoles,False,entregado,tarjeta,bicicleta,48388.29,9222.42,39165.87,41.0,6.264756,-75.544624,2026-08-05 08:38:43+00:00,2026-08-05 09:19:43+00:00,Jorge Martinez
5cc6d7ea-2ba2-4a9b-9435-1429a32cc4b9,5a53097d-77e6-43e0-970b-3e537f059cf8,Diego Lopez,Male,35,26-35,Occidente,2026-08-05,Agosto,Miércoles,False,entregado,app,bicicleta,90561.15,18415.56,72145.59,40.0,6.254225,-75.618198,2026-08-05 08:47:48+00:00,2026-08-05 09:27:48+00:00,Luis Perez
4c7e7b37-a213-42a8-b3f4-c9252dfb3af7,cde4c37d-3d93-402d-8476-5ac08324b8fc,Marta Gonzalez,Male,49,36-50,Centro,2026-08-05,Agosto,Miércoles,False,entregado,app,bicicleta,91518.29,16968.48,74549.81,50.0,6.247465,-75.553640,2026-08-05 08:50:29+00:00,2026-08-05 09:40:29+00:00,Maria Martinez
bfedb936-81a3-489f-94ae-a1b803572ac2,c2117215-2808-47fd-8fc9-330bdba5c03a,Laura Martinez,Female,61,50+,Centro,2026-08-05,Agosto,Miércoles,False,en_camino,efectivo,moto_electrica,86019.09,19214.06,66805.03,,6.250259,-75.564363,2026-08-05 09:56:42+00:00,,Valentina Garcia
7506e36b-1ce4-433a-8b63-36aa06e2cce2,85376b3d-bf0a-462c-9812-374620e92e59,Jorge Garcia,Female,72,50+,Occidente,2026-08-05,Agosto,Miércoles,False,entregado,app,bicicleta,15200.10,2349.06,12851.04,41.0,6.236816,-75.613687,2026-08-05 10:31:35+00:00,2026-08-05 11:12:35+00:00,Jorge Martinez
e51990bf-871b-430b-a583-3b7b0594fb16,85d139a7-7a45-49aa-9638-dcd1f5d1c539,Valentina Gomez,Female,47,36-50,Sur,2026-08-05,Agosto,Miércoles,False,cancelado,app,moto_electrica,59746.23,12223.40,47522.83,,6.169228,-75.608360,2026-08-05 11:17:36+00:00,,
54fdbb35-7133-48f5-b4c3-72fd8032a72a,b2322744-c7c4-49f3-9caa-8df835be917b,Juan Gomez,Male,41,36-50,Occidente,2026-08-05,Agosto,Miércoles,False,entregado,tarjeta,bicicleta,17494.67,3388.32,14106.35,44.0,6.266554,-75.595379,2026-08-05 11:43:22+00:00,2026-08-05 12:27:22+00:00,Jorge Martinez
366c4b87-570d-453a-89b9-f395c00db30b,0476ef54-6995-4f39-af70-f7f670e33789,Valentina Martinez,Male,55,50+,Norte,2026-08-05,Agosto,Miércoles,False,en_camino,tarjeta,moto_electrica,15907.29,3499.33,12407.96,,6.294268,-75.579571,2026-08-05 12:28:59+00:00,,Andres Gomez
2075b92a-9b0c-46a6-ada3-88e15b1fa95b,bce090af-1112-4cbd-bbaa-873467f9a4fd,Sofia Martinez,Male,52,50+,Norte,2026-08-05,Agosto,Miércoles,False,entregado,tarjeta,bicicleta,16500.64,3542.85,12957.79,53.0,6.272213,-75.573470,2026-08-05 12:49:26+00:00,2026-08-05 13:42:26+00:00,Marta Rodriguez
e850aea4-d096-42c7-8ff7-b75064603c2b,c5392279-bee4-46f6-9a0a-50b84b29381b,Juan Garcia,Male,76,50+,Centro,2026-08-05,Agosto,Miércoles,False,en_camino,app,bicicleta,77039.38,17102.73,59936.65,,6.255109,-75.561300,2026-08-05 13:10:17+00:00,,Maria Martinez
88492b78-8a36-4af2-ad2a-5aa81bca376a,da8767ea-5f63-4a99-97c2-d4b473af120b,Andres Gomez,Female,80,50+,Sur,2026-08-05,Agosto,Miércoles,False,entregado,efectivo,moto_electrica,68423.14,15158.89,53264.25,34.0,6.175787,-75.606939,2026-08-05 14:35:24+00:00,2026-08-05 15:09:24+00:00,Andres Gomez
8961fa50-81cc-4591-8326-bdf8ec8e7011,36b94275-0968-4c8b-ad19-64e364fe7b21,Diego Garcia,Female,26,26-35,Norte,2026-08-05,Agosto,Miércoles,False,entregado,app,bicicleta,28235.94,4870.32,23365.62,54.0,6.290945,-75.559914,2026-08-05 15:54:59+00:00,2026-08-05 16:48:59+00:00,Mateo Martinez
9f4d0245-c71d-482a-8d16-9fe6df6f48e4,a4be7243-5dfa-45d2-818a-54607daa3daa,Ana Lopez,Female,59,50+,Centro,2026-08-05,Agosto,Miércoles,False,entregado,efectivo,bicicleta,37485.80,8927.30,28558.50,45.0,6.251864,-75.557879,2026-08-05 16:23:30+00:00,2026-08-05 17:08:30+00:00,Luis Garcia
41a6fcb3-3f79-4cd5-be61-d0470c506129,a76b46d5-3d05-4c09-9857-29ce77b7ebf6,Laura Martinez,Male,65,50+,Occidente,2026-08-05,Agosto,Miércoles,False,entregado,efectivo,moto_electrica,41333.24,9038.74,32294.50,26.0,6.260998,-75.615480,2026-08-05 16:40:43+00:00,2026-08-05 17:06:43+00:00,Jorge Martinez
f68c64a8-1bcf-448c-8714-cf795cb4dc45,b280052f-e245-4d75-adc7-534e8adc988d,Juan Perez,Male,46,36-50,Centro,2026-08-05,Agosto,Miércoles,False,cancelado,app,bicicleta,93844.31,15481.77,78362.54,,6.247740,-75.565136,2026-08-05 16:45:36+00:00,,Luis Perez
bf43f2a8-6b46-44c4-a7d8-c1dd2ef0556d,a200fb08-fef7-4a11-b4af-a7fc9c26bc2e,Luis Garcia,Female,63,50+,Centro,2026-08-05,Agosto,Miércoles,False,entregado,tarjeta,moto_electrica,92992.73,15916.84,77075.89,33.0,6.241081,-75.564162,2026-08-05 18:56:30+00:00,2026-08-05 19:29:30+00:00,Andres Lopez
1c3723d4-64be-43f4-9f16-afdf04f643a3,c868f96d-ea66-42c6-ab2c-c8e836b35c37,Sofia Garcia,Male,80,50+,Chapinero,2026-08-05,Agosto,Miércoles,False,entregado,efectivo,bicicleta,58561.23,11365.37,47195.86,45.0,6.268431,-75.552693,2026-08-05 20:52:22+00:00,2026-08-05 21:37:22+00:00,Diego Lopez
32f6d6b5-4905-43b5-ae1e-7663efb8898e,d2f47d32-9cdf-43f5-b42e-78288a36515c,Pedro Perez,Male,43,36-50,Norte,2026-08-05,Agosto,Miércoles,False,entregado,app,moto_electrica,39153.08,8040.46,31112.62,48.0,6.274887,-75.568093,2026-08-05 21:06:13+00:00,2026-08-05 21:54:13+00:00,Ana Martinez
14ddb19b-c866-4fb5-97b1-182fb00f656d,d71fd6be-c4b7-4470-ac26-7d00a9f047c9,Mateo Martinez,Female,63,50+,Chapinero,2026-08-05,Agosto,Miércoles,False,entregado,efectivo,bicicleta,39197.77,9724.73,29473.04,42.0,6.261367,-75.541783,2026-08-05 21:16:26+00:00,2026-08-05 21:58:26+00:00,Mateo Martinez
70f93512-3b81-41ce-878c-6b8db6fdc90b,d9b324e7-1d27-48a5-b73a-8850b01f1da7,Valentina Rodriguez,Female,35,26-35,Occidente,2026-08-06,Agosto,Jueves,False,entregado,app,bicicleta,38292.30,8716.83,29575.47,42.0,6.235211,-75.608896,2026-08-06 00:13:34+00:00,2026-08-06 00:55:34+00:00,Valentina Garcia
1edd5742-3119-454e-a1d1-81f7feec8ec8,48bc34d2-7f99-4cca-8c08-2dc33d442d18,Carlos Gomez,Male,57,50+,Sur,2026-08-06,Agosto,Jueves,False,entregado,efectivo,bicicleta,89213.56,14244.27,74969.29,45.0,6.164276,-75.592805,2026-08-06 01:15:06+00:00,2026-08-06 02:00:06+00:00,Lucia Lopez
11af5b6d-906f-4f06-aa28-249a2caabdf2,7d75a9ec-1aa7-433b-920a-65483447d468,Pedro Gomez,Female,78,50+,Occidente,2026-08-06,Agosto,Jueves,False,entregado,app,moto_electrica,15057.73,3590.94,11466.79,30.0,6.230621,-75.593967,2026-08-06 01:21:04+00:00,2026-08-06 01:51:04+00:00,Valentina Lopez
341f6604-d125-4bbf-a35f-541ec7d73da8,34580dd8-9397-4dc9-bc4e-757392d1c5fb,Lucia Gomez,Female,64,50+,Occidente,2026-08-06,Agosto,Jueves,False,entregado,tarjeta,bicicleta,84786.43,16241.72,68544.71,46.0,6.238832,-75.613740,2026-08-06 03:39:44+00:00,2026-08-06 04:25:44+00:00,Luis Garcia
29f8307a-2551-48db-9322-a57a05883ef8,36b94275-0968-4c8b-ad19-64e364fe7b21,Diego Garcia,Female,26,26-35,Occidente,2026-08-06,Agosto,Jueves,False,entregado,efectivo,bicicleta,76272.24,15686.04,60586.20,45.0,6.256744,-75.613190,2026-08-06 03:55:26+00:00,2026-08-06 04:40:26+00:00,Valentina Lopez
9d94207d-d913-4fe0-a945-76fd95a3bfd6,5a53097d-77e6-43e0-970b-3e537f059cf8,Diego Lopez,Male,35,26-35,Norte,2026-08-06,Agosto,Jueves,False,entregado,tarjeta,bicicleta,37750.84,7586.29,30164.55,56.0,6.284690,-75.571654,2026-08-06 04:25:52+00:00,2026-08-06 05:21:52+00:00,Ana Gonzalez
31ba37cd-c442-448a-bf4c-f7dfa36e51c5,8f0ac0bd-4c61-4d9c-8a0a-a6c0f2d7227c,Andres Gomez,Female,33,26-35,Norte,2026-08-06,Agosto,Jueves,False,entregado,app,bicicleta,90975.96,19145.36,71830.60,68.0,6.295258,-75.557977,2026-08-06 04:40:39+00:00,2026-08-06 05:48:39+00:00,Lucia Gomez
486c02a1-fafe-4444-abbd-26ced440f7fe,bce090af-1112-4cbd-bbaa-873467f9a4fd,Sofia Martinez,Male,52,50+,Norte,2026-08-06,Agosto,Jueves,False,entregado,efectivo,moto_electrica,33254.35,6300.16,26954.19,43.0,6.297614,-75.550075,2026-08-06 04:52:01+00:00,2026-08-06 05:35:01+00:00,Carlos Martinez
b80b76e1-6b99-492e-99ae-c01aca623954,3eaec931-6c40-439f-b3ae-a324b6ed84ac,Carlos Rodriguez,Male,37,36-50,Occidente,2026-08-06,Agosto,Jueves,False,entregado,app,bicicleta,17397.33,3965.39,13431.94,43.0,6.236957,-75.601221,2026-08-06 05:15:48+00:00,2026-08-06 05:58:48+00:00,Luis Lopez
d1261cbb-ea6e-47ac-a57a-17779d285d2a,fa03a4c0-a33c-47a6-aa10-616ec3e63346,Maria Perez,Male,68,50+,Norte,2026-08-06,Agosto,Jueves,False,entregado,tarjeta,moto_electrica,56665.92,12344.68,44321.24,42.0,6.280808,-75.557690,2026-08-06 05:48:23+00:00,2026-08-06 06:30:23+00:00,Luis Perez
27ea1fc7-9b29-4f80-aeb3-2fd317ebcc45,7d75a9ec-1aa7-433b-920a-65483447d468,Pedro Gomez,Female,78,50+,Occidente,2026-08-06,Agosto,Jueves,False,cancelado,efectivo,bicicleta,18917.64,3628.52,15289.12,,6.261778,-75.604637,2026-08-06 05:56:34+00:00,,
ea5ffc5a-d7e4-4366-8689-33eb43a6648d,6332c5ab-6d19-41bf-87fa-7ee16a311a73,Lucia Garcia,Female,57,50+,Chapinero,2026-08-06,Agosto,Jueves,False,entregado,tarjeta,bicicleta,72397.90,17252.05,55145.85,37.0,6.261130,-75.559810,2026-08-06 08:09:57+00:00,2026-08-06 08:46:57+00:00,Jorge Gomez
874e737c-6b82-4afd-a4d4-7e0599692552,937fe017-e232-4857-842b-9c2982b4c987,Sofia Gomez,Female,49,36-50,Chapinero,2026-08-06,Agosto,Jueves,False,en_camino,efectivo,moto_electrica,94456.82,16531.70,77925.12,,6.267585,-75.559662,2026-08-06 08:26:33+00:00,,Ana Gonzalez
d8ccc80a-0a2b-4eae-b74e-b596abf7d8ab,02800f46-ceb6-4272-9dd5-2c07d23ca12a,Jorge Lopez,Female,54,50+,Norte,2026-08-06,Agosto,Jueves,False,entregado,efectivo,bicicleta,59264.48,9476.52,49787.96,59.0,6.287987,-75.552429,2026-08-06 08:34:51+00:00,2026-08-06 09:33:51+00:00,Andres Lopez
dc0cca32-26df-4f02-baaa-1a307b439f5c,d93054ed-cd47-4d20-aed5-d5b5d35ef806,Sofia Martinez,Male,43,36-50,Sur,2026-08-06,Agosto,Jueves,False,entregado,tarjeta,bicicleta,41023.62,6819.95,34203.67,46.0,6.160633,-75.584244,2026-08-06 09:06:34+00:00,2026-08-06 09:52:34+00:00,Valentina Lopez
4f0dc480-ff0e-4db9-a7ee-afe0f708d907,90134b2f-22cb-42bb-8719-e7c7d7271e06,Andres Rodriguez,Male,46,36-50,Centro,2026-08-06,Agosto,Jueves,False,entregado,app,moto_electrica,76797.20,13919.11,62878.09,31.0,6.258120,-75.564916,2026-08-06 09:42:18+00:00,2026-08-06 10:13:18+00:00,Valentina Lopez
8f8f19ce-e9a9-4375-9b65-52e774c16f5f,51890d3e-a96b-4fa2-9f0e-7f00344b0997,Sofia Lopez,Male,25,18-25,Centro,2026-08-06,Agosto,Jueves,False,entregado,app,moto_electrica,35145.05,7481.13,27663.92,26.0,6.256985,-75.560953,2026-08-06 10:21:13+00:00,2026-08-06 10:47:13+00:00,Andres Gomez
7df54c1e-3569-4b95-bd20-88a4ab32985d,13e0122f-67ce-494f-8347-6975e8c8f54e,Luis Garcia,Male,54,50+,Sur,2026-08-06,Agosto,Jueves,False,entregado,tarjeta,bicicleta,84219.02,15140.08,69078.94,35.0,6.167878,-75.604536,2026-08-06 11:11:49+00:00,2026-08-06 11:46:49+00:00,Andres Gomez
77e26d94-ea96-44e9-a7d7-9fd6f0600725,937fe017-e232-4857-842b-9c2982b4c987,Sofia Gomez,Female,49,36-50,Sur,2026-08-06,Agosto,Jueves,False,entregado,app,bicicleta,35040.77,8498.56,26542.21,44.0,6.154171,-75.586165,2026-08-06 12:09:04+00:00,2026-08-06 12:53:04+00:00,Andres Gomez
5f832e72-eedf-4581-b9d3-e6038415107d,30010484-56ff-42bf-8c2c-27a95de8dadb,Luis Gonzalez,Female,77,50+,Occidente,2026-08-06,Agosto,Jueves,False,entregado,efectivo,bicicleta,73754.80,17097.25,56657.55,35.0,6.273588,-75.596934,2026-08-06 12:18:52+00:00,2026-08-06 12:53:52+00:00,Luis Perez
cb0d7789-fa8b-448c-8daf-3ce8cc6013ba,d9b324e7-1d27-48a5-b73a-8850b01f1da7,Valentina Rodriguez,Female,35,26-35,Occidente,2026-08-06,Agosto,Jueves,False,entregado,app,bicicleta,83702.96,14768.09,68934.87,42.0,6.279450,-75.608359,2026-08-06 12:37:39+00:00,2026-08-06 13:19:39+00:00,Lucia Lopez
b5c1da9c-7d7f-4054-9537-0b1688352b8a,f2dfaa5a-f205-4345-92ca-af0a6f5a2de7,Marta Lopez,Male,77,50+,Norte,2026-08-06,Agosto,Jueves,False,entregado,efectivo,bicicleta,85773.03,17576.45,68196.58,64.0,6.291595,-75.571521,2026-08-06 13:14:48+00:00,2026-08-06 14:18:48+00:00,Luis Garcia
ea2ecd57-4fef-496d-94e1-69b8cba664a2,fde42dcc-b6cc-4f58-995d-e8c613f6c077,Mateo Garcia,Male,53,50+,Norte,2026-08-06,Agosto,Jueves,False,entregado,app,bicicleta,24484.00,5021.05,19462.95,52.0,6.285547,-75.579783,2026-08-06 13:47:14+00:00,2026-08-06 14:39:14+00:00,Jorge Martinez
fbd1b178-64d5-4b94-ac25-c00f58164016,994850d2-c7f7-4ee7-8182-5507f4e2ad8d,Carlos Martinez,Female,54,50+,Chapinero,2026-08-06,Agosto,Jueves,False,entregado,app,bicicleta,39566.32,6389.15,33177.17,43.0,6.269296,-75.556008,2026-08-06 13:59:49+00:00,2026-08-06 14:42:49+00:00,Luis Perez
1e140b28-3429-4e55-afe9-e30da140ca17,b2322744-c7c4-49f3-9caa-8df835be917b,Juan Gomez,Male,41,36-50,Norte,2026-08-06,Agosto,Jueves,False,entregado,tarjeta,moto_electrica,50339.48,9520.45,40819.03,49.0,6.294654,-75.573373,2026-08-06 14:08:53+00:00,2026-08-06 14:57:53+00:00,Mateo Martinez
d7281738-5156-43b0-8d67-f20094c6dab1,ec199edf-cdc2-4925-8ff2-1f0f224fc41a,Valentina Lopez,Male,48,36-50,Centro,2026-08-06,Agosto,Jueves,False,entregado,efectivo,bicicleta,48403.07,9583.41,38819.66,31.0,6.253925,-75.561238,2026-08-06 14:24:19+00:00,2026-08-06 14:55:19+00:00,Juan Gonzalez
85151778-9028-45e0-860f-3954bd547370,d9b324e7-1d27-48a5-b73a-8850b01f1da7,Valentina Rodriguez,Female,35,26-35,Occidente,2026-08-06,Agosto,Jueves,False,entregado,app,moto_electrica,34018.14,5371.96,28646.18,26.0,6.241872,-75.608531,2026-08-06 15:29:02+00:00,2026-08-06 15:55:02+00:00,Andres Gomez
9c848caf-423c-44f5-843c-fe4883815773,2493b729-731e-4c01-a114-f6dfc717faa7,Lucia Martinez,Male,66,50+,Centro,2026-08-06,Agosto,Jueves,False,entregado,tarjeta,bicicleta,20531.43,5048.98,15482.45,33.0,6.246929,-75.552189,2026-08-06 15:50:04+00:00,2026-08-06 16:23:04+00:00,Luis Garcia
9a703d7e-aa0c-47ea-a752-458f314bfdf9,2f140e7e-0b9b-4cce-b801-9e5693a57e67,Jorge Gonzalez,Female,74,50+,Centro,2026-08-06,Agosto,Jueves,False,entregado,tarjeta,bicicleta,52227.76,8745.41,43482.35,41.0,6.257688,-75.553727,2026-08-06 16:46:27+00:00,2026-08-06 17:27:27+00:00,Marta Perez
13a525b5-ed61-495b-a183-442f51e9f479,c5392279-bee4-46f6-9a0a-50b84b29381b,Juan Garcia,Male,76,50+,Sur,2026-08-06,Agosto,Jueves,False,en_camino,efectivo,moto_electrica,18275.78,4451.86,13823.92,,6.171999,-75.608327,2026-08-06 17:51:57+00:00,,Marta Perez
6e3c8dbc-7d95-417b-877b-3d2195b4430d,53e623f4-bf20-4228-82e3-ee34aa52cc05,Diego Lopez,Female,59,50+,Norte,2026-08-06,Agosto,Jueves,False,entregado,tarjeta,moto_electrica,25801.49,4995.56,20805.93,40.0,6.284458,-75.562111,2026-08-06 18:01:06+00:00,2026-08-06 18:41:06+00:00,Lucia Lopez
94a72135-cc3e-4feb-828f-9723567e71f7,01137935-0af8-4f24-8ee9-07632cb39eee,Sofia Gonzalez,Female,36,36-50,Norte,2026-08-06,Agosto,Jueves,False,entregado,tarjeta,bicicleta,37880.63,7126.65,30753.98,59.0,6.293738,-75.562647,2026-08-06 19:09:44+00:00,2026-08-06 20:08:44+00:00,Laura Gonzalez
5059c2f6-4856-4ff8-a237-f98a68f751b9,ceb11d92-eaf4-49dc-b011-4eaca397869c,Jorge Lopez,Female,25,18-25,Centro,2026-08-06,Agosto,Jueves,False,entregado,app,moto_electrica,85055.25,19212.68,65842.57,26.0,6.251583,-75.560802,2026-08-06 19:20:56+00:00,2026-08-06 19:46:56+00:00,Luis Garcia
9cc2b513-3eb2-4441-8167-a09365c33159,532946ef-c978-4995-b94c-d3c989755106,Ana Gonzalez,Female,57,50+,Norte,2026-08-06,Agosto,Jueves,False,entregado,tarjeta,moto_electrica,20400.88,4555.42,15845.46,47.0,6.278207,-75.555085,2026-08-06 19:58:21+00:00,2026-08-06 20:45:21+00:00,Carlos Martinez
b33abcfe-82f8-4c92-9ebd-fd8a93cc1a90,cde4c37d-3d93-402d-8476-5ac08324b8fc,Marta Gonzalez,Male,49,36-50,Centro,2026-08-06,Agosto,Jueves,False,entregado,efectivo,moto_electrica,72164.69,12663.48,59501.21,36.0,6.244579,-75.561521,2026-08-06 23:19:11+00:00,2026-08-06 23:55:11+00:00,Luis Garcia
a33373f1-4c42-4272-8a1d-9c91ec2058b6,3846dadb-18c0-49fe-9be8-725b48a79373,Sofia Garcia,Male,67,50+,Sur,2026-08-06,Agosto,Jueves,False,entregado,tarjeta,bicicleta,83016.04,18398.74,64617.30,48.0,6.162624,-75.598531,2026-08-06 23:39:51+00:00,2026-08-07 00:27:51+00:00,Diego Rodriguez
60bfb9c6-5967-43d4-af5c-81638f6e5410,aecd818b-df62-4138-a5fd-5d3004aa264b,Camila Lopez,Female,39,36-50,Sur,2026-08-06,Agosto,Jueves,False,entregado,efectivo,moto_electrica,90826.26,19856.04,70970.22,41.0,6.153120,-75.599648,2026-08-06 23:54:43+00:00,2026-08-07 00:35:43+00:00,Marta Rodriguez
b2827283-a2b1-48a1-ad41-6d05c2677dbc,d93054ed-cd47-4d20-aed5-d5b5d35ef806,Sofia Martinez,Male,43,36-50,Chapinero,2026-08-06,Agosto,Jueves,False,entregado,tarjeta,bicicleta,48260.04,9478.23,38781.81,48.0,6.269915,-75.546287,2026-08-06 23:58:02+00:00,2026-08-07 00:46:02+00:00,Carlos Martinez
44048d67-5d47-4252-8a8e-acd6983f7ce5,065ed21a-e960-49f7-928c-facf2bab622a,Marta Perez,Female,37,36-50,Chapinero,2026-08-07,Agosto,Viernes,False,entregado,app,bicicleta,51643.28,11664.30,39978.98,50.0,6.260468,-75.556929,2026-08-07 00:21:15+00:00,2026-08-07 01:11:15+00:00,Laura Gonzalez
b97e03df-89a8-40da-b065-fbc88fe918fc,fde42dcc-b6cc-4f58-995d-e8c613f6c077,Mateo Garcia,Male,53,50+,Sur,2026-08-07,Agosto,Viernes,False,entregado,app,bicicleta,91633.77,18981.81,72651.96,45.0,6.152785,-75.585885,2026-08-07 01:01:03+00:00,2026-08-07 01:46:03+00:00,Valentina Lopez
f82d8aaf-496e-46b2-8bc2-dabb81f6f4a7,1bb9fc1b-4864-44ef-a2b3-5ea92d0e0afa,Laura Gonzalez,Female,77,50+,Sur,2026-08-07,Agosto,Viernes,False,entregado,app,bicicleta,46281.94,10440.69,35841.25,53.0,6.153266,-75.598300,2026-08-07 01:11:09+00:00,2026-08-07 02:04:09+00:00,Lucia Lopez
6c9be37c-551f-440a-b6d3-41d2e5450412,85d139a7-7a45-49aa-9638-dcd1f5d1c539,Valentina Gomez,Female,47,36-50,Chapinero,2026-08-07,Agosto,Viernes,False,entregado,efectivo,bicicleta,74893.69,12375.83,62517.86,38.0,6.261974,-75.545483,2026-08-07 01:58:34+00:00,2026-08-07 02:36:34+00:00,Jorge Gonzalez
5cf3d451-65a0-49b1-9e0b-82ab6e01fdc9,8b9a8480-24e2-4d18-aa2c-dd9488b5a08f,Carlos Perez,Male,51,50+,Occidente,2026-08-07,Agosto,Viernes,False,entregado,efectivo,bicicleta,72964.43,16705.02,56259.41,38.0,6.276392,-75.610408,2026-08-07 02:57:19+00:00,2026-08-07 03:35:19+00:00,Marta Lopez
1f4197ec-3bb9-46f3-aab0-8a75c30adf97,f742a46d-f918-41e0-be90-30f40dc4d68f,Luis Martinez,Female,70,50+,Occidente,2026-08-07,Agosto,Viernes,False,cancelado,tarjeta,bicicleta,38843.68,6890.48,31953.20,,6.230245,-75.601260,2026-08-07 03:54:42+00:00,,Marta Perez
e7c01590-8a19-43f3-abe4-1ae0fb39c80e,7f429b09-d2c9-4b17-84f6-4ef50370180a,Sofia Martinez,Male,67,50+,Chapinero,2026-08-07,Agosto,Viernes,False,entregado,efectivo,bicicleta,88071.74,18586.14,69485.60,47.0,6.264608,-75.548274,2026-08-07 04:56:31+00:00,2026-08-07 05:43:31+00:00,Valentina Lopez
f0625f17-3dec-45f8-8e4b-313dd5d39a6b,a200fb08-fef7-4a11-b4af-a7fc9c26bc2e,Luis Garcia,Female,63,50+,Norte,2026-08-07,Agosto,Viernes,False,entregado,tarjeta,bicicleta,72972.45,18220.29,54752.16,64.0,6.282588,-75.555092,2026-08-07 06:30:57+00:00,2026-08-07 07:34:57+00:00,Andres Gomez
6d97b6a1-7531-43ce-a8b6-66ba3496304a,d9b324e7-1d27-48a5-b73a-8850b01f1da7,Valentina Rodriguez,Female,35,26-35,Sur,2026-08-07,Agosto,Viernes,False,entregado,app,bicicleta,85668.30,14601.35,71066.95,48.0,6.154524,-75.604713,2026-08-07 06:31:06+00:00,2026-08-07 07:19:06+00:00,Jorge Lopez
1e5d6275-cabd-429e-89a9-752b920d70be,a28985ff-49c5-4625-acee-adacb4e59154,Juan Gonzalez,Male,46,36-50,Occidente,2026-08-07,Agosto,Viernes,False,entregado,tarjeta,bicicleta,68244.50,15926.13,52318.37,50.0,6.246973,-75.604355,2026-08-07 07:09:15+00:00,2026-08-07 07:59:15+00:00,Valentina Garcia
2775e172-e343-4af6-94de-f7364139f80a,34f9f1b5-bdd0-46e7-b81d-623e9fdf17d8,Ana Rodriguez,Female,36,36-50,Chapinero,2026-08-07,Agosto,Viernes,False,entregado,efectivo,moto_electrica,51941.53,9393.77,42547.76,21.0,6.267062,-75.555560,2026-08-07 07:45:10+00:00,2026-08-07 08:06:10+00:00,Marta Lopez
c7207186-088a-4650-9099-64ef55b22946,b280052f-e245-4d75-adc7-534e8adc988d,Juan Perez,Male,46,36-50,Centro,2026-08-07,Agosto,Viernes,False,entregado,efectivo,bicicleta,47061.64,10584.47,36477.17,56.0,6.255163,-75.563205,2026-08-07 07:45:13+00:00,2026-08-07 08:41:13+00:00,Juan Gonzalez
9841c19f-e9c8-42e6-9690-e0fdf497c36c,53e623f4-bf20-4228-82e3-ee34aa52cc05,Diego Lopez,Female,59,50+,Chapinero,2026-08-07,Agosto,Viernes,False,en_camino,efectivo,moto_electrica,33325.51,7480.84,25844.67,,6.263799,-75.549273,2026-08-07 08:04:56+00:00,,Lucia Lopez
ab31d166-50b4-4fee-87f5-6ed1a11b168c,3b9ed80e-3c01-457b-bd6e-f8878424b937,Juan Gonzalez,Male,81,50+,Chapinero,2026-08-07,Agosto,Viernes,False,en_camino,app,moto_electrica,42979.18,9338.02,33641.16,,6.269066,-75.554686,2026-08-07 08:43:03+00:00,,Luis Lopez
80ef5d3b-79cd-48c9-9f83-51376b21ab03,4bee1913-bb93-433f-b041-83b6d37cbba0,Pedro Rodriguez,Female,52,50+,Sur,2026-08-07,Agosto,Viernes,False,entregado,tarjeta,moto_electrica,71105.95,16441.53,54664.42,23.0,6.168200,-75.580648,2026-08-07 08:53:45+00:00,2026-08-07 09:16:45+00:00,Luis Garcia
c75d0676-d0d0-4df7-96f0-38c8109d7783,994850d2-c7f7-4ee7-8182-5507f4e2ad8d,Carlos Martinez,Female,54,50+,Sur,2026-08-07,Agosto,Viernes,False,entregado,tarjeta,bicicleta,88775.09,16299.72,72475.37,32.0,6.151615,-75.589380,2026-08-07 10:09:25+00:00,2026-08-07 10:41:25+00:00,Marta Rodriguez
ff56981a-3d0c-4293-9b3f-c8ffc0cff51e,133e7b9f-2385-4705-9e99-3eb72a0f75cb,Mateo Gonzalez,Male,66,50+,Centro,2026-08-07,Agosto,Viernes,False,entregado,app,bicicleta,46374.12,9251.15,37122.97,45.0,6.249234,-75.568568,2026-08-07 11:01:53+00:00,2026-08-07 11:46:53+00:00,Juan Gomez
9a425964-e4fa-4f7b-b3b6-34dfb537566a,fa03a4c0-a33c-47a6-aa10-616ec3e63346,Maria Perez,Male,68,50+,Norte,2026-08-07,Agosto,Viernes,False,entregado,efectivo,bicicleta,34165.88,8346.26,25819.62,67.0,6.290160,-75.559006,2026-08-07 11:25:20+00:00,2026-08-07 12:32:20+00:00,Ana Gonzalez
14b45c19-db46-4d21-b995-75152f200952,d71fd6be-c4b7-4470-ac26-7d00a9f047c9,Mateo Martinez,Female,63,50+,Sur,2026-08-07,Agosto,Viernes,False,entregado,tarjeta,moto_electrica,47061.90,9852.62,37209.28,22.0,6.177297,-75.604771,2026-08-07 12:35:36+00:00,2026-08-07 12:57:36+00:00,Luis Lopez
505ddd53-f89a-4e64-9e7d-263faf048f8e,41127643-beb8-48b2-958e-79180a8bf64c,Laura Gomez,Female,32,26-35,Centro,2026-08-07,Agosto,Viernes,False,entregado,app,bicicleta,56138.46,11839.41,44299.05,42.0,6.244468,-75.554240,2026-08-07 12:51:11+00:00,2026-08-07 13:33:11+00:00,Andres Lopez
27cba1ab-747f-44bf-821a-8a593f7f56e2,f2dfaa5a-f205-4345-92ca-af0a6f5a2de7,Marta Lopez,Male,77,50+,Norte,2026-08-07,Agosto,Viernes,False,entregado,tarjeta,bicicleta,88620.07,18315.74,70304.33,64.0,6.289767,-75.570519,2026-08-07 13:13:08+00:00,2026-08-07 14:17:08+00:00,Andres Gomez
c3b7814a-ae4c-4628-820d-a2c6586b78fb,8193543e-ba17-4ff3-9344-5f76c2184657,Andres Rodriguez,Female,54,50+,Chapinero,2026-08-07,Agosto,Viernes,False,entregado,tarjeta,bicicleta,80925.09,14228.30,66696.79,52.0,6.261995,-75.544845,2026-08-07 15:07:22+00:00,2026-08-07 15:59:22+00:00,Lucia Gomez
35820c99-95f1-4d5e-8453-d209b1daa0f4,66379f01-baf4-4625-af97-5671a7553d51,Marta Rodriguez,Female,33,26-35,Centro,2026-08-07,Agosto,Viernes,False,entregado,app,bicicleta,60311.34,14891.38,45419.96,40.0,6.247075,-75.556267,2026-08-07 15:45:19+00:00,2026-08-07 16:25:19+00:00,Lucia Gomez
83fbec97-3e33-43fd-b7b9-8196caac5529,ec199edf-cdc2-4925-8ff2-1f0f224fc41a,Valentina Lopez,Male,48,36-50,Norte,2026-08-07,Agosto,Viernes,False,en_camino,app,moto_electrica,54340.07,13368.75,40971.32,,6.275770,-75.571560,2026-08-07 15:48:02+00:00,,Ana Martinez
bed80496-be6a-4cac-a639-b2cebdb8323c,ec199edf-cdc2-4925-8ff2-1f0f224fc41a,Valentina Lopez,Male,48,36-50,Occidente,2026-08-07,Agosto,Viernes,False,entregado,tarjeta,moto_electrica,41628.90,10387.08,31241.82,29.0,6.263532,-75.619989,2026-08-07 16:43:18+00:00,2026-08-07 17:12:18+00:00,Valentina Lopez
67a39ea8-8256-445f-92a9-f5e59009936f,30010484-56ff-42bf-8c2c-27a95de8dadb,Luis Gonzalez,Female,77,50+,Centro,2026-08-07,Agosto,Viernes,False,entregado,tarjeta,moto_electrica,35027.55,5349.96,29677.59,26.0,6.254065,-75.560062,2026-08-07 17:46:20+00:00,2026-08-07 18:12:20+00:00,Andres Martinez
eccc9046-46b6-4490-bb62-bbcfd4c0acc5,3eaec931-6c40-439f-b3ae-a324b6ed84ac,Carlos Rodriguez,Male,37,36-50,Centro,2026-08-07,Agosto,Viernes,False,entregado,tarjeta,bicicleta,91435.75,18223.82,73211.93,44.0,6.259190,-75.554469,2026-08-07 18:23:32+00:00,2026-08-07 19:07:32+00:00,Jorge Gonzalez
a5e512f5-c9c8-4c60-8c47-c33fc7cd9433,9b929e05-3be7-47f5-8987-51f10d07938d,Marta Lopez,Female,52,50+,Norte,2026-08-07,Agosto,Viernes,False,entregado,tarjeta,bicicleta,88488.91,16884.99,71603.92,46.0,6.281440,-75.570178,2026-08-07 20:05:07+00:00,2026-08-07 20:51:07+00:00,Jorge Lopez
f48d4f6d-f769-4902-80a9-64bab9a68912,cde4c37d-3d93-402d-8476-5ac08324b8fc,Marta Gonzalez,Male,49,36-50,Occidente,2026-08-07,Agosto,Viernes,False,entregado,app,bicicleta,64856.25,10029.48,54826.77,41.0,6.265130,-75.603813,2026-08-07 20:18:03+00:00,2026-08-07 20:59:03+00:00,Diego Rodriguez
cc057863-97fe-44a3-b077-388725d4ddb8,30010484-56ff-42bf-8c2c-27a95de8dadb,Luis Gonzalez,Female,77,50+,Occidente,2026-08-07,Agosto,Viernes,False,entregado,efectivo,moto_electrica,21671.62,4420.85,17250.77,29.0,6.267029,-75.603000,2026-08-07 20:33:55+00:00,2026-08-07 21:02:55+00:00,Jorge Martinez
ce5f3659-0d76-45f8-98bc-bd5711d7b7fd,d9b324e7-1d27-48a5-b73a-8850b01f1da7,Valentina Rodriguez,Female,35,26-35,Centro,2026-08-07,Agosto,Viernes,False,cancelado,tarjeta,bicicleta,92660.98,23064.32,69596.66,,6.251103,-75.554892,2026-08-07 22:15:57+00:00,,
0db314de-36f8-472e-9c57-6abb8f6d1160,bce090af-1112-4cbd-bbaa-873467f9a4fd,Sofia Martinez,Male,52,50+,Norte,2026-08-07,Agosto,Viernes,False,entregado,efectivo,moto_electrica,67695.51,14618.27,53077.24,45.0,6.278939,-75.574147,2026-08-07 23:16:08+00:00,2026-08-08 00:01:08+00:00,Luis Garcia
e707305b-65de-40a4-9383-b2489030356f,8f0ac0bd-4c61-4d9c-8a0a-a6c0f2d7227c,Andres Gomez,Female,33,26-35,Centro,2026-08-08,Agosto,Sábado,True,entregado,app,moto_electrica,49568.48,10649.68,38918.80,28.0,6.248488,-75.556673,2026-08-08 00:36:56+00:00,2026-08-08 01:04:56+00:00,Diego Lopez
7c9ca4a6-6830-4b59-a394-f431b1b9c905,53e623f4-bf20-4228-82e3-ee34aa52cc05,Diego Lopez,Female,59,50+,Centro,2026-08-08,Agosto,Sábado,True,entregado,efectivo,bicicleta,43584.13,9765.80,33818.33,52.0,6.254213,-75.566519,2026-08-08 01:36:13+00:00,2026-08-08 02:28:13+00:00,Ana Martinez
b90b6fe9-d91c-41b3-918e-774a8d70b56a,0604c774-2d96-40ec-b987-51c090ef688c,Lucia Garcia,Female,78,50+,Norte,2026-08-08,Agosto,Sábado,True,entregado,app,bicicleta,84143.02,15395.08,68747.94,60.0,6.282077,-75.572997,2026-08-08 01:54:25+00:00,2026-08-08 02:54:25+00:00,Carlos Martinez
177c8da8-0850-423a-b7cd-2ba6861e51c6,fa03a4c0-a33c-47a6-aa10-616ec3e63346,Maria Perez,Male,68,50+,Sur,2026-08-08,Agosto,Sábado,True,entregado,app,bicicleta,80256.49,18913.42,61343.07,56.0,6.151431,-75.584474,2026-08-08 01:55:45+00:00,2026-08-08 02:51:45+00:00,Jorge Martinez
31c55563-1a2a-4b02-89a7-686aa3e39852,1bb9fc1b-4864-44ef-a2b3-5ea92d0e0afa,Laura Gonzalez,Female,77,50+,Sur,2026-08-08,Agosto,Sábado,True,en_camino,app,bicicleta,85649.26,20348.65,65300.61,,6.162227,-75.593128,2026-08-08 01:56:16+00:00,,Valentina Lopez
d4be18f8-a7dd-494a-b2f9-1ad09f0f56b1,34f9f1b5-bdd0-46e7-b81d-623e9fdf17d8,Ana Rodriguez,Female,36,36-50,Occidente,2026-08-08,Agosto,Sábado,True,cancelado,app,bicicleta,54896.06,11169.54,43726.52,,6.238371,-75.603566,2026-08-08 03:24:23+00:00,,Ana Martinez
f4839562-8863-4ba9-97ee-bbc46b67e302,90134b2f-22cb-42bb-8719-e7c7d7271e06,Andres Rodriguez,Male,46,36-50,Norte,2026-08-08,Agosto,Sábado,True,entregado,efectivo,bicicleta,75499.69,13204.57,62295.12,59.0,6.283692,-75.564348,2026-08-08 03:42:12+00:00,2026-08-08 04:41:12+00:00,Luis Perez
36716a7c-5566-4817-9b32-e9bee66b4953,fd944984-53a0-49d4-9474-ceb6fa280378,Marta Perez,Female,73,50+,Occidente,2026-08-08,Agosto,Sábado,True,entregado,app,moto_electrica,33151.54,6211.61,26939.93,38.0,6.251879,-75.604091,2026-08-08 04:27:09+00:00,2026-08-08 05:05:09+00:00,Marta Rodriguez
46ed7afd-c3fb-4a5c-946e-ffacb185f134,d2f47d32-9cdf-43f5-b42e-78288a36515c,Pedro Perez,Male,43,36-50,Norte,2026-08-08,Agosto,Sábado,True,entregado,app,moto_electrica,61635.98,11850.70,49785.28,54.0,6.272128,-75.574662,2026-08-08 04:29:42+00:00,2026-08-08 05:23:42+00:00,Jorge Gomez
963ee61f-882a-488a-997c-e027292026a9,bb4ee5cc-800a-45a7-9b16-65e6a83af29c,Ana Garcia,Female,73,50+,Chapinero,2026-08-08,Agosto,Sábado,True,entregado,tarjeta,bicicleta,87412.06,17981.86,69430.20,36.0,6.263988,-75.545231,2026-08-08 04:38:42+00:00,2026-08-08 05:14:42+00:00,Carlos Martinez
aa4b5033-8d76-4e82-ae87-353d3dfbcd1d,937fe017-e232-4857-842b-9c2982b4c987,Sofia Gomez,Female,49,36-50,Norte,2026-08-08,Agosto,Sábado,True,entregado,tarjeta,bicicleta,89474.85,21561.47,67913.38,51.0,6.274381,-75.570355,2026-08-08 05:58:48+00:00,2026-08-08 06:49:48+00:00,Lucia Lopez
c0b155e1-4333-4057-a40c-dd14dc1c7acc,b2322744-c7c4-49f3-9caa-8df835be917b,Juan Gomez,Male,41,36-50,Occidente,2026-08-08,Agosto,Sábado,True,entregado,efectivo,bicicleta,82817.51,15169.69,67647.82,43.0,6.249121,-75.603371,2026-08-08 06:08:25+00:00,2026-08-08 06:51:25+00:00,Andres Lopez
15c542f2-a18a-488b-ace7-769dd0247ea8,31403c6d-6d71-4dae-a092-3e351f46b23d,Juan Rodriguez,Male,26,26-35,Centro,2026-08-08,Agosto,Sábado,True,en_camino,app,bicicleta,31457.67,7579.64,23878.03,,6.255495,-75.565479,2026-08-08 06:17:17+00:00,,Andres Gomez
97c2037a-f71d-4d6f-906c-304d70b972bc,d75d2cf4-7250-4620-8774-e082750cafca,Diego Gomez,Female,81,50+,Occidente,2026-08-08,Agosto,Sábado,True,entregado,app,bicicleta,28187.74,4683.38,23504.36,34.0,6.253015,-75.612151,2026-08-08 06:20:21+00:00,2026-08-08 06:54:21+00:00,Andres Gomez
02c4d521-d447-4517-a916-2eb3c83fa819,34580dd8-9397-4dc9-bc4e-757392d1c5fb,Lucia Gomez,Female,64,50+,Chapinero,2026-08-08,Agosto,Sábado,True,en_camino,app,moto_electrica,88101.06,14418.40,73682.66,,6.269760,-75.544971,2026-08-08 06:27:22+00:00,,Marta Perez
6db5d23c-fb6b-42c1-a7fd-473aceaabaa4,aecd818b-df62-4138-a5fd-5d3004aa264b,Camila Lopez,Female,39,36-50,Chapinero,2026-08-08,Agosto,Sábado,True,entregado,efectivo,bicicleta,85229.21,15440.97,69788.24,45.0,6.265130,-75.541035,2026-08-08 06:43:43+00:00,2026-08-08 07:28:43+00:00,Luis Garcia
14917555-7f53-468c-8d1a-89d36bddd060,4602c60c-7f6c-49b6-a894-2f964ce24e73,Mateo Rodriguez,Female,35,26-35,Sur,2026-08-08,Agosto,Sábado,True,entregado,efectivo,moto_electrica,67410.20,11081.36,56328.84,34.0,6.176919,-75.592173,2026-08-08 07:39:56+00:00,2026-08-08 08:13:56+00:00,Luis Garcia
42692a7b-5a4f-4440-bcab-b106436a0e90,a5fc4169-f965-493f-a8db-e44edb1d21a7,Luis Perez,Female,45,36-50,Norte,2026-08-08,Agosto,Sábado,True,entregado,tarjeta,bicicleta,62810.88,9783.20,53027.68,56.0,6.295273,-75.574817,2026-08-08 08:12:32+00:00,2026-08-08 09:08:32+00:00,Andres Lopez
f132d91f-d47e-412b-b39e-2a9625374377,3f8d1bde-b423-4744-8ce5-b3e0ca57dbac,Sofia Gomez,Male,68,50+,Centro,2026-08-08,Agosto,Sábado,True,entregado,efectivo,moto_electrica,30489.90,6641.80,23848.10,39.0,6.251087,-75.566295,2026-08-08 09:56:33+00:00,2026-08-08 10:35:33+00:00,Mateo Martinez
61be7ede-5ac6-4fcf-82b8-2785eafae5fc,9b48ed18-2e2c-49c0-8caf-85c1d0fd941e,Andres Martinez,Male,81,50+,Sur,2026-08-08,Agosto,Sábado,True,entregado,efectivo,bicicleta,52172.40,9970.32,42202.08,40.0,6.178321,-75.592006,2026-08-08 10:40:14+00:00,2026-08-08 11:20:14+00:00,Luis Lopez
d128010b-575a-4caf-b4f2-0079275c0878,937fe017-e232-4857-842b-9c2982b4c987,Sofia Gomez,Female,49,36-50,Centro,2026-08-08,Agosto,Sábado,True,entregado,tarjeta,bicicleta,79693.96,19423.83,60270.13,48.0,6.240894,-75.555632,2026-08-08 11:05:08+00:00,2026-08-08 11:53:08+00:00,Mateo Martinez
e51cd4ff-07fc-408b-93ce-ac36e0822f85,065ed21a-e960-49f7-928c-facf2bab622a,Marta Perez,Female,37,36-50,Sur,2026-08-08,Agosto,Sábado,True,entregado,efectivo,moto_electrica,28975.66,7201.74,21773.92,28.0,6.178779,-75.584303,2026-08-08 11:13:26+00:00,2026-08-08 11:41:26+00:00,Luis Perez
b87888e5-4a69-4fe4-9d30-e73254524456,641ead09-0b8f-4038-8289-ef1f96225b9d,Maria Lopez,Female,63,50+,Sur,2026-08-08,Agosto,Sábado,True,cancelado,efectivo,bicicleta,81248.71,16384.27,64864.44,,6.153013,-75.589830,2026-08-08 11:34:32+00:00,,
66643b71-f370-4dda-a3e5-51413ec7e438,f48478ff-e816-452a-913c-41d06df567f2,Ana Garcia,Female,36,36-50,Norte,2026-08-08,Agosto,Sábado,True,entregado,efectivo,moto_electrica,55324.20,10988.51,44335.69,47.0,6.274734,-75.573064,2026-08-08 12:24:50+00:00,2026-08-08 13:11:50+00:00,Jorge Martinez
4f905664-0ef3-4d85-b59c-6bc7b28364d9,bce090af-1112-4cbd-bbaa-873467f9a4fd,Sofia Martinez,Male,52,50+,Occidente,2026-08-08,Agosto,Sábado,True,entregado,app,moto_electrica,38294.99,7209.70,31085.29,32.0,6.275639,-75.619919,2026-08-08 13:31:33+00:00,2026-08-08 14:03:33+00:00,Jorge Gonzalez
681e9c3c-f75f-4f54-a177-53b8335e1251,219bd9f5-a5f7-46bb-88b4-e9133b083ff7,Mateo Rodriguez,Female,65,50+,Sur,2026-08-08,Agosto,Sábado,True,en_camino,app,bicicleta,33899.70,6477.55,27422.15,,6.160519,-75.606572,2026-08-08 13:46:35+00:00,,Jorge Lopez
cd864e7a-10cd-4cb8-9df8-eb93c496f355,6a3ea9aa-61e6-4a9b-bb8a-673c32bd53e3,Sofia Gonzalez,Female,54,50+,Centro,2026-08-08,Agosto,Sábado,True,entregado,tarjeta,moto_electrica,90674.02,15392.16,75281.86,25.0,6.250434,-75.568876,2026-08-08 14:28:55+00:00,2026-08-08 14:53:55+00:00,Diego Lopez
9bfff026-19db-40f3-aa62-7b7b591c6b3a,975f478d-4a1e-48cd-b2b3-f923d30b9251,Laura Martinez,Male,79,50+,Centro,2026-08-08,Agosto,Sábado,True,entregado,efectivo,bicicleta,80017.06,18473.49,61543.57,49.0,6.243704,-75.562050,2026-08-08 15:59:31+00:00,2026-08-08 16:48:31+00:00,Laura Perez
9d35ae0c-f1fe-42d6-8c4d-f7132bd15ae3,2bcc12cb-5d87-4176-a287-3a2aee9351e5,Luis Rodriguez,Female,50,36-50,Occidente,2026-08-08,Agosto,Sábado,True,entregado,efectivo,moto_electrica,21365.17,4960.06,16405.11,27.0,6.231674,-75.617630,2026-08-08 17:20:46+00:00,2026-08-08 17:47:46+00:00,Andres Martinez
a6a0f500-d74a-413e-a1a9-9e77682d1742,651347e4-debe-4831-bdda-7ce4e7067076,Laura Lopez,Female,35,26-35,Norte,2026-08-08,Agosto,Sábado,True,entregado,tarjeta,moto_electrica,59636.82,13022.03,46614.79,55.0,6.283274,-75.551074,2026-08-08 20:37:48+00:00,2026-08-08 21:32:48+00:00,Diego Lopez
a118ea66-687d-4a3b-a6ea-c25818cbde09,975f478d-4a1e-48cd-b2b3-f923d30b9251,Laura Martinez,Male,79,50+,Centro,2026-08-08,Agosto,Sábado,True,entregado,app,moto_electrica,58490.51,13849.35,44641.16,25.0,6.258697,-75.563801,2026-08-08 21:06:20+00:00,2026-08-08 21:31:20+00:00,Lucia Lopez
390f645c-0173-460a-9c15-32e00810da61,85d139a7-7a45-49aa-9638-dcd1f5d1c539,Valentina Gomez,Female,47,36-50,Norte,2026-08-08,Agosto,Sábado,True,entregado,tarjeta,bicicleta,36964.13,7780.13,29184.00,57.0,6.274125,-75.566696,2026-08-08 22:05:02+00:00,2026-08-08 23:02:02+00:00,Andres Lopez
02014af9-ae2c-4edf-a85b-abe1b0268b05,5a53097d-77e6-43e0-970b-3e537f059cf8,Diego Lopez,Male,35,26-35,Chapinero,2026-08-08,Agosto,Sábado,True,entregado,efectivo,moto_electrica,68704.44,16741.76,51962.68,30.0,6.260506,-75.548988,2026-08-08 23:09:54+00:00,2026-08-08 23:39:54+00:00,Juan Gonzalez
05fc9416-8916-41f9-8054-060ed0681a11,33d96349-be47-4ec3-a139-34ca61add917,Pedro Perez,Female,56,50+,Chapinero,2026-08-08,Agosto,Sábado,True,entregado,app,bicicleta,64876.99,14745.71,50131.28,33.0,6.260498,-75.548366,2026-08-08 23:18:12+00:00,2026-08-08 23:51:12+00:00,Andres Martinez
8b458540-ab0e-41fb-bb71-fb1baf1d2fcf,f2dfaa5a-f205-4345-92ca-af0a6f5a2de7,Marta Lopez,Male,77,50+,Norte,2026-08-08,Agosto,Sábado,True,entregado,tarjeta,bicicleta,40453.36,6096.44,34356.92,64.0,6.281205,-75.552418,2026-08-08 23:42:00+00:00,2026-08-09 00:46:00+00:00,Ana Gonzalez
2293075c-5bd6-42d4-86b4-fdf0547130de,e45b976f-47d1-4c49-8f29-db5ab7739caa,Ana Perez,Male,38,36-50,Chapinero,2026-08-08,Agosto,Sábado,True,entregado,app,moto_electrica,20516.08,3749.63,16766.45,19.0,6.269116,-75.559579,2026-08-08 23:51:21+00:00,2026-08-09 00:10:21+00:00,Lucia Lopez
43f91d57-5f7f-419d-a557-6d6c704e7786,b08e0f7c-3078-41b9-8e89-00b4e8e31b8d,Jorge Gonzalez,Female,44,36-50,Chapinero,2026-08-09,Agosto,Domingo,True,entregado,efectivo,bicicleta,87622.67,13855.78,73766.89,43.0,6.266060,-75.556761,2026-08-09 00:30:21+00:00,2026-08-09 01:13:21+00:00,Luis Lopez
2b092f69-6492-440e-927d-35f263c8092d,06e97137-7dac-45fd-8c25-3d5ffc2931e2,Valentina Martinez,Female,53,50+,Centro,2026-08-09,Agosto,Domingo,True,entregado,app,bicicleta,82906.60,12815.92,70090.68,41.0,6.241742,-75.551700,2026-08-09 01:11:34+00:00,2026-08-09 01:52:34+00:00,Luis Garcia
ebf34955-a813-42cd-b471-33496398c6ee,fd944984-53a0-49d4-9474-ceb6fa280378,Marta Perez,Female,73,50+,Sur,2026-08-09,Agosto,Domingo,True,entregado,efectivo,bicicleta,45849.39,10152.43,35696.96,56.0,6.152482,-75.585607,2026-08-09 01:38:42+00:00,2026-08-09 02:34:42+00:00,Andres Gomez
a370346b-0a1f-4770-983c-e68b71c3bc56,bb4ee5cc-800a-45a7-9b16-65e6a83af29c,Ana Garcia,Female,73,50+,Norte,2026-08-09,Agosto,Domingo,True,entregado,tarjeta,bicicleta,36595.25,7495.05,29100.20,58.0,6.288404,-75.578323,2026-08-09 01:53:15+00:00,2026-08-09 02:51:15+00:00,Ana Gonzalez
f9d9e839-924e-4688-828e-6e5be535359e,6332c5ab-6d19-41bf-87fa-7ee16a311a73,Lucia Garcia,Female,57,50+,Chapinero,2026-08-09,Agosto,Domingo,True,cancelado,app,moto_electrica,93435.69,22468.22,70967.47,,6.264999,-75.551661,2026-08-09 06:09:40+00:00,,
70deec0b-b886-4c4a-87a8-a114a90f39e1,bce090af-1112-4cbd-bbaa-873467f9a4fd,Sofia Martinez,Male,52,50+,Norte,2026-08-09,Agosto,Domingo,True,entregado,efectivo,bicicleta,36595.00,6868.09,29726.91,54.0,6.299990,-75.557722,2026-08-09 06:43:04+00:00,2026-08-09 07:37:04+00:00,Luis Garcia
2bdf6902-eb90-44ad-8db3-47e045884195,d75d2cf4-7250-4620-8774-e082750cafca,Diego Gomez,Female,81,50+,Centro,2026-08-09,Agosto,Domingo,True,entregado,tarjeta,bicicleta,80673.90,17975.93,62697.97,42.0,6.253828,-75.566138,2026-08-09 07:26:56+00:00,2026-08-09 08:08:56+00:00,Mateo Martinez
b7e76b6c-9218-4df4-8377-51603eba4603,9b48ed18-2e2c-49c0-8caf-85c1d0fd941e,Andres Martinez,Male,81,50+,Occidente,2026-08-09,Agosto,Domingo,True,entregado,app,bicicleta,46817.97,7882.29,38935.68,39.0,6.248009,-75.616669,2026-08-09 08:13:35+00:00,2026-08-09 08:52:35+00:00,Carlos Martinez
5022020b-27a2-4e1c-bb25-5ee7553c4fb0,c2117215-2808-47fd-8fc9-330bdba5c03a,Laura Martinez,Female,61,50+,Occidente,2026-08-09,Agosto,Domingo,True,entregado,tarjeta,bicicleta,23769.04,3671.45,20097.59,51.0,6.279895,-75.593780,2026-08-09 08:42:01+00:00,2026-08-09 09:33:01+00:00,Luis Garcia
3dda297f-68c0-4354-b8a0-d1dbaea94fa1,245581e8-7f2e-4595-bf4c-7d7b225aaca3,Jorge Perez,Female,44,36-50,Norte,2026-08-09,Agosto,Domingo,True,entregado,tarjeta,bicicleta,27418.14,4798.07,22620.07,66.0,6.274554,-75.578799,2026-08-09 08:52:45+00:00,2026-08-09 09:58:45+00:00,Marta Lopez
68c1947e-075e-4a19-8fac-08387c2f396b,ec199edf-cdc2-4925-8ff2-1f0f224fc41a,Valentina Lopez,Male,48,36-50,Chapinero,2026-08-09,Agosto,Domingo,True,en_camino,efectivo,bicicleta,36896.60,5949.88,30946.72,,6.268800,-75.544738,2026-08-09 09:02:37+00:00,,Jorge Martinez
fd641d80-aaed-41ff-9fe3-a9540f3efc45,575c8a28-ba91-49bb-a720-b2b5c45d5a33,Maria Gomez,Male,78,50+,Occidente,2026-08-09,Agosto,Domingo,True,cancelado,app,moto_electrica,48480.03,9444.42,39035.61,,6.255514,-75.593710,2026-08-09 09:32:28+00:00,,
bac34075-46c1-4f6a-86e3-bf242c7abde3,575c8a28-ba91-49bb-a720-b2b5c45d5a33,Maria Gomez,Male,78,50+,Norte,2026-08-09,Agosto,Domingo,True,entregado,tarjeta,moto_electrica,70058.41,12337.48,57720.93,52.0,6.280942,-75.577079,2026-08-09 10:31:04+00:00,2026-08-09 11:23:04+00:00,Jorge Gonzalez
a689a7ef-5c2a-4043-a12c-2a3b36cf521e,124884e3-8948-4e50-af07-f6c130335c60,Maria Perez,Female,80,50+,Chapinero,2026-08-09,Agosto,Domingo,True,entregado,tarjeta,moto_electrica,60751.03,9626.54,51124.49,31.0,6.261222,-75.556993,2026-08-09 10:43:09+00:00,2026-08-09 11:14:09+00:00,Lucia Gomez
1d6fa07f-ca19-4fe9-a2ef-6fbd187992f9,6332c5ab-6d19-41bf-87fa-7ee16a311a73,Lucia Garcia,Female,57,50+,Chapinero,2026-08-09,Agosto,Domingo,True,cancelado,tarjeta,bicicleta,43945.78,7053.44,36892.34,,6.269544,-75.557697,2026-08-09 11:27:39+00:00,,Luis Garcia
77bacce8-fc57-403c-b7ca-ed1a2d43f0a7,9b929e05-3be7-47f5-8987-51f10d07938d,Marta Lopez,Female,52,50+,Centro,2026-08-09,Agosto,Domingo,True,entregado,app,bicicleta,92941.92,19980.50,72961.42,48.0,6.255037,-75.557589,2026-08-09 11:29:50+00:00,2026-08-09 12:17:50+00:00,Ana Gonzalez
a82255e7-e9d0-4ca3-9032-5426fc2b3430,a1e55b58-2600-44cc-9743-bc7ffad4510a,Juan Garcia,Male,25,18-25,Chapinero,2026-08-09,Agosto,Domingo,True,en_camino,tarjeta,moto_electrica,62542.96,14345.97,48196.99,,6.262718,-75.543570,2026-08-09 12:33:57+00:00,,Jorge Gomez
ece03f41-90be-4296-9074-064bac54dd9f,501d52ea-dd62-4c6b-b43e-eb3cd5fa2d37,Maria Rodriguez,Male,59,50+,Sur,2026-08-09,Agosto,Domingo,True,entregado,efectivo,bicicleta,71294.90,12453.83,58841.07,50.0,6.177280,-75.606148,2026-08-09 12:45:05+00:00,2026-08-09 13:35:05+00:00,Valentina Lopez
21b63a8a-c7fa-4350-839b-989de0dfdc0b,bb4ee5cc-800a-45a7-9b16-65e6a83af29c,Ana Garcia,Female,73,50+,Chapinero,2026-08-09,Agosto,Domingo,True,entregado,tarjeta,bicicleta,57834.24,9149.60,48684.64,36.0,6.264933,-75.555768,2026-08-09 13:44:18+00:00,2026-08-09 14:20:18+00:00,Marta Perez
972abd51-5013-4b99-a427-d99176e99eef,1bb9fc1b-4864-44ef-a2b3-5ea92d0e0afa,Laura Gonzalez,Female,77,50+,Chapinero,2026-08-09,Agosto,Domingo,True,entregado,tarjeta,moto_electrica,43001.76,7660.24,35341.52,36.0,6.267140,-75.546621,2026-08-09 14:04:09+00:00,2026-08-09 14:40:09+00:00,Laura Gonzalez
3235df7e-79df-4cac-82c9-919b48baf4b9,575c8a28-ba91-49bb-a720-b2b5c45d5a33,Maria Gomez,Male,78,50+,Norte,2026-08-09,Agosto,Domingo,True,entregado,app,moto_electrica,78737.36,12907.83,65829.53,50.0,6.279365,-75.556235,2026-08-09 14:10:43+00:00,2026-08-09 15:00:43+00:00,Laura Perez
05a8842e-ed0b-4967-8850-4a65d1a40309,641ead09-0b8f-4038-8289-ef1f96225b9d,Maria Lopez,Female,63,50+,Sur,2026-08-09,Agosto,Domingo,True,entregado,efectivo,bicicleta,27463.24,5705.41,21757.83,36.0,6.153183,-75.583328,2026-08-09 14:16:50+00:00,2026-08-09 14:52:50+00:00,Jorge Lopez
21102a46-2c01-4688-adc2-2b2aa138b490,a200fb08-fef7-4a11-b4af-a7fc9c26bc2e,Luis Garcia,Female,63,50+,Norte,2026-08-09,Agosto,Domingo,True,entregado,app,bicicleta,57014.57,10055.45,46959.12,54.0,6.297766,-75.561672,2026-08-09 16:03:56+00:00,2026-08-09 16:57:56+00:00,Jorge Gonzalez
9054b43c-5ada-4ffb-84bd-ba3442abc3ef,8193543e-ba17-4ff3-9344-5f76c2184657,Andres Rodriguez,Female,54,50+,Norte,2026-08-09,Agosto,Domingo,True,entregado,app,bicicleta,88065.61,14888.36,73177.25,49.0,6.276998,-75.578156,2026-08-09 16:04:44+00:00,2026-08-09 16:53:44+00:00,Lucia Gomez
8c8c8b8d-f537-4ba9-9afb-b2aa403e8fe0,501d52ea-dd62-4c6b-b43e-eb3cd5fa2d37,Maria Rodriguez,Male,59,50+,Occidente,2026-08-09,Agosto,Domingo,True,entregado,app,moto_electrica,75143.04,15026.42,60116.62,33.0,6.264612,-75.607980,2026-08-09 16:53:40+00:00,2026-08-09 17:26:40+00:00,Valentina Garcia
bd299baf-cdc5-4128-bbd1-280ef36b56dc,3eaec931-6c40-439f-b3ae-a324b6ed84ac,Carlos Rodriguez,Male,37,36-50,Occidente,2026-08-09,Agosto,Domingo,True,entregado,efectivo,moto_electrica,88291.33,20894.13,67397.20,28.0,6.262332,-75.606316,2026-08-09 17:49:48+00:00,2026-08-09 18:17:48+00:00,Juan Gomez
7d142b80-6372-434e-bca6-bd8e4ac14f01,2db7afb4-3544-4567-8108-5861c213f9ed,Juan Garcia,Female,31,26-35,Norte,2026-08-09,Agosto,Domingo,True,en_camino,tarjeta,bicicleta,65572.42,15135.71,50436.71,,6.289427,-75.552372,2026-08-09 18:34:05+00:00,,Luis Garcia
cbba5bef-304f-405d-9bb6-7c01afc2e0de,c6b06ff5-5bd5-4cf6-9ab7-14b19aae54c6,Camila Gonzalez,Male,59,50+,Sur,2026-08-09,Agosto,Domingo,True,en_camino,app,moto_electrica,52199.30,9001.66,43197.64,,6.163541,-75.584380,2026-08-09 18:35:13+00:00,,Valentina Garcia
fb117d0d-5044-495f-82f8-ac6ea4cc7670,1183439d-4b22-4c45-9ada-cbc6d34960d7,Mateo Perez,Male,77,50+,Norte,2026-08-09,Agosto,Domingo,True,en_camino,tarjeta,moto_electrica,78845.39,14300.80,64544.59,,6.297404,-75.578675,2026-08-09 20:05:59+00:00,,Diego Rodriguez
8f3e4d7b-c86d-4b3e-ab15-54210f91a267,c9baeee8-18c8-43a5-91a4-eb6a1108ec13,Laura Perez,Male,69,50+,Norte,2026-08-09,Agosto,Domingo,True,en_camino,tarjeta,moto_electrica,27212.40,4978.59,22233.81,,6.278724,-75.572954,2026-08-09 20:22:17+00:00,,Jorge Martinez
8654572d-514e-43f5-9159-a69fdd1d767b,6a3ea9aa-61e6-4a9b-bb8a-673c32bd53e3,Sofia Gonzalez,Female,54,50+,Sur,2026-08-09,Agosto,Domingo,True,entregado,efectivo,moto_electrica,76033.83,14735.38,61298.45,30.0,6.160465,-75.597057,2026-08-09 20:24:21+00:00,2026-08-09 20:54:21+00:00,Andres Martinez
ea3f759a-1678-404a-8fbb-1599e28cb626,85d139a7-7a45-49aa-9638-dcd1f5d1c539,Valentina Gomez,Female,47,36-50,Centro,2026-08-09,Agosto,Domingo,True,entregado,tarjeta,bicicleta,46345.10,10157.66,36187.44,37.0,6.257994,-75.562319,2026-08-09 22:05:33+00:00,2026-08-09 22:42:33+00:00,Diego Rodriguez
c1e019e2-f11e-4143-ab70-10ce8395fb70,ec199edf-cdc2-4925-8ff2-1f0f224fc41a,Valentina Lopez,Male,48,36-50,Chapinero,2026-08-09,Agosto,Domingo,True,entregado,tarjeta,bicicleta,41587.22,9133.33,32453.89,30.0,6.261211,-75.557054,2026-08-09 22:07:48+00:00,2026-08-09 22:37:48+00:00,Jorge Lopez
cb665ee7-d8d5-40ce-972c-1c8a197db54e,fde42dcc-b6cc-4f58-995d-e8c613f6c077,Mateo Garcia,Male,53,50+,Norte,2026-08-09,Agosto,Domingo,True,entregado,app,bicicleta,16322.83,3042.07,13280.76,49.0,6.275530,-75.564251,2026-08-09 22:12:34+00:00,2026-08-09 23:01:34+00:00,Jorge Gomez
8eec59c5-7a85-4d66-a4ad-235075931141,05f438aa-91cf-4c97-b79d-dca22be98b69,Marta Rodriguez,Female,72,50+,Centro,2026-08-09,Agosto,Domingo,True,entregado,app,bicicleta,35935.72,5910.94,30024.78,43.0,6.252901,-75.553283,2026-08-09 23:20:33+00:00,2026-08-10 00:03:33+00:00,Andres Gomez
a86977b8-678b-4c6b-b43c-8d15dd56ddd5,f00e2d66-a77b-4a5b-a16d-97ff62ba0fd3,Juan Gomez,Female,35,26-35,Chapinero,2026-08-09,Agosto,Domingo,True,en_camino,efectivo,bicicleta,67993.07,11039.05,56954.02,,6.262308,-75.547518,2026-08-09 23:27:45+00:00,,Juan Gonzalez
bf625860-2847-4183-a88b-599c1dbb1238,5cce9a92-b20a-48a7-b742-27d2cd0fa666,Juan Martinez,Male,46,36-50,Sur,2026-08-09,Agosto,Domingo,True,entregado,efectivo,bicicleta,76916.09,13946.83,62969.26,50.0,6.151037,-75.594510,2026-08-09 23:40:55+00:00,2026-08-10 00:30:55+00:00,Andres Gomez
131852f5-24cb-4a49-ab7b-f94be8575ea8,da8767ea-5f63-4a99-97c2-d4b473af120b,Andres Gomez,Female,80,50+,Chapinero,2026-08-10,Agosto,Lunes,False,entregado,app,bicicleta,53560.13,11949.10,41611.03,49.0,6.260714,-75.548683,2026-08-10 00:26:55+00:00,2026-08-10 01:15:55+00:00,Luis Garcia
41296521-be9c-41bd-a903-4ad3433de897,a07da55a-88bb-45a6-9d6f-bfdacccc0991,Marta Martinez,Male,72,50+,Norte,2026-08-10,Agosto,Lunes,False,entregado,efectivo,bicicleta,75649.58,17703.00,57946.58,46.0,6.292521,-75.571101,2026-08-10 02:44:53+00:00,2026-08-10 03:30:53+00:00,Luis Garcia
f1c4ca6e-3f08-49c2-9ad2-802493598a4c,85d139a7-7a45-49aa-9638-dcd1f5d1c539,Valentina Gomez,Female,47,36-50,Chapinero,2026-08-10,Agosto,Lunes,False,entregado,tarjeta,moto_electrica,45561.91,7169.22,38392.69,25.0,6.267457,-75.540213,2026-08-10 03:50:16+00:00,2026-08-10 04:15:16+00:00,Mateo Martinez
cdb80bb3-899d-45b0-9f87-327f9dd309ab,34f9f1b5-bdd0-46e7-b81d-623e9fdf17d8,Ana Rodriguez,Female,36,36-50,Norte,2026-08-10,Agosto,Lunes,False,en_camino,tarjeta,bicicleta,32054.31,5076.33,26977.98,,6.298488,-75.569737,2026-08-10 03:55:00+00:00,,Luis Perez
b90b5cbd-ad43-48df-aadf-b4842d732cb6,01137935-0af8-4f24-8ee9-07632cb39eee,Sofia Gonzalez,Female,36,36-50,Centro,2026-08-10,Agosto,Lunes,False,entregado,tarjeta,moto_electrica,37223.37,7130.88,30092.49,32.0,6.248921,-75.555142,2026-08-10 04:41:59+00:00,2026-08-10 05:13:59+00:00,Luis Garcia
fd3f05ae-2796-47c5-857e-1e6f4f1b1bdf,9b929e05-3be7-47f5-8987-51f10d07938d,Marta Lopez,Female,52,50+,Occidente,2026-08-10,Agosto,Lunes,False,entregado,efectivo,moto_electrica,53935.32,9193.97,44741.35,29.0,6.267038,-75.616162,2026-08-10 06:02:40+00:00,2026-08-10 06:31:40+00:00,Andres Gomez
e3eb7ae0-0f9c-4baf-89e7-a1216e097f6a,1bb9fc1b-4864-44ef-a2b3-5ea92d0e0afa,Laura Gonzalez,Female,77,50+,Sur,2026-08-10,Agosto,Lunes,False,entregado,efectivo,moto_electrica,23090.80,4073.83,19016.97,34.0,6.168157,-75.580519,2026-08-10 07:50:31+00:00,2026-08-10 08:24:31+00:00,Jorge Gomez
e6a4a638-23ac-4fce-a53c-231104a4b8d4,219bd9f5-a5f7-46bb-88b4-e9133b083ff7,Mateo Rodriguez,Female,65,50+,Sur,2026-08-10,Agosto,Lunes,False,cancelado,efectivo,bicicleta,81240.18,15859.69,65380.49,,6.163970,-75.601847,2026-08-10 07:51:13+00:00,,Diego Lopez
b60bc17f-7731-4faa-936f-99d37cdec984,a1e55b58-2600-44cc-9743-bc7ffad4510a,Juan Garcia,Male,25,18-25,Occidente,2026-08-10,Agosto,Lunes,False,cancelado,efectivo,bicicleta,21929.04,4706.11,17222.93,,6.239455,-75.594001,2026-08-10 08:09:49+00:00,,
2a7addd9-2cef-4f1f-b372-b6463ec8161e,54233927-6db7-4079-8943-602740d70b79,Laura Lopez,Male,32,26-35,Sur,2026-08-10,Agosto,Lunes,False,entregado,app,moto_electrica,27901.76,4271.81,23629.95,21.0,6.161163,-75.605761,2026-08-10 08:29:47+00:00,2026-08-10 08:50:47+00:00,Lucia Lopez
0281d2a9-1d23-4ae3-8499-b6ff22d7d20f,53e623f4-bf20-4228-82e3-ee34aa52cc05,Diego Lopez,Female,59,50+,Sur,2026-08-10,Agosto,Lunes,False,cancelado,app,bicicleta,78407.22,13160.13,65247.09,,6.175208,-75.609770,2026-08-10 10:06:33+00:00,,Ana Gonzalez
65443b71-2db2-49a0-96f1-da4dff004a88,6a3ea9aa-61e6-4a9b-bb8a-673c32bd53e3,Sofia Gonzalez,Female,54,50+,Sur,2026-08-10,Agosto,Lunes,False,entregado,tarjeta,moto_electrica,35281.38,5577.84,29703.54,19.0,6.163893,-75.607375,2026-08-10 12:12:49+00:00,2026-08-10 12:31:49+00:00,Jorge Gonzalez
89e06dca-4e90-40e1-bcae-65a02b2549fd,31403c6d-6d71-4dae-a092-3e351f46b23d,Juan Rodriguez,Male,26,26-35,Occidente,2026-08-10,Agosto,Lunes,False,entregado,app,bicicleta,74979.66,18137.23,56842.43,43.0,6.239049,-75.593553,2026-08-10 14:31:21+00:00,2026-08-10 15:14:21+00:00,Juan Gonzalez
470c7617-93b2-4cdd-8f0d-3a26fdd66513,64402c49-ecbf-46cc-87ae-13215db14f7d,Valentina Gomez,Male,53,50+,Sur,2026-08-10,Agosto,Lunes,False,entregado,tarjeta,bicicleta,81089.40,17975.28,63114.12,32.0,6.170004,-75.592103,2026-08-10 15:07:52+00:00,2026-08-10 15:39:52+00:00,Valentina Lopez
eff1fda4-a23e-4940-87a8-3603e41ed86c,7d75a9ec-1aa7-433b-920a-65483447d468,Pedro Gomez,Female,78,50+,Occidente,2026-08-10,Agosto,Lunes,False,entregado,efectivo,moto_electrica,21193.13,4974.83,16218.30,25.0,6.271615,-75.607409,2026-08-10 16:21:27+00:00,2026-08-10 16:46:27+00:00,Laura Perez
382b6e4e-977c-4039-99ae-14a1d56a5149,501d52ea-dd62-4c6b-b43e-eb3cd5fa2d37,Maria Rodriguez,Male,59,50+,Chapinero,2026-08-10,Agosto,Lunes,False,entregado,tarjeta,moto_electrica,21547.59,3782.66,17764.93,33.0,6.265896,-75.549061,2026-08-10 16:37:28+00:00,2026-08-10 17:10:28+00:00,Luis Garcia
154ad466-060a-467c-9c84-d746699758ba,34f9f1b5-bdd0-46e7-b81d-623e9fdf17d8,Ana Rodriguez,Female,36,36-50,Occidente,2026-08-10,Agosto,Lunes,False,entregado,app,moto_electrica,70785.23,12682.30,58102.93,21.0,6.276707,-75.591498,2026-08-10 17:39:17+00:00,2026-08-10 18:00:17+00:00,Luis Garcia
1b6122ec-c9a0-44e1-acea-c933f9899484,245581e8-7f2e-4595-bf4c-7d7b225aaca3,Jorge Perez,Female,44,36-50,Sur,2026-08-10,Agosto,Lunes,False,entregado,tarjeta,bicicleta,92725.68,14344.49,78381.19,51.0,6.172858,-75.597343,2026-08-10 21:38:51+00:00,2026-08-10 22:29:51+00:00,Diego Lopez
26588647-6fd6-45dc-84f9-146762dc5626,4bee1913-bb93-433f-b041-83b6d37cbba0,Pedro Rodriguez,Female,52,50+,Centro,2026-08-10,Agosto,Lunes,False,entregado,efectivo,bicicleta,77554.04,15745.17,61808.87,50.0,6.259759,-75.562429,2026-08-10 21:55:17+00:00,2026-08-10 22:45:17+00:00,Mateo Martinez
0b68f0e0-4ff9-4da4-a3a7-50b6779d4264,6c7dcc33-6f64-4bae-a30c-600099b54f33,Camila Martinez,Female,46,36-50,Chapinero,2026-08-10,Agosto,Lunes,False,entregado,app,bicicleta,82858.20,19846.57,63011.63,47.0,6.267035,-75.551796,2026-08-10 22:23:08+00:00,2026-08-10 23:10:08+00:00,Maria Martinez
c752eea8-8808-47bb-baf9-91bcd6417754,8f0ac0bd-4c61-4d9c-8a0a-a6c0f2d7227c,Andres Gomez,Female,33,26-35,Sur,2026-08-10,Agosto,Lunes,False,entregado,app,moto_electrica,16961.77,2827.61,14134.16,28.0,6.164153,-75.600679,2026-08-10 22:25:16+00:00,2026-08-10 22:53:16+00:00,Mateo Martinez
f8e7f1e9-273b-4eef-a081-57edbb8e438b,e933ff4c-ee9c-4811-81b0-36ecf8c6f87a,Luis Martinez,Female,75,50+,Chapinero,2026-08-11,Agosto,Martes,False,entregado,app,moto_electrica,92845.07,16189.44,76655.63,27.0,6.262967,-75.553645,2026-08-11 00:28:02+00:00,2026-08-11 00:55:02+00:00,Jorge Gonzalez
31f8d035-889e-41b6-a534-adfad93ae5ed,a1e55b58-2600-44cc-9743-bc7ffad4510a,Juan Garcia,Male,25,18-25,Sur,2026-08-11,Agosto,Martes,False,entregado,app,bicicleta,62962.32,13695.55,49266.77,39.0,6.154048,-75.602240,2026-08-11 03:10:42+00:00,2026-08-11 03:49:42+00:00,Laura Perez
c18f3c9c-f09b-4676-9e27-5975b734bfc2,3f8d1bde-b423-4744-8ce5-b3e0ca57dbac,Sofia Gomez,Male,68,50+,Centro,2026-08-11,Agosto,Martes,False,entregado,tarjeta,moto_electrica,74032.56,15270.23,58762.33,31.0,6.247306,-75.558275,2026-08-11 04:27:57+00:00,2026-08-11 04:58:57+00:00,Diego Lopez
4b3ea23d-f0e7-40de-9489-b2b63da78b92,245581e8-7f2e-4595-bf4c-7d7b225aaca3,Jorge Perez,Female,44,36-50,Chapinero,2026-08-11,Agosto,Martes,False,entregado,efectivo,bicicleta,70835.91,12162.48,58673.43,42.0,6.263755,-75.542163,2026-08-11 05:37:46+00:00,2026-08-11 06:19:46+00:00,Andres Lopez
053336df-622b-4043-8fa5-3102c4a8746f,34580dd8-9397-4dc9-bc4e-757392d1c5fb,Lucia Gomez,Female,64,50+,Norte,2026-08-11,Agosto,Martes,False,cancelado,tarjeta,bicicleta,93003.10,19649.74,73353.36,,6.273057,-75.568084,2026-08-11 05:57:02+00:00,,
cf71453b-0e37-448b-97d8-cc8ae5844a02,48bc34d2-7f99-4cca-8c08-2dc33d442d18,Carlos Gomez,Male,57,50+,Occidente,2026-08-11,Agosto,Martes,False,entregado,efectivo,bicicleta,66820.14,14038.02,52782.12,40.0,6.271209,-75.616383,2026-08-11 06:17:52+00:00,2026-08-11 06:57:52+00:00,Luis Perez
effd3df5-3bde-470a-a31c-903c20a3c485,8193543e-ba17-4ff3-9344-5f76c2184657,Andres Rodriguez,Female,54,50+,Chapinero,2026-08-11,Agosto,Martes,False,entregado,tarjeta,bicicleta,67099.18,15295.07,51804.11,43.0,6.269865,-75.545276,2026-08-11 06:54:08+00:00,2026-08-11 07:37:08+00:00,Andres Gomez
8db746dd-78d5-4289-9688-d3f0490407bc,937fe017-e232-4857-842b-9c2982b4c987,Sofia Gomez,Female,49,36-50,Norte,2026-08-11,Agosto,Martes,False,entregado,efectivo,moto_electrica,75110.23,17882.76,57227.47,50.0,6.281332,-75.566696,2026-08-11 07:34:19+00:00,2026-08-11 08:24:19+00:00,Jorge Martinez
01b9f23e-54ef-4fde-98b1-44a4ab48969a,a4be7243-5dfa-45d2-818a-54607daa3daa,Ana Lopez,Female,59,50+,Chapinero,2026-08-11,Agosto,Martes,False,entregado,efectivo,moto_electrica,61359.76,11774.76,49585.00,31.0,6.267963,-75.552623,2026-08-11 07:34:53+00:00,2026-08-11 08:05:53+00:00,Valentina Garcia
86083b48-13fa-4073-abc8-54aa804b268c,8c4b07f3-4be0-4550-a487-d5bfdfe98e97,Marta Lopez,Male,74,50+,Chapinero,2026-08-11,Agosto,Martes,False,entregado,tarjeta,bicicleta,28555.61,5439.00,23116.61,43.0,6.262261,-75.541103,2026-08-11 07:40:23+00:00,2026-08-11 08:23:23+00:00,Jorge Martinez
c227e9bd-be11-4183-8479-48d0f00b21e9,d71fd6be-c4b7-4470-ac26-7d00a9f047c9,Mateo Martinez,Female,63,50+,Chapinero,2026-08-11,Agosto,Martes,False,entregado,tarjeta,bicicleta,78896.19,14035.72,64860.47,52.0,6.260163,-75.543976,2026-08-11 07:43:52+00:00,2026-08-11 08:35:52+00:00,Juan Gomez
d218813f-2a2f-468d-a140-30f83e9266ef,245581e8-7f2e-4595-bf4c-7d7b225aaca3,Jorge Perez,Female,44,36-50,Norte,2026-08-11,Agosto,Martes,False,entregado,app,moto_electrica,89053.83,21142.96,67910.87,46.0,6.286205,-75.562319,2026-08-11 08:37:31+00:00,2026-08-11 09:23:31+00:00,Laura Gonzalez
be4b2227-0fb3-43b1-b9d9-052cad7d28fc,3eaec931-6c40-439f-b3ae-a324b6ed84ac,Carlos Rodriguez,Male,37,36-50,Centro,2026-08-11,Agosto,Martes,False,entregado,tarjeta,bicicleta,49925.50,12075.07,37850.43,41.0,6.246430,-75.568130,2026-08-11 09:27:41+00:00,2026-08-11 10:08:41+00:00,Valentina Lopez
e852912b-3132-4eb4-a3e9-b267258cc8f5,fde42dcc-b6cc-4f58-995d-e8c613f6c077,Mateo Garcia,Male,53,50+,Occidente,2026-08-11,Agosto,Martes,False,entregado,tarjeta,moto_electrica,58954.12,9826.27,49127.85,37.0,6.255812,-75.604934,2026-08-11 09:46:32+00:00,2026-08-11 10:23:32+00:00,Andres Martinez
98f444a8-f054-4e9b-b7bf-c83545c52736,9b929e05-3be7-47f5-8987-51f10d07938d,Marta Lopez,Female,52,50+,Sur,2026-08-11,Agosto,Martes,False,entregado,efectivo,moto_electrica,70629.64,11373.93,59255.71,32.0,6.154536,-75.606078,2026-08-11 10:06:54+00:00,2026-08-11 10:38:54+00:00,Valentina Lopez
c2e9d0c7-d68d-4ea0-99f8-3703e8c55881,01137935-0af8-4f24-8ee9-07632cb39eee,Sofia Gonzalez,Female,36,36-50,Norte,2026-08-11,Agosto,Martes,False,entregado,efectivo,moto_electrica,33381.48,7738.77,25642.71,55.0,6.281917,-75.565847,2026-08-11 10:58:10+00:00,2026-08-11 11:53:10+00:00,Andres Lopez
cc91eb0d-ba90-48d2-926d-96e0b211664d,d93054ed-cd47-4d20-aed5-d5b5d35ef806,Sofia Martinez,Male,43,36-50,Norte,2026-08-11,Agosto,Martes,False,cancelado,tarjeta,bicicleta,65074.75,13508.86,51565.89,,6.270250,-75.575759,2026-08-11 12:19:12+00:00,,
667bdc9e-5073-4921-84b2-6d3f61bcb753,5cce9a92-b20a-48a7-b742-27d2cd0fa666,Juan Martinez,Male,46,36-50,Chapinero,2026-08-11,Agosto,Martes,False,entregado,efectivo,moto_electrica,60695.62,9877.11,50818.51,37.0,6.263904,-75.542497,2026-08-11 13:17:29+00:00,2026-08-11 13:54:29+00:00,Jorge Martinez
17667ffb-9e14-4ad7-a2dd-4c6ca0807e11,0bf86823-cb4c-48f8-8917-ae330525c6d5,Diego Gonzalez,Female,29,26-35,Centro,2026-08-11,Agosto,Martes,False,entregado,tarjeta,bicicleta,25157.99,3947.74,21210.25,38.0,6.245281,-75.555840,2026-08-11 14:10:46+00:00,2026-08-11 14:48:46+00:00,Maria Martinez
4d1ec7b5-d899-4bde-846e-b66e3754f812,5a53097d-77e6-43e0-970b-3e537f059cf8,Diego Lopez,Male,35,26-35,Occidente,2026-08-11,Agosto,Martes,False,entregado,app,moto_electrica,26466.92,5370.66,21096.26,38.0,6.279285,-75.616858,2026-08-11 15:13:51+00:00,2026-08-11 15:51:51+00:00,Jorge Martinez
d2be06e6-e24c-4bcb-875a-0dc02a3ddd2f,975f478d-4a1e-48cd-b2b3-f923d30b9251,Laura Martinez,Male,79,50+,Chapinero,2026-08-11,Agosto,Martes,False,entregado,efectivo,moto_electrica,44696.26,6796.08,37900.18,22.0,6.265498,-75.547493,2026-08-11 15:14:38+00:00,2026-08-11 15:36:38+00:00,Diego Rodriguez
f320ef44-4dd1-4a5f-b4d2-5d5542459557,01137935-0af8-4f24-8ee9-07632cb39eee,Sofia Gonzalez,Female,36,36-50,Chapinero,2026-08-11,Agosto,Martes,False,entregado,tarjeta,bicicleta,67537.79,13486.10,54051.69,53.0,6.261582,-75.559581,2026-08-11 15:37:54+00:00,2026-08-11 16:30:54+00:00,Marta Lopez
5abe7bc7-767a-4249-91b9-67ed33537d00,41127643-beb8-48b2-958e-79180a8bf64c,Laura Gomez,Female,32,26-35,Centro,2026-08-11,Agosto,Martes,False,entregado,app,moto_electrica,94284.73,21284.67,73000.06,33.0,6.254294,-75.569010,2026-08-11 15:54:42+00:00,2026-08-11 16:27:42+00:00,Luis Perez
1a9360bd-b04a-4bf6-98d0-3f339ef3d323,64402c49-ecbf-46cc-87ae-13215db14f7d,Valentina Gomez,Male,53,50+,Chapinero,2026-08-11,Agosto,Martes,False,cancelado,efectivo,moto_electrica,60279.83,10192.80,50087.03,,6.264733,-75.558303,2026-08-11 15:57:53+00:00,,
3e387c48-fce4-4aa8-af0f-4b4f3b8e34b3,5cce9a92-b20a-48a7-b742-27d2cd0fa666,Juan Martinez,Male,46,36-50,Occidente,2026-08-11,Agosto,Martes,False,entregado,tarjeta,moto_electrica,41491.56,8495.10,32996.46,34.0,6.273029,-75.615629,2026-08-11 18:21:31+00:00,2026-08-11 18:55:31+00:00,Laura Gonzalez
e24881b8-e79c-4b37-a2cb-d89db2b2f9a0,1183439d-4b22-4c45-9ada-cbc6d34960d7,Mateo Perez,Male,77,50+,Occidente,2026-08-11,Agosto,Martes,False,entregado,app,moto_electrica,69713.53,16841.29,52872.24,33.0,6.274373,-75.606670,2026-08-11 19:00:44+00:00,2026-08-11 19:33:44+00:00,Ana Gonzalez
1315f14d-8dae-40a6-b05e-c24d418a5af9,a76b46d5-3d05-4c09-9857-29ce77b7ebf6,Laura Martinez,Male,65,50+,Norte,2026-08-11,Agosto,Martes,False,entregado,efectivo,bicicleta,85352.55,19590.29,65762.26,58.0,6.276833,-75.561907,2026-08-11 19:02:19+00:00,2026-08-11 20:00:19+00:00,Marta Lopez
c0d7bba5-d553-4d65-b92d-fcd4196a2dac,d75d2cf4-7250-4620-8774-e082750cafca,Diego Gomez,Female,81,50+,Norte,2026-08-11,Agosto,Martes,False,en_camino,tarjeta,bicicleta,27364.34,4916.52,22447.82,,6.287447,-75.560325,2026-08-11 19:18:54+00:00,,Luis Garcia
ed52b21c-806e-41bd-945c-76c9b4dc8c97,133e7b9f-2385-4705-9e99-3eb72a0f75cb,Mateo Gonzalez,Male,66,50+,Sur,2026-08-11,Agosto,Martes,False,cancelado,efectivo,moto_electrica,74024.23,13943.18,60081.05,,6.156630,-75.603830,2026-08-11 20:05:06+00:00,,
c142701c-872a-4e20-a255-17b45b5b07f1,13e0122f-67ce-494f-8347-6975e8c8f54e,Luis Garcia,Male,54,50+,Norte,2026-08-11,Agosto,Martes,False,entregado,app,moto_electrica,17530.90,3751.03,13779.87,40.0,6.283370,-75.575961,2026-08-11 20:41:44+00:00,2026-08-11 21:21:44+00:00,Jorge Martinez
d8468c03-5bb4-4e56-9925-c857f9443b02,e14bdbbd-1b66-47ce-a156-94fef926e48d,Valentina Gomez,Female,61,50+,Occidente,2026-08-11,Agosto,Martes,False,entregado,efectivo,bicicleta,71389.96,12868.98,58520.98,36.0,6.250670,-75.595187,2026-08-11 21:03:02+00:00,2026-08-11 21:39:02+00:00,Jorge Martinez
aa593f61-5311-4f32-b8d7-dd88508f2d61,9b929e05-3be7-47f5-8987-51f10d07938d,Marta Lopez,Female,52,50+,Sur,2026-08-11,Agosto,Martes,False,entregado,efectivo,moto_electrica,26405.25,5082.88,21322.37,25.0,6.173779,-75.585819,2026-08-11 21:04:55+00:00,2026-08-11 21:29:55+00:00,Ana Martinez
b5d8a4ba-af53-4db2-a8f9-9327ea31f883,937fe017-e232-4857-842b-9c2982b4c987,Sofia Gomez,Female,49,36-50,Centro,2026-08-11,Agosto,Martes,False,entregado,app,bicicleta,19827.79,3356.74,16471.05,38.0,6.254665,-75.568827,2026-08-11 22:07:03+00:00,2026-08-11 22:45:03+00:00,Juan Gonzalez
1672cc8b-b199-48dc-baaa-287ea8374a94,5cce9a92-b20a-48a7-b742-27d2cd0fa666,Juan Martinez,Male,46,36-50,Sur,2026-08-11,Agosto,Martes,False,entregado,tarjeta,bicicleta,64081.85,10993.38,53088.47,47.0,6.171757,-75.608179,2026-08-11 22:33:41+00:00,2026-08-11 23:20:41+00:00,Andres Lopez
1b5c5d12-4625-4be0-b444-6a3773d63e98,f5dd7f93-442b-4f9f-b4d8-50c8af7475e5,Mateo Gonzalez,Female,26,26-35,Occidente,2026-08-11,Agosto,Martes,False,entregado,app,bicicleta,56190.77,12900.14,43290.63,52.0,6.266162,-75.597376,2026-08-11 22:33:44+00:00,2026-08-11 23:25:44+00:00,Valentina Garcia
0908b315-0b78-40df-a67e-b0f5193096a4,d75d2cf4-7250-4620-8774-e082750cafca,Diego Gomez,Female,81,50+,Centro,2026-08-11,Agosto,Martes,False,en_camino,tarjeta,bicicleta,84593.74,13324.96,71268.78,,6.243111,-75.561182,2026-08-11 22:39:34+00:00,,Laura Perez
2fb2a941-9ee2-4dc5-b4bf-071951556002,34f9f1b5-bdd0-46e7-b81d-623e9fdf17d8,Ana Rodriguez,Female,36,36-50,Chapinero,2026-08-11,Agosto,Martes,False,en_camino,tarjeta,bicicleta,72047.81,12830.77,59217.04,,6.267403,-75.553615,2026-08-11 23:05:18+00:00,,Juan Gonzalez
b1ab5286-17a3-440f-8918-6aca5096609b,0604c774-2d96-40ec-b987-51c090ef688c,Lucia Garcia,Female,78,50+,Centro,2026-08-11,Agosto,Martes,False,entregado,app,bicicleta,93141.15,18609.84,74531.31,38.0,6.250035,-75.551718,2026-08-11 23:33:51+00:00,2026-08-12 00:11:51+00:00,Diego Rodriguez
306ac0e5-4e47-47a6-9ab3-6ed22bb04b76,c1c45866-47a2-47f7-b1e6-4dfecbbdda25,Lucia Lopez,Female,28,26-35,Chapinero,2026-08-11,Agosto,Martes,False,entregado,efectivo,bicicleta,54797.92,13121.53,41676.39,50.0,6.263279,-75.541104,2026-08-11 23:42:41+00:00,2026-08-12 00:32:41+00:00,Jorge Gonzalez
5c04580f-0682-4ec1-8924-c27515081627,41127643-beb8-48b2-958e-79180a8bf64c,Laura Gomez,Female,32,26-35,Chapinero,2026-08-11,Agosto,Martes,False,entregado,efectivo,moto_electrica,88623.78,17233.13,71390.65,35.0,6.266903,-75.554702,2026-08-11 23:58:35+00:00,2026-08-12 00:33:35+00:00,Carlos Martinez
264e72ec-4766-4ad1-858a-0c2419604b83,fd944984-53a0-49d4-9474-ceb6fa280378,Marta Perez,Female,73,50+,Occidente,2026-08-12,Agosto,Miércoles,False,entregado,app,bicicleta,76741.70,13853.34,62888.36,38.0,6.261419,-75.601549,2026-08-12 01:35:42+00:00,2026-08-12 02:13:42+00:00,Lucia Lopez
ae14f068-1790-4674-93b9-229962d9f94a,b2322744-c7c4-49f3-9caa-8df835be917b,Juan Gomez,Male,41,36-50,Chapinero,2026-08-12,Agosto,Miércoles,False,entregado,app,moto_electrica,76387.94,13308.68,63079.26,33.0,6.268598,-75.541268,2026-08-12 02:39:52+00:00,2026-08-12 03:12:52+00:00,Ana Martinez
4f536bdc-9ad1-4bd7-b2b0-64423cd2c56d,e14bdbbd-1b66-47ce-a156-94fef926e48d,Valentina Gomez,Female,61,50+,Centro,2026-08-12,Agosto,Miércoles,False,entregado,tarjeta,bicicleta,91032.31,14358.68,76673.63,51.0,6.241818,-75.556859,2026-08-12 03:01:02+00:00,2026-08-12 03:52:02+00:00,Juan Gomez
f590d702-85e4-4344-9af5-e5cd058b9840,cde4c37d-3d93-402d-8476-5ac08324b8fc,Marta Gonzalez,Male,49,36-50,Centro,2026-08-12,Agosto,Miércoles,False,entregado,efectivo,moto_electrica,27404.27,5119.45,22284.82,30.0,6.245011,-75.556300,2026-08-12 03:20:38+00:00,2026-08-12 03:50:38+00:00,Diego Rodriguez
b848b59d-5109-4451-b0a6-67eff1366915,3eaec931-6c40-439f-b3ae-a324b6ed84ac,Carlos Rodriguez,Male,37,36-50,Chapinero,2026-08-12,Agosto,Miércoles,False,entregado,tarjeta,moto_electrica,57244.50,10799.09,46445.41,24.0,6.266969,-75.554877,2026-08-12 03:47:32+00:00,2026-08-12 04:11:32+00:00,Ana Martinez
6ec4fbfe-db4d-46ce-a55f-5d81a3196274,31403c6d-6d71-4dae-a092-3e351f46b23d,Juan Rodriguez,Male,26,26-35,Centro,2026-08-12,Agosto,Miércoles,False,entregado,efectivo,moto_electrica,19714.32,4382.09,15332.23,34.0,6.248759,-75.551570,2026-08-12 04:37:15+00:00,2026-08-12 05:11:15+00:00,Ana Gonzalez
6289b474-c189-4cba-8676-81f13a4b8d7e,cde4c37d-3d93-402d-8476-5ac08324b8fc,Marta Gonzalez,Male,49,36-50,Norte,2026-08-12,Agosto,Miércoles,False,entregado,app,bicicleta,27187.27,4440.70,22746.57,60.0,6.278433,-75.572518,2026-08-12 04:46:57+00:00,2026-08-12 05:46:57+00:00,Ana Martinez
5bfa5c26-fb7e-4226-be2e-158228632632,6332c5ab-6d19-41bf-87fa-7ee16a311a73,Lucia Garcia,Female,57,50+,Norte,2026-08-12,Agosto,Miércoles,False,entregado,tarjeta,bicicleta,41093.09,6382.90,34710.19,60.0,6.276692,-75.563620,2026-08-12 06:02:16+00:00,2026-08-12 07:02:16+00:00,Juan Gonzalez
f98611d8-d0b5-462b-a807-b85c726b63c2,c868f96d-ea66-42c6-ab2c-c8e836b35c37,Sofia Garcia,Male,80,50+,Chapinero,2026-08-12,Agosto,Miércoles,False,entregado,tarjeta,bicicleta,71579.77,15575.43,56004.34,35.0,6.263726,-75.547779,2026-08-12 06:35:37+00:00,2026-08-12 07:10:37+00:00,Valentina Lopez
91ebe58e-1fcf-42e8-966d-fd26aab1523d,8193543e-ba17-4ff3-9344-5f76c2184657,Andres Rodriguez,Female,54,50+,Centro,2026-08-12,Agosto,Miércoles,False,entregado,app,bicicleta,19181.06,4538.22,14642.84,46.0,6.246079,-75.562518,2026-08-12 07:07:27+00:00,2026-08-12 07:53:27+00:00,Marta Perez
334da387-cc6d-4eec-a3ae-97d79ef18a53,a1e55b58-2600-44cc-9743-bc7ffad4510a,Juan Garcia,Male,25,18-25,Chapinero,2026-08-12,Agosto,Miércoles,False,entregado,app,bicicleta,55266.60,10080.34,45186.26,53.0,6.260060,-75.541392,2026-08-12 07:09:07+00:00,2026-08-12 08:02:07+00:00,Jorge Gonzalez
ce587d93-71c4-4f27-bc72-40eeb532f1c8,41127643-beb8-48b2-958e-79180a8bf64c,Laura Gomez,Female,32,26-35,Norte,2026-08-12,Agosto,Miércoles,False,entregado,app,bicicleta,82990.75,14270.87,68719.88,55.0,6.287600,-75.563975,2026-08-12 08:13:05+00:00,2026-08-12 09:08:05+00:00,Valentina Lopez
0668ec4c-f139-4511-a840-687b3f086540,06e97137-7dac-45fd-8c25-3d5ffc2931e2,Valentina Martinez,Female,53,50+,Norte,2026-08-12,Agosto,Miércoles,False,entregado,efectivo,moto_electrica,86697.48,15262.59,71434.89,55.0,6.273399,-75.563187,2026-08-12 10:20:40+00:00,2026-08-12 11:15:40+00:00,Carlos Martinez
5ae72c41-c2d9-4c09-92b0-1f74b0d20801,133e7b9f-2385-4705-9e99-3eb72a0f75cb,Mateo Gonzalez,Male,66,50+,Norte,2026-08-12,Agosto,Miércoles,False,entregado,efectivo,moto_electrica,40314.80,6257.84,34056.96,50.0,6.276886,-75.575226,2026-08-12 11:15:29+00:00,2026-08-12 12:05:29+00:00,Luis Garcia
8a5943c4-6b1e-4bc9-ab73-35e4668c0659,a4be7243-5dfa-45d2-818a-54607daa3daa,Ana Lopez,Female,59,50+,Centro,2026-08-12,Agosto,Miércoles,False,en_camino,app,moto_electrica,74283.88,16466.67,57817.21,,6.258724,-75.559685,2026-08-12 11:39:04+00:00,,Valentina Lopez
d315eb67-abb3-4933-bb1c-0fb203710e11,219bd9f5-a5f7-46bb-88b4-e9133b083ff7,Mateo Rodriguez,Female,65,50+,Norte,2026-08-12,Agosto,Miércoles,False,entregado,efectivo,moto_electrica,15075.59,3263.02,11812.57,57.0,6.294115,-75.552996,2026-08-12 13:28:49+00:00,2026-08-12 14:25:49+00:00,Ana Martinez
25463c52-680a-4926-a3e7-1e56379d709e,5a53097d-77e6-43e0-970b-3e537f059cf8,Diego Lopez,Male,35,26-35,Centro,2026-08-12,Agosto,Miércoles,False,en_camino,efectivo,bicicleta,58968.04,11832.46,47135.58,,6.242630,-75.561987,2026-08-12 13:56:21+00:00,,Ana Gonzalez
9580f07e-d52d-4aad-abfd-655e1efd5885,e933ff4c-ee9c-4811-81b0-36ecf8c6f87a,Luis Martinez,Female,75,50+,Centro,2026-08-12,Agosto,Miércoles,False,en_camino,tarjeta,bicicleta,72448.85,12526.42,59922.43,,6.259759,-75.558547,2026-08-12 14:14:53+00:00,,Andres Lopez
1a6b4343-ef7d-485d-bc88-d35659657003,cde4c37d-3d93-402d-8476-5ac08324b8fc,Marta Gonzalez,Male,49,36-50,Chapinero,2026-08-12,Agosto,Miércoles,False,cancelado,efectivo,moto_electrica,54928.51,13278.09,41650.42,,6.266923,-75.556537,2026-08-12 14:21:25+00:00,,
a07b4759-9e84-4a1d-aaca-d0da91243c76,2bcc12cb-5d87-4176-a287-3a2aee9351e5,Luis Rodriguez,Female,50,36-50,Occidente,2026-08-12,Agosto,Miércoles,False,entregado,tarjeta,bicicleta,31541.27,5590.07,25951.20,44.0,6.257328,-75.602330,2026-08-12 14:33:06+00:00,2026-08-12 15:17:06+00:00,Laura Gonzalez
e0e5f7fb-05fb-4bc5-8b98-75b4e5bcea93,64435586-3152-4620-8118-8c603a6994f4,Laura Lopez,Female,80,50+,Sur,2026-08-12,Agosto,Miércoles,False,entregado,tarjeta,moto_electrica,84631.28,16662.98,67968.30,30.0,6.164261,-75.602196,2026-08-12 15:58:18+00:00,2026-08-12 16:28:18+00:00,Lucia Gomez
a7ace5d7-a16b-41da-8f3f-afe401753642,e933ff4c-ee9c-4811-81b0-36ecf8c6f87a,Luis Martinez,Female,75,50+,Chapinero,2026-08-12,Agosto,Miércoles,False,entregado,efectivo,bicicleta,55264.20,8431.48,46832.72,54.0,6.265730,-75.552418,2026-08-12 16:24:54+00:00,2026-08-12 17:18:54+00:00,Valentina Lopez
d42ab83e-383f-4f6f-b895-090d01f3c41f,28146250-cf6a-4026-b1f9-b6628c2d8c60,Lucia Lopez,Female,59,50+,Occidente,2026-08-12,Agosto,Miércoles,False,entregado,tarjeta,bicicleta,17139.69,3570.23,13569.46,39.0,6.248618,-75.602392,2026-08-12 17:39:15+00:00,2026-08-12 18:18:15+00:00,Mateo Martinez
653fe20d-2079-4568-a9c1-e6894711a54b,065ed21a-e960-49f7-928c-facf2bab622a,Marta Perez,Female,37,36-50,Sur,2026-08-12,Agosto,Miércoles,False,entregado,tarjeta,bicicleta,92553.79,22980.84,69572.95,47.0,6.159302,-75.591472,2026-08-12 19:01:43+00:00,2026-08-12 19:48:43+00:00,Maria Martinez
47fbef37-1faa-466c-97e6-7d5b2b697cec,219bd9f5-a5f7-46bb-88b4-e9133b083ff7,Mateo Rodriguez,Female,65,50+,Norte,2026-08-12,Agosto,Miércoles,False,entregado,tarjeta,moto_electrica,83636.03,13851.37,69784.66,50.0,6.275125,-75.560644,2026-08-12 20:08:27+00:00,2026-08-12 20:58:27+00:00,Jorge Martinez
a1762e00-e114-4a7a-9785-969144da8001,c0865051-d7c6-4a00-b5f5-c553e05e7b6f,Marta Rodriguez,Male,28,26-35,Occidente,2026-08-12,Agosto,Miércoles,False,entregado,efectivo,bicicleta,86570.70,16962.29,69608.41,45.0,6.251725,-75.609770,2026-08-12 20:31:10+00:00,2026-08-12 21:16:10+00:00,Valentina Garcia
6f38cfc3-c724-434c-abd1-9571e195b16a,c2117215-2808-47fd-8fc9-330bdba5c03a,Laura Martinez,Female,61,50+,Occidente,2026-08-12,Agosto,Miércoles,False,entregado,app,moto_electrica,75074.05,14874.76,60199.29,35.0,6.271210,-75.609880,2026-08-12 20:32:40+00:00,2026-08-12 21:07:40+00:00,Ana Martinez
947be607-c89e-434c-bbe8-12b6bd994745,cab0f77c-6a9c-4833-ab98-ff5e181a7e8c,Diego Gonzalez,Female,40,36-50,Sur,2026-08-12,Agosto,Miércoles,False,en_camino,app,moto_electrica,73355.55,17870.81,55484.74,,6.154680,-75.607493,2026-08-12 21:59:09+00:00,,Juan Gonzalez
2cd59ff4-57f1-4053-a702-91a7b71e4ba3,e933ff4c-ee9c-4811-81b0-36ecf8c6f87a,Luis Martinez,Female,75,50+,Norte,2026-08-12,Agosto,Miércoles,False,cancelado,app,moto_electrica,42202.89,6462.42,35740.47,,6.271446,-75.571606,2026-08-12 22:24:51+00:00,,Andres Martinez
13c50e86-48da-4f41-b3c0-7180e2ac8ce6,c2117215-2808-47fd-8fc9-330bdba5c03a,Laura Martinez,Female,61,50+,Chapinero,2026-08-12,Agosto,Miércoles,False,entregado,tarjeta,moto_electrica,88584.23,13980.95,74603.28,40.0,6.263550,-75.545170,2026-08-12 22:31:01+00:00,2026-08-12 23:11:01+00:00,Carlos Martinez
290e2eba-0469-4f93-b1f0-72c303c590b9,8b9a8480-24e2-4d18-aa2c-dd9488b5a08f,Carlos Perez,Male,51,50+,Centro,2026-08-12,Agosto,Miércoles,False,entregado,tarjeta,bicicleta,34081.57,5769.69,28311.88,41.0,6.245726,-75.556989,2026-08-12 23:21:54+00:00,2026-08-13 00:02:54+00:00,Jorge Gonzalez
8f146159-57a3-486d-a59a-a109668b0246,8f0ac0bd-4c61-4d9c-8a0a-a6c0f2d7227c,Andres Gomez,Female,33,26-35,Occidente,2026-08-12,Agosto,Miércoles,False,entregado,efectivo,bicicleta,35136.40,7961.49,27174.91,52.0,6.246023,-75.609988,2026-08-12 23:48:51+00:00,2026-08-13 00:40:51+00:00,Jorge Gomez
c219a15b-aa0e-4874-b818-1416ec3a0315,33d96349-be47-4ec3-a139-34ca61add917,Pedro Perez,Female,56,50+,Occidente,2026-08-13,Agosto,Jueves,False,entregado,efectivo,moto_electrica,47220.01,9819.14,37400.87,38.0,6.240514,-75.603678,2026-08-13 00:15:43+00:00,2026-08-13 00:53:43+00:00,Ana Martinez
fed41609-bb03-4e14-a492-0cbc40c196db,6a3ea9aa-61e6-4a9b-bb8a-673c32bd53e3,Sofia Gonzalez,Female,54,50+,Centro,2026-08-13,Agosto,Jueves,False,entregado,app,bicicleta,82974.14,14970.40,68003.74,33.0,6.245242,-75.558293,2026-08-13 00:31:23+00:00,2026-08-13 01:04:23+00:00,Juan Gomez
9ad5b27b-a471-46e4-922a-c698fc605e0c,56eef3c1-26f4-4db0-ae36-a001ada2aa7a,Mateo Martinez,Male,45,36-50,Sur,2026-08-13,Agosto,Jueves,False,en_camino,app,bicicleta,81544.11,18170.89,63373.22,,6.151936,-75.584796,2026-08-13 01:00:41+00:00,,Andres Gomez
4def7e3a-ade7-44b7-94c8-f011f64f7b97,8f0ac0bd-4c61-4d9c-8a0a-a6c0f2d7227c,Andres Gomez,Female,33,26-35,Centro,2026-08-13,Agosto,Jueves,False,entregado,tarjeta,moto_electrica,16339.97,3358.47,12981.50,39.0,6.255922,-75.564204,2026-08-13 01:27:41+00:00,2026-08-13 02:06:41+00:00,Jorge Martinez
c0411e76-d006-47b5-8c63-ef237b1f884f,f00e2d66-a77b-4a5b-a16d-97ff62ba0fd3,Juan Gomez,Female,35,26-35,Chapinero,2026-08-13,Agosto,Jueves,False,en_camino,efectivo,moto_electrica,44668.90,8563.76,36105.14,,6.264243,-75.552366,2026-08-13 02:14:38+00:00,,Valentina Lopez
d4bd5f14-d788-45e4-a8c9-75f20b6c95ab,13e0122f-67ce-494f-8347-6975e8c8f54e,Luis Garcia,Male,54,50+,Chapinero,2026-08-13,Agosto,Jueves,False,entregado,app,moto_electrica,19779.71,3574.19,16205.52,32.0,6.269308,-75.553732,2026-08-13 02:35:17+00:00,2026-08-13 03:07:17+00:00,Andres Gomez
b24dd80c-bee1-4cfd-af2d-9b731f37c1d4,1183439d-4b22-4c45-9ada-cbc6d34960d7,Mateo Perez,Male,77,50+,Sur,2026-08-13,Agosto,Jueves,False,entregado,tarjeta,moto_electrica,32170.69,5390.17,26780.52,22.0,6.178761,-75.609666,2026-08-13 02:58:09+00:00,2026-08-13 03:20:09+00:00,Carlos Martinez
5fd6e212-1c07-484c-b2bf-4be389ed2386,b2322744-c7c4-49f3-9caa-8df835be917b,Juan Gomez,Male,41,36-50,Chapinero,2026-08-13,Agosto,Jueves,False,entregado,app,moto_electrica,85680.73,19489.34,66191.39,21.0,6.261974,-75.553344,2026-08-13 03:14:03+00:00,2026-08-13 03:35:03+00:00,Andres Martinez
b26b8d40-dc23-42f6-8ecb-1ed15a2126e8,56eef3c1-26f4-4db0-ae36-a001ada2aa7a,Mateo Martinez,Male,45,36-50,Sur,2026-08-13,Agosto,Jueves,False,entregado,app,moto_electrica,52015.55,9940.47,42075.08,27.0,6.152026,-75.609139,2026-08-13 03:32:43+00:00,2026-08-13 03:59:43+00:00,Juan Gomez
67dab1f8-e818-451b-ac36-fa18ef1d0b4f,994850d2-c7f7-4ee7-8182-5507f4e2ad8d,Carlos Martinez,Female,54,50+,Centro,2026-08-13,Agosto,Jueves,False,en_camino,efectivo,moto_electrica,47288.74,7914.34,39374.40,,6.256384,-75.567448,2026-08-13 04:12:56+00:00,,Luis Lopez
b6509de9-5d6b-4b9a-997a-505cfe76ba3c,c0865051-d7c6-4a00-b5f5-c553e05e7b6f,Marta Rodriguez,Male,28,26-35,Sur,2026-08-13,Agosto,Jueves,False,entregado,app,bicicleta,69751.21,15930.13,53821.08,55.0,6.159555,-75.582538,2026-08-13 04:14:40+00:00,2026-08-13 05:09:40+00:00,Andres Gomez
b0de2657-9c23-4513-80fa-68730694fcbd,651347e4-debe-4831-bdda-7ce4e7067076,Laura Lopez,Female,35,26-35,Chapinero,2026-08-13,Agosto,Jueves,False,entregado,app,moto_electrica,55936.81,11284.10,44652.71,31.0,6.265523,-75.543647,2026-08-13 04:46:51+00:00,2026-08-13 05:17:51+00:00,Marta Lopez
98aa6c08-5c07-4d7e-9b2e-8b0e4d8e7c56,f2dfaa5a-f205-4345-92ca-af0a6f5a2de7,Marta Lopez,Male,77,50+,Centro,2026-08-13,Agosto,Jueves,False,entregado,tarjeta,moto_electrica,39451.81,9036.78,30415.03,33.0,6.245085,-75.550459,2026-08-13 04:51:21+00:00,2026-08-13 05:24:21+00:00,Juan Gomez
aa41bbc1-3379-4101-8954-2ff123aa16ab,07710594-2e0c-40d8-9ddb-2a4227d3d41a,Pedro Gomez,Male,48,36-50,Sur,2026-08-13,Agosto,Jueves,False,en_camino,tarjeta,bicicleta,23894.80,5872.12,18022.68,,6.167572,-75.600493,2026-08-13 06:06:23+00:00,,Luis Perez
f5b934b0-2f17-4efb-9d0e-7a68febf669b,3b9ed80e-3c01-457b-bd6e-f8878424b937,Juan Gonzalez,Male,81,50+,Norte,2026-08-13,Agosto,Jueves,False,entregado,app,moto_electrica,17169.59,3161.08,14008.51,47.0,6.292407,-75.560053,2026-08-13 07:05:53+00:00,2026-08-13 07:52:53+00:00,Marta Perez
e16f46bc-5530-4c0d-b7cd-620bbe22e066,fa03a4c0-a33c-47a6-aa10-616ec3e63346,Maria Perez,Male,68,50+,Chapinero,2026-08-13,Agosto,Jueves,False,en_camino,app,bicicleta,61118.15,14552.23,46565.92,,6.264460,-75.544215,2026-08-13 07:24:18+00:00,,Andres Gomez
61114b3c-6525-4dac-a925-6e80c71c460c,54233927-6db7-4079-8943-602740d70b79,Laura Lopez,Male,32,26-35,Occidente,2026-08-13,Agosto,Jueves,False,en_camino,app,bicicleta,32124.97,5989.81,26135.16,,6.246148,-75.592166,2026-08-13 07:36:13+00:00,,Luis Garcia
90ea4286-dc4c-4299-8d2d-5a8baaf04d88,a76b46d5-3d05-4c09-9857-29ce77b7ebf6,Laura Martinez,Male,65,50+,Occidente,2026-08-13,Agosto,Jueves,False,cancelado,efectivo,moto_electrica,47702.01,10099.38,37602.63,,6.269268,-75.604864,2026-08-13 09:10:05+00:00,,
c8dada6d-0572-4447-9ef1-fd78b5547f73,214122ff-3ed0-4ee7-b22f-e1e1b8f04e7e,Diego Rodriguez,Male,26,26-35,Centro,2026-08-13,Agosto,Jueves,False,entregado,efectivo,bicicleta,64489.23,9823.73,54665.50,41.0,6.259161,-75.554847,2026-08-13 09:18:48+00:00,2026-08-13 09:59:48+00:00,Mateo Martinez
5d97a66f-e655-4f55-a540-9eee2bb9d9d2,b08e0f7c-3078-41b9-8e89-00b4e8e31b8d,Jorge Gonzalez,Female,44,36-50,Chapinero,2026-08-13,Agosto,Jueves,False,entregado,tarjeta,bicicleta,61033.10,13365.97,47667.13,56.0,6.263749,-75.547928,2026-08-13 10:20:24+00:00,2026-08-13 11:16:24+00:00,Luis Garcia
a70f9d0b-ddff-46f4-998b-af416cde2021,9b48ed18-2e2c-49c0-8caf-85c1d0fd941e,Andres Martinez,Male,81,50+,Centro,2026-08-13,Agosto,Jueves,False,en_camino,tarjeta,bicicleta,27632.27,5156.99,22475.28,,6.249940,-75.551543,2026-08-13 11:47:21+00:00,,Luis Perez
7cc2a001-0c72-4505-9fe2-28e83de4cdae,e3d7ed4c-b628-4a8e-a070-6cb9dcb5d8d0,Mateo Gomez,Male,30,26-35,Norte,2026-08-13,Agosto,Jueves,False,cancelado,app,bicicleta,28053.20,5183.16,22870.04,,6.289770,-75.568682,2026-08-13 12:16:36+00:00,,
3211cc9b-6bac-4bf6-8c05-aa583d1bd24d,214122ff-3ed0-4ee7-b22f-e1e1b8f04e7e,Diego Rodriguez,Male,26,26-35,Norte,2026-08-13,Agosto,Jueves,False,entregado,app,moto_electrica,37833.51,8382.35,29451.16,49.0,6.295287,-75.568693,2026-08-13 12:17:13+00:00,2026-08-13 13:06:13+00:00,Juan Gomez
a3881538-d491-41b9-adc9-6c7b06fdc22e,3846dadb-18c0-49fe-9be8-725b48a79373,Sofia Garcia,Male,67,50+,Centro,2026-08-13,Agosto,Jueves,False,entregado,efectivo,bicicleta,52909.89,9167.72,43742.17,45.0,6.255002,-75.550722,2026-08-13 14:07:35+00:00,2026-08-13 14:52:35+00:00,Diego Lopez
6da8b795-6aca-4389-bfb4-9245bde77310,85376b3d-bf0a-462c-9812-374620e92e59,Jorge Garcia,Female,72,50+,Sur,2026-08-13,Agosto,Jueves,False,entregado,app,moto_electrica,88832.78,14985.03,73847.75,30.0,6.158284,-75.592094,2026-08-13 14:32:59+00:00,2026-08-13 15:02:59+00:00,Luis Lopez
eca241ae-2657-45c4-ab72-c515dab0ca1b,4602c60c-7f6c-49b6-a894-2f964ce24e73,Mateo Rodriguez,Female,35,26-35,Chapinero,2026-08-13,Agosto,Jueves,False,entregado,app,moto_electrica,91523.34,21098.84,70424.50,25.0,6.265934,-75.544610,2026-08-13 14:36:11+00:00,2026-08-13 15:01:11+00:00,Andres Lopez
e191e477-3423-4baa-bc33-eb8cc79f5827,66379f01-baf4-4625-af97-5671a7553d51,Marta Rodriguez,Female,33,26-35,Norte,2026-08-13,Agosto,Jueves,False,cancelado,tarjeta,bicicleta,80506.03,17801.61,62704.42,,6.276216,-75.579261,2026-08-13 14:36:13+00:00,,
c0277f03-5389-47d6-82d2-1b35fed477e8,f00e2d66-a77b-4a5b-a16d-97ff62ba0fd3,Juan Gomez,Female,35,26-35,Norte,2026-08-13,Agosto,Jueves,False,entregado,efectivo,moto_electrica,75020.36,15527.13,59493.23,33.0,6.270084,-75.559546,2026-08-13 16:29:39+00:00,2026-08-13 17:02:39+00:00,Jorge Lopez
b86c9d28-7cb1-449c-b9cb-27a8ceb97e71,4602c60c-7f6c-49b6-a894-2f964ce24e73,Mateo Rodriguez,Female,35,26-35,Centro,2026-08-13,Agosto,Jueves,False,entregado,efectivo,bicicleta,20431.93,3799.11,16632.82,39.0,6.248073,-75.554816,2026-08-13 16:35:37+00:00,2026-08-13 17:14:37+00:00,Jorge Martinez
87164a56-ef96-482c-ad57-34824a225cd5,31403c6d-6d71-4dae-a092-3e351f46b23d,Juan Rodriguez,Male,26,26-35,Occidente,2026-08-13,Agosto,Jueves,False,cancelado,efectivo,moto_electrica,86651.56,17454.51,69197.05,,6.258608,-75.617017,2026-08-13 17:17:48+00:00,,
4c5c8414-423d-4c0a-a042-1ab4c4004a68,51890d3e-a96b-4fa2-9f0e-7f00344b0997,Sofia Lopez,Male,25,18-25,Occidente,2026-08-13,Agosto,Jueves,False,entregado,efectivo,moto_electrica,93214.68,17439.08,75775.60,25.0,6.271294,-75.617812,2026-08-13 19:17:37+00:00,2026-08-13 19:42:37+00:00,Ana Martinez
f3b9336f-7bb7-4c93-9692-b8cfed655a88,2f140e7e-0b9b-4cce-b801-9e5693a57e67,Jorge Gonzalez,Female,74,50+,Occidente,2026-08-13,Agosto,Jueves,False,entregado,efectivo,moto_electrica,21073.08,3215.98,17857.10,27.0,6.236293,-75.613230,2026-08-13 20:13:09+00:00,2026-08-13 20:40:09+00:00,Marta Lopez
5bda205b-9261-42f1-8474-0debec592457,c2117215-2808-47fd-8fc9-330bdba5c03a,Laura Martinez,Female,61,50+,Chapinero,2026-08-13,Agosto,Jueves,False,entregado,efectivo,moto_electrica,30462.72,5232.72,25230.00,40.0,6.261051,-75.547976,2026-08-13 21:19:52+00:00,2026-08-13 21:59:52+00:00,Diego Lopez
b50d63d2-85c8-4fd2-b7cc-a1b24238f925,532946ef-c978-4995-b94c-d3c989755106,Ana Gonzalez,Female,57,50+,Norte,2026-08-13,Agosto,Jueves,False,entregado,app,moto_electrica,58937.11,11051.05,47886.06,47.0,6.270905,-75.551140,2026-08-13 22:23:34+00:00,2026-08-13 23:10:34+00:00,Lucia Gomez
6b695787-4d8a-4354-9d1c-ab1a4e06403c,3846dadb-18c0-49fe-9be8-725b48a79373,Sofia Garcia,Male,67,50+,Centro,2026-08-13,Agosto,Jueves,False,entregado,app,moto_electrica,27332.06,5250.40,22081.66,20189.0,6.252483,-75.561378,2026-08-13 22:41:26+00:00,2026-08-27 23:10:36.331452+00:00,Andres Gomez
e643f3ab-f79b-428c-8eff-8395454c1410,3b9ed80e-3c01-457b-bd6e-f8878424b937,Juan Gonzalez,Male,81,50+,Occidente,2026-08-13,Agosto,Jueves,False,en_camino,efectivo,bicicleta,25693.97,4517.17,21176.80,,6.279304,-75.613357,2026-08-13 22:59:58+00:00,,Marta Perez
7e058de0-2055-4f33-afbc-e748dcbcb5c4,936e2d19-1a08-4f47-80a6-3332265a04f3,Luis Martinez,Male,48,36-50,Chapinero,2026-08-13,Agosto,Jueves,False,entregado,efectivo,moto_electrica,32257.46,8005.40,24252.06,44.0,6.268963,-75.559475,2026-08-13 23:51:49+00:00,2026-08-14 00:35:49+00:00,Jorge Gomez
756da60e-3fac-4905-8099-ebd04ffbb4c0,d71fd6be-c4b7-4470-ac26-7d00a9f047c9,Mateo Martinez,Female,63,50+,Chapinero,2026-08-14,Agosto,Viernes,False,entregado,app,moto_electrica,29223.74,6277.19,22946.55,22.0,6.260198,-75.543222,2026-08-14 02:25:48+00:00,2026-08-14 02:47:48+00:00,Jorge Gonzalez
7f0d7b54-8d24-4f1a-90f9-c9adcd3829d5,c5392279-bee4-46f6-9a0a-50b84b29381b,Juan Garcia,Male,76,50+,Chapinero,2026-08-14,Agosto,Viernes,False,entregado,efectivo,moto_electrica,41705.82,9043.75,32662.07,32.0,6.269711,-75.541264,2026-08-14 02:59:59+00:00,2026-08-14 03:31:59+00:00,Marta Lopez
b63b5d89-002d-4728-b6be-0d8e3557bca5,b2322744-c7c4-49f3-9caa-8df835be917b,Juan Gomez,Male,41,36-50,Chapinero,2026-08-14,Agosto,Viernes,False,en_camino,efectivo,moto_electrica,50589.64,10219.12,40370.52,,6.264364,-75.558584,2026-08-14 03:05:36+00:00,,Andres Lopez
6e4ff5db-3333-402b-beb2-235ac8612401,0cecba19-546d-45bc-a482-e679d7148b85,Valentina Rodriguez,Female,73,50+,Norte,2026-08-14,Agosto,Viernes,False,entregado,tarjeta,bicicleta,29106.76,5324.00,23782.76,57.0,6.277922,-75.566059,2026-08-14 04:46:25+00:00,2026-08-14 05:43:25+00:00,Marta Rodriguez
8eaffcf7-8595-479b-b64b-9bd0717c5092,85d139a7-7a45-49aa-9638-dcd1f5d1c539,Valentina Gomez,Female,47,36-50,Chapinero,2026-08-14,Agosto,Viernes,False,entregado,efectivo,moto_electrica,64647.38,12731.73,51915.65,41.0,6.260729,-75.540041,2026-08-14 05:12:56+00:00,2026-08-14 05:53:56+00:00,Juan Gomez
0a4c761a-2a97-4403-9d0e-7017e023c561,0604c774-2d96-40ec-b987-51c090ef688c,Lucia Garcia,Female,78,50+,Centro,2026-08-14,Agosto,Viernes,False,entregado,efectivo,moto_electrica,16998.68,3605.06,13393.62,29.0,6.256533,-75.551914,2026-08-14 06:40:50+00:00,2026-08-14 07:09:50+00:00,Jorge Lopez
34d931c7-3347-4e63-8e3a-e57423152ca7,a07da55a-88bb-45a6-9d6f-bfdacccc0991,Marta Martinez,Male,72,50+,Chapinero,2026-08-14,Agosto,Viernes,False,entregado,app,bicicleta,31221.60,6626.10,24595.50,46.0,6.265820,-75.542832,2026-08-14 08:29:44+00:00,2026-08-14 09:15:44+00:00,Jorge Martinez
7807adaa-7104-4f14-93d3-bac8c21cfb18,a07da55a-88bb-45a6-9d6f-bfdacccc0991,Marta Martinez,Male,72,50+,Norte,2026-08-14,Agosto,Viernes,False,entregado,tarjeta,bicicleta,87650.06,19994.90,67655.16,46.0,6.291954,-75.559176,2026-08-14 08:46:19+00:00,2026-08-14 09:32:19+00:00,Valentina Lopez
4f91b359-3f6b-4d7b-8040-9b8fc184312d,0cecba19-546d-45bc-a482-e679d7148b85,Valentina Rodriguez,Female,73,50+,Norte,2026-08-14,Agosto,Viernes,False,entregado,tarjeta,moto_electrica,72442.61,12116.65,60325.96,39.0,6.297729,-75.571326,2026-08-14 10:10:46+00:00,2026-08-14 10:49:46+00:00,Andres Martinez
b860f384-fc33-4c66-8b06-4a81e1a3660a,6c7dcc33-6f64-4bae-a30c-600099b54f33,Camila Martinez,Female,46,36-50,Sur,2026-08-14,Agosto,Viernes,False,entregado,app,moto_electrica,30698.63,7235.94,23462.69,36.0,6.150996,-75.609055,2026-08-14 10:12:16+00:00,2026-08-14 10:48:16+00:00,Andres Martinez
6de21a65-18c0-48e5-ad1f-922a1bb1f8ef,28146250-cf6a-4026-b1f9-b6628c2d8c60,Lucia Lopez,Female,59,50+,Norte,2026-08-14,Agosto,Viernes,False,cancelado,tarjeta,moto_electrica,18823.50,3648.46,15175.04,,6.286845,-75.552000,2026-08-14 12:51:56+00:00,,
bcc64666-78c5-4714-88d3-d06c58711eee,f00e2d66-a77b-4a5b-a16d-97ff62ba0fd3,Juan Gomez,Female,35,26-35,Centro,2026-08-14,Agosto,Viernes,False,cancelado,app,moto_electrica,41787.52,10057.89,31729.63,,6.251532,-75.551706,2026-08-14 12:57:33+00:00,,
1abf8b94-1117-4348-b338-5253ee77c9e2,e933ff4c-ee9c-4811-81b0-36ecf8c6f87a,Luis Martinez,Female,75,50+,Centro,2026-08-14,Agosto,Viernes,False,en_camino,app,moto_electrica,17612.29,4074.58,13537.71,,6.251038,-75.555940,2026-08-14 13:12:24+00:00,,Carlos Martinez
4a7e30c2-5d45-41fd-a29c-0759d67d67c4,64435586-3152-4620-8118-8c603a6994f4,Laura Lopez,Female,80,50+,Chapinero,2026-08-14,Agosto,Viernes,False,entregado,efectivo,bicicleta,17976.09,2788.94,15187.15,40.0,6.261230,-75.540427,2026-08-14 13:15:23+00:00,2026-08-14 13:55:23+00:00,Marta Lopez
3c0dc173-b6da-466e-a8d9-35d9352ac930,e933ff4c-ee9c-4811-81b0-36ecf8c6f87a,Luis Martinez,Female,75,50+,Occidente,2026-08-14,Agosto,Viernes,False,entregado,tarjeta,bicicleta,51723.04,9066.62,42656.42,19271.0,6.277417,-75.608299,2026-08-14 13:38:26+00:00,2026-08-27 22:48:57.341843+00:00,Laura Gonzalez
7b17bb66-dc85-4d2f-8bff-4efc8291bb50,f742a46d-f918-41e0-be90-30f40dc4d68f,Luis Martinez,Female,70,50+,Sur,2026-08-14,Agosto,Viernes,False,entregado,efectivo,moto_electrica,39510.54,8030.27,31480.27,25.0,6.158959,-75.602849,2026-08-14 13:55:19+00:00,2026-08-14 14:20:19+00:00,Marta Lopez
8f8bebf1-f3b6-4f8b-874e-515c34fb64f6,124884e3-8948-4e50-af07-f6c130335c60,Maria Perez,Female,80,50+,Norte,2026-08-14,Agosto,Viernes,False,entregado,efectivo,bicicleta,47173.14,7670.49,39502.65,53.0,6.279325,-75.573574,2026-08-14 14:18:41+00:00,2026-08-14 15:11:41+00:00,Mateo Martinez
83237768-c403-41a0-b479-d474ee68e7a0,5a53097d-77e6-43e0-970b-3e537f059cf8,Diego Lopez,Male,35,26-35,Occidente,2026-08-14,Agosto,Viernes,False,entregado,app,moto_electrica,33736.23,7008.48,26727.75,24.0,6.250528,-75.592662,2026-08-14 14:34:29+00:00,2026-08-14 14:58:29+00:00,Diego Rodriguez
5c20643a-c51c-4f43-be90-b2d9886a8a71,065ed21a-e960-49f7-928c-facf2bab622a,Marta Perez,Female,37,36-50,Occidente,2026-08-14,Agosto,Viernes,False,entregado,tarjeta,moto_electrica,28915.45,4790.22,24125.23,41.0,6.259003,-75.615534,2026-08-14 16:21:04+00:00,2026-08-14 17:02:04+00:00,Jorge Martinez
57c8cc3e-981c-4903-83a9-0df3ec31c7d8,06e97137-7dac-45fd-8c25-3d5ffc2931e2,Valentina Martinez,Female,53,50+,Chapinero,2026-08-14,Agosto,Viernes,False,en_camino,app,bicicleta,56384.24,11217.90,45166.34,,6.260389,-75.547701,2026-08-14 18:25:54+00:00,,Jorge Gomez
87dff595-5a0b-4de6-8b9d-752d8574f1d7,641ead09-0b8f-4038-8289-ef1f96225b9d,Maria Lopez,Female,63,50+,Chapinero,2026-08-14,Agosto,Viernes,False,entregado,tarjeta,bicicleta,21118.78,5082.69,16036.09,36.0,6.260674,-75.550706,2026-08-14 18:50:57+00:00,2026-08-14 19:26:57+00:00,Andres Gomez
07901e28-b54f-47c6-a63e-9b8cdefad2ed,31403c6d-6d71-4dae-a092-3e351f46b23d,Juan Rodriguez,Male,26,26-35,Norte,2026-08-14,Agosto,Viernes,False,entregado,app,moto_electrica,75420.10,15773.21,59646.89,33.0,6.284855,-75.558930,2026-08-14 19:44:35+00:00,2026-08-14 20:17:35+00:00,Andres Martinez
2972c439-b386-4b36-ae8f-26c1436e2db6,7d75a9ec-1aa7-433b-920a-65483447d468,Pedro Gomez,Female,78,50+,Centro,2026-08-14,Agosto,Viernes,False,entregado,efectivo,moto_electrica,15123.91,3720.09,11403.82,37.0,6.259292,-75.561985,2026-08-14 20:39:57+00:00,2026-08-14 21:16:57+00:00,Jorge Gonzalez
50f19011-3032-49f1-8363-29fe5904a4d4,9b48ed18-2e2c-49c0-8caf-85c1d0fd941e,Andres Martinez,Male,81,50+,Occidente,2026-08-14,Agosto,Viernes,False,entregado,app,moto_electrica,33036.81,7991.34,25045.47,38.0,6.265531,-75.596660,2026-08-14 21:01:33+00:00,2026-08-14 21:39:33+00:00,Juan Gomez
52118152-aae7-46b4-9596-63d74e56b9ca,b2322744-c7c4-49f3-9caa-8df835be917b,Juan Gomez,Male,41,36-50,Norte,2026-08-14,Agosto,Viernes,False,entregado,app,bicicleta,82138.47,13314.24,68824.23,57.0,6.293487,-75.557771,2026-08-14 21:52:33+00:00,2026-08-14 22:49:33+00:00,Luis Garcia
f08be597-8c4b-464e-87eb-3309a6c03c34,d75d2cf4-7250-4620-8774-e082750cafca,Diego Gomez,Female,81,50+,Chapinero,2026-08-14,Agosto,Viernes,False,entregado,tarjeta,bicicleta,45497.25,11373.94,34123.31,45.0,6.262321,-75.547253,2026-08-14 22:00:54+00:00,2026-08-14 22:45:54+00:00,Andres Gomez
bf12b2c4-bec7-4003-9929-b185e1a4d2f2,651347e4-debe-4831-bdda-7ce4e7067076,Laura Lopez,Female,35,26-35,Sur,2026-08-14,Agosto,Viernes,False,entregado,efectivo,bicicleta,36182.89,7677.84,28505.05,43.0,6.167629,-75.604333,2026-08-14 22:14:58+00:00,2026-08-14 22:57:58+00:00,Diego Rodriguez
140ca85b-e98d-473b-aa81-00eaed20eaa0,64435586-3152-4620-8118-8c603a6994f4,Laura Lopez,Female,80,50+,Sur,2026-08-14,Agosto,Viernes,False,entregado,tarjeta,bicicleta,25247.79,5584.58,19663.21,48.0,6.170388,-75.602377,2026-08-14 22:31:37+00:00,2026-08-14 23:19:37+00:00,Lucia Lopez
3dad11bc-85d4-4ce3-bb98-ec0c45e12d21,34580dd8-9397-4dc9-bc4e-757392d1c5fb,Lucia Gomez,Female,64,50+,Chapinero,2026-08-14,Agosto,Viernes,False,entregado,efectivo,bicicleta,44139.88,6820.84,37319.04,37.0,6.260964,-75.552767,2026-08-14 23:25:38+00:00,2026-08-15 00:02:38+00:00,Valentina Garcia
59798b8e-f9be-4239-a4db-2851040a15de,7b93bed4-ad49-4ae0-b9c6-73325f042816,Diego Rodriguez,Female,68,50+,Occidente,2026-08-14,Agosto,Viernes,False,entregado,app,moto_electrica,85172.82,20703.14,64469.68,41.0,6.264816,-75.617399,2026-08-14 23:50:37+00:00,2026-08-15 00:31:37+00:00,Luis Perez
4921e7e6-9465-41c0-9e9c-2bdc5c5ec819,31403c6d-6d71-4dae-a092-3e351f46b23d,Juan Rodriguez,Male,26,26-35,Norte,2026-08-14,Agosto,Viernes,False,entregado,tarjeta,moto_electrica,24699.96,4576.49,20123.47,58.0,6.295751,-75.565896,2026-08-14 23:54:29+00:00,2026-08-15 00:52:29+00:00,Diego Lopez
e57e31f9-b2d0-43d2-a7ea-1cabf89843eb,64402c49-ecbf-46cc-87ae-13215db14f7d,Valentina Gomez,Male,53,50+,Centro,2026-08-15,Agosto,Sábado,True,entregado,app,moto_electrica,43593.52,8529.19,35064.33,29.0,6.258064,-75.567889,2026-08-15 00:25:58+00:00,2026-08-15 00:54:58+00:00,Luis Garcia
7466faab-0b22-4d63-9090-091731608da3,641ead09-0b8f-4038-8289-ef1f96225b9d,Maria Lopez,Female,63,50+,Occidente,2026-08-15,Agosto,Sábado,True,cancelado,app,bicicleta,87621.40,13767.82,73853.58,,6.277280,-75.592438,2026-08-15 01:28:25+00:00,,
b18ce37f-e60a-44a7-ae1b-a66232b84d03,bce090af-1112-4cbd-bbaa-873467f9a4fd,Sofia Martinez,Male,52,50+,Sur,2026-08-15,Agosto,Sábado,True,entregado,app,bicicleta,66191.41,15488.94,50702.47,49.0,6.167128,-75.596785,2026-08-15 01:56:51+00:00,2026-08-15 02:45:51+00:00,Marta Lopez
03ff2836-189d-4be2-932b-7fb5ec1f147e,245581e8-7f2e-4595-bf4c-7d7b225aaca3,Jorge Perez,Female,44,36-50,Norte,2026-08-15,Agosto,Sábado,True,entregado,efectivo,bicicleta,55233.59,10188.43,45045.16,66.0,6.281238,-75.560688,2026-08-15 02:30:48+00:00,2026-08-15 03:36:48+00:00,Laura Perez
e284a512-947d-47b5-8d59-bfa3fde70ce3,05f438aa-91cf-4c97-b79d-dca22be98b69,Marta Rodriguez,Female,72,50+,Occidente,2026-08-15,Agosto,Sábado,True,entregado,efectivo,moto_electrica,73111.17,12632.78,60478.39,31.0,6.275465,-75.592747,2026-08-15 02:54:50+00:00,2026-08-15 03:25:50+00:00,Luis Garcia
6e2585f4-99ac-40ac-a4bc-c273b73b0da2,9b929e05-3be7-47f5-8987-51f10d07938d,Marta Lopez,Female,52,50+,Norte,2026-08-15,Agosto,Sábado,True,entregado,efectivo,moto_electrica,64697.79,9833.51,54864.28,46.0,6.275616,-75.570595,2026-08-15 04:06:26+00:00,2026-08-15 04:52:26+00:00,Marta Rodriguez
0317d69d-95fe-46cf-81f1-dea9bea60ec8,85d139a7-7a45-49aa-9638-dcd1f5d1c539,Valentina Gomez,Female,47,36-50,Chapinero,2026-08-15,Agosto,Sábado,True,entregado,tarjeta,bicicleta,44242.80,6895.43,37347.37,53.0,6.262311,-75.543451,2026-08-15 05:34:35+00:00,2026-08-15 06:27:35+00:00,Lucia Gomez
123be8e4-26e6-45a0-92ac-319eb70c90b8,2493b729-731e-4c01-a114-f6dfc717faa7,Lucia Martinez,Male,66,50+,Centro,2026-08-15,Agosto,Sábado,True,entregado,app,bicicleta,68913.10,10423.24,58489.86,38.0,6.254921,-75.553715,2026-08-15 06:02:50+00:00,2026-08-15 06:40:50+00:00,Lucia Gomez
9350457a-7c5d-4983-a002-968e7d6255cb,fd944984-53a0-49d4-9474-ceb6fa280378,Marta Perez,Female,73,50+,Sur,2026-08-15,Agosto,Sábado,True,entregado,app,bicicleta,49959.98,12217.38,37742.60,45.0,6.176211,-75.605707,2026-08-15 06:04:15+00:00,2026-08-15 06:49:15+00:00,Marta Rodriguez
fdb963a6-8ca9-4a23-8a5b-fca8f1d9d174,7d75a9ec-1aa7-433b-920a-65483447d468,Pedro Gomez,Female,78,50+,Centro,2026-08-15,Agosto,Sábado,True,entregado,efectivo,moto_electrica,18440.58,3289.46,15151.12,22.0,6.258191,-75.560731,2026-08-15 06:09:59+00:00,2026-08-15 06:31:59+00:00,Ana Gonzalez
50df81ed-092c-4b64-9dfa-448774e659a0,a5fc4169-f965-493f-a8db-e44edb1d21a7,Luis Perez,Female,45,36-50,Centro,2026-08-15,Agosto,Sábado,True,entregado,tarjeta,bicicleta,70254.90,12583.99,57670.91,43.0,6.244324,-75.554542,2026-08-15 06:24:16+00:00,2026-08-15 07:07:16+00:00,Luis Lopez
76af5d41-ca6a-4137-835f-3e251b58331f,9b929e05-3be7-47f5-8987-51f10d07938d,Marta Lopez,Female,52,50+,Occidente,2026-08-15,Agosto,Sábado,True,entregado,tarjeta,bicicleta,57340.65,13657.68,43682.97,43.0,6.278043,-75.603879,2026-08-15 06:57:24+00:00,2026-08-15 07:40:24+00:00,Carlos Martinez
ed79e80a-78cf-46e2-999c-03d002ca37c0,a28985ff-49c5-4625-acee-adacb4e59154,Juan Gonzalez,Male,46,36-50,Chapinero,2026-08-15,Agosto,Sábado,True,entregado,efectivo,bicicleta,69810.28,16759.39,53050.89,44.0,6.264892,-75.556333,2026-08-15 07:38:38+00:00,2026-08-15 08:22:38+00:00,Mateo Martinez
ef6beec7-ba51-4dc7-8c7d-def22b2c1ae1,1bb9fc1b-4864-44ef-a2b3-5ea92d0e0afa,Laura Gonzalez,Female,77,50+,Chapinero,2026-08-15,Agosto,Sábado,True,cancelado,tarjeta,bicicleta,57681.18,11598.58,46082.60,,6.269634,-75.559038,2026-08-15 08:54:40+00:00,,
0f797e71-6079-4895-975a-ecb565f0d8f3,fde42dcc-b6cc-4f58-995d-e8c613f6c077,Mateo Garcia,Male,53,50+,Sur,2026-08-15,Agosto,Sábado,True,entregado,app,moto_electrica,45462.02,10953.20,34508.82,41.0,6.161453,-75.582570,2026-08-15 08:57:41+00:00,2026-08-15 09:38:41+00:00,Jorge Gomez
6eb6be31-5068-4884-b255-a3494a27d321,33d96349-be47-4ec3-a139-34ca61add917,Pedro Perez,Female,56,50+,Sur,2026-08-15,Agosto,Sábado,True,en_camino,efectivo,bicicleta,79465.35,12209.74,67255.61,,6.162490,-75.602734,2026-08-15 08:59:39+00:00,,Laura Perez
8df4df0f-b7b4-4874-baf1-83487b39a9fb,d2f47d32-9cdf-43f5-b42e-78288a36515c,Pedro Perez,Male,43,36-50,Centro,2026-08-15,Agosto,Sábado,True,entregado,efectivo,moto_electrica,59376.78,11722.64,47654.14,33.0,6.246503,-75.556707,2026-08-15 09:19:30+00:00,2026-08-15 09:52:30+00:00,Marta Rodriguez
a88aa8ca-38e1-4339-b070-75ccde5569c3,b280052f-e245-4d75-adc7-534e8adc988d,Juan Perez,Male,46,36-50,Sur,2026-08-15,Agosto,Sábado,True,cancelado,efectivo,bicicleta,78025.41,15837.94,62187.47,,6.174921,-75.600820,2026-08-15 09:35:24+00:00,,
7d757a8f-5717-4d3f-9dcd-7af7aa5e1a86,28146250-cf6a-4026-b1f9-b6628c2d8c60,Lucia Lopez,Female,59,50+,Centro,2026-08-15,Agosto,Sábado,True,cancelado,app,bicicleta,50573.71,8039.64,42534.07,,6.251740,-75.565108,2026-08-15 10:05:00+00:00,,
658220a4-9e0d-48f6-9fa1-d35c07aa52ee,3b9ed80e-3c01-457b-bd6e-f8878424b937,Juan Gonzalez,Male,81,50+,Occidente,2026-08-15,Agosto,Sábado,True,entregado,app,bicicleta,82302.19,20299.75,62002.44,30.0,6.267463,-75.604698,2026-08-15 10:25:43+00:00,2026-08-15 10:55:43+00:00,Jorge Gonzalez
e1f54c0a-b558-45a2-9787-5e9c6b999f9e,d75d2cf4-7250-4620-8774-e082750cafca,Diego Gomez,Female,81,50+,Centro,2026-08-15,Agosto,Sábado,True,entregado,app,moto_electrica,30836.14,5123.67,25712.47,29.0,6.248330,-75.554134,2026-08-15 11:03:37+00:00,2026-08-15 11:32:37+00:00,Jorge Gomez
a0b44193-c589-46b2-aa79-c9b8654e22db,937fe017-e232-4857-842b-9c2982b4c987,Sofia Gomez,Female,49,36-50,Chapinero,2026-08-15,Agosto,Sábado,True,cancelado,tarjeta,bicicleta,48928.95,9227.11,39701.84,,6.266227,-75.544108,2026-08-15 12:08:00+00:00,,
fa9b4930-7991-4579-af4c-4f24c62366dc,a4be7243-5dfa-45d2-818a-54607daa3daa,Ana Lopez,Female,59,50+,Occidente,2026-08-15,Agosto,Sábado,True,cancelado,tarjeta,moto_electrica,94623.03,17989.42,76633.61,,6.242356,-75.598171,2026-08-15 12:25:57+00:00,,Juan Gonzalez
979e8ad6-bb47-4dfd-a762-51b8be7f5dd7,0604c774-2d96-40ec-b987-51c090ef688c,Lucia Garcia,Female,78,50+,Sur,2026-08-15,Agosto,Sábado,True,entregado,efectivo,moto_electrica,55286.46,9792.98,45493.48,29.0,6.166642,-75.594671,2026-08-15 14:19:06+00:00,2026-08-15 14:48:06+00:00,Andres Gomez
d83bb893-18f9-4451-8b3a-125147d1d3de,ceb11d92-eaf4-49dc-b011-4eaca397869c,Jorge Lopez,Female,25,18-25,Chapinero,2026-08-15,Agosto,Sábado,True,entregado,tarjeta,bicicleta,82601.96,18229.66,64372.30,46.0,6.261325,-75.553500,2026-08-15 14:26:21+00:00,2026-08-15 15:12:21+00:00,Luis Perez
8a568b0d-c296-43cd-b54f-f2d35a84dc59,e3d7ed4c-b628-4a8e-a070-6cb9dcb5d8d0,Mateo Gomez,Male,30,26-35,Norte,2026-08-15,Agosto,Sábado,True,entregado,efectivo,bicicleta,43916.63,8092.06,35824.57,61.0,6.274450,-75.571652,2026-08-15 14:29:22+00:00,2026-08-15 15:30:22+00:00,Juan Gomez
41ee7c68-cf47-4334-b568-613b5e69378c,85376b3d-bf0a-462c-9812-374620e92e59,Jorge Garcia,Female,72,50+,Centro,2026-08-15,Agosto,Sábado,True,entregado,efectivo,moto_electrica,51443.23,9113.55,42329.68,29.0,6.253013,-75.552892,2026-08-15 15:06:23+00:00,2026-08-15 15:35:23+00:00,Andres Lopez
a92f7ed3-fd2b-4368-858c-8b53954bea7a,02800f46-ceb6-4272-9dd5-2c07d23ca12a,Jorge Lopez,Female,54,50+,Centro,2026-08-15,Agosto,Sábado,True,entregado,tarjeta,moto_electrica,33059.20,7196.80,25862.40,32.0,6.242987,-75.550521,2026-08-15 15:17:01+00:00,2026-08-15 15:49:01+00:00,Luis Garcia
65323f54-1f1f-4386-986b-792431b35f4e,4602c60c-7f6c-49b6-a894-2f964ce24e73,Mateo Rodriguez,Female,35,26-35,Centro,2026-08-15,Agosto,Sábado,True,entregado,app,bicicleta,27275.86,5947.90,21327.96,34.0,6.258977,-75.559462,2026-08-15 15:54:26+00:00,2026-08-15 16:28:26+00:00,Luis Garcia
abdf004e-c2ec-4221-b2b9-f3ada4d72831,d9b324e7-1d27-48a5-b73a-8850b01f1da7,Valentina Rodriguez,Female,35,26-35,Occidente,2026-08-15,Agosto,Sábado,True,entregado,efectivo,moto_electrica,57391.02,13005.20,44385.82,31.0,6.238337,-75.603153,2026-08-15 16:27:23+00:00,2026-08-15 16:58:23+00:00,Jorge Lopez
3a1bdb63-cef7-4047-8675-43321ae6c1f5,501d52ea-dd62-4c6b-b43e-eb3cd5fa2d37,Maria Rodriguez,Male,59,50+,Norte,2026-08-15,Agosto,Sábado,True,entregado,app,moto_electrica,17693.62,3377.60,14316.02,55.0,6.290905,-75.558408,2026-08-15 16:57:41+00:00,2026-08-15 17:52:41+00:00,Valentina Garcia
236684d4-9ddc-46b7-80b4-b5a6f8dc7022,bce090af-1112-4cbd-bbaa-873467f9a4fd,Sofia Martinez,Male,52,50+,Sur,2026-08-15,Agosto,Sábado,True,entregado,tarjeta,bicicleta,62079.03,13882.70,48196.33,37.0,6.159807,-75.595861,2026-08-15 17:01:23+00:00,2026-08-15 17:38:23+00:00,Luis Lopez
57e67c7f-9719-4e28-9657-7f15056f5807,1bb9fc1b-4864-44ef-a2b3-5ea92d0e0afa,Laura Gonzalez,Female,77,50+,Occidente,2026-08-15,Agosto,Sábado,True,entregado,app,moto_electrica,62195.00,13803.62,48391.38,36.0,6.277405,-75.619012,2026-08-15 17:23:00+00:00,2026-08-15 17:59:00+00:00,Marta Perez
975cc829-40dd-4c73-b002-d33fb85f5245,7b93bed4-ad49-4ae0-b9c6-73325f042816,Diego Rodriguez,Female,68,50+,Sur,2026-08-15,Agosto,Sábado,True,entregado,tarjeta,moto_electrica,84395.45,18209.77,66185.68,26.0,6.154796,-75.609767,2026-08-15 17:31:55+00:00,2026-08-15 17:57:55+00:00,Juan Gomez
95d10da4-379c-4168-94de-3db7e9c8bb11,0cecba19-546d-45bc-a482-e679d7148b85,Valentina Rodriguez,Female,73,50+,Chapinero,2026-08-15,Agosto,Sábado,True,entregado,tarjeta,moto_electrica,33625.58,5995.02,27630.56,29.0,6.260494,-75.551509,2026-08-15 17:47:29+00:00,2026-08-15 18:16:29+00:00,Diego Rodriguez
1b709d11-d786-4bbc-84a3-f8313354e2fc,33d96349-be47-4ec3-a139-34ca61add917,Pedro Perez,Female,56,50+,Chapinero,2026-08-15,Agosto,Sábado,True,en_camino,tarjeta,moto_electrica,63917.69,10095.12,53822.57,,6.260681,-75.555603,2026-08-15 17:55:29+00:00,,Andres Lopez
c86f90c8-536a-4547-b7b1-e73d2566b622,937fe017-e232-4857-842b-9c2982b4c987,Sofia Gomez,Female,49,36-50,Occidente,2026-08-15,Agosto,Sábado,True,entregado,efectivo,bicicleta,37000.73,7320.97,29679.76,55.0,6.265905,-75.596550,2026-08-15 18:40:36+00:00,2026-08-15 19:35:36+00:00,Marta Perez
203b24ac-1223-4034-b715-43cf6a24022b,2db7afb4-3544-4567-8108-5861c213f9ed,Juan Garcia,Female,31,26-35,Norte,2026-08-15,Agosto,Sábado,True,entregado,tarjeta,moto_electrica,84161.51,15682.18,68479.33,53.0,6.295739,-75.557503,2026-08-15 21:57:55+00:00,2026-08-15 22:50:55+00:00,Marta Lopez
5c4092ef-7946-48eb-bfea-09bd15329e2e,936e2d19-1a08-4f47-80a6-3332265a04f3,Luis Martinez,Male,48,36-50,Centro,2026-08-15,Agosto,Sábado,True,en_camino,efectivo,bicicleta,83667.46,17356.14,66311.32,,6.253920,-75.555500,2026-08-15 22:35:58+00:00,,Andres Martinez
5fc4301e-a91d-4024-8dd0-ef78ca4a5b4e,e45b976f-47d1-4c49-8f29-db5ab7739caa,Ana Perez,Male,38,36-50,Occidente,2026-08-15,Agosto,Sábado,True,cancelado,app,moto_electrica,77524.71,13104.41,64420.30,,6.242880,-75.615498,2026-08-15 23:08:01+00:00,,Valentina Garcia
e25e80ec-793b-4802-8234-284e1831a112,7fcd166e-cba3-4232-91a1-41d51f495d35,Lucia Martinez,Male,60,50+,Chapinero,2026-08-16,Agosto,Domingo,True,entregado,tarjeta,bicicleta,32982.86,5063.26,27919.60,49.0,6.261896,-75.551359,2026-08-16 00:10:56+00:00,2026-08-16 00:59:56+00:00,Laura Perez
32aa8654-8899-4054-a310-4eb9974e5c16,01137935-0af8-4f24-8ee9-07632cb39eee,Sofia Gonzalez,Female,36,36-50,Norte,2026-08-16,Agosto,Domingo,True,en_camino,efectivo,bicicleta,88989.26,16803.77,72185.49,,6.274004,-75.560277,2026-08-16 00:25:28+00:00,,Andres Gomez
154eb181-87e0-4d90-92de-9f9e3294e447,fa03a4c0-a33c-47a6-aa10-616ec3e63346,Maria Perez,Male,68,50+,Norte,2026-08-16,Agosto,Domingo,True,entregado,efectivo,moto_electrica,20298.27,3509.96,16788.31,42.0,6.272956,-75.560398,2026-08-16 01:45:32+00:00,2026-08-16 02:27:32+00:00,Jorge Gomez
4efbfd82-78cb-4485-881b-eb43fd4684a9,f48478ff-e816-452a-913c-41d06df567f2,Ana Garcia,Female,36,36-50,Occidente,2026-08-16,Agosto,Domingo,True,entregado,efectivo,moto_electrica,48540.93,9266.74,39274.19,36.0,6.269476,-75.592386,2026-08-16 01:49:46+00:00,2026-08-16 02:25:46+00:00,Ana Martinez
78e95528-0e6d-4e2e-b96a-18a6cbfd38c1,f5dd7f93-442b-4f9f-b4d8-50c8af7475e5,Mateo Gonzalez,Female,26,26-35,Centro,2026-08-16,Agosto,Domingo,True,entregado,tarjeta,moto_electrica,53659.86,12295.96,41363.90,38.0,6.247990,-75.555465,2026-08-16 01:55:30+00:00,2026-08-16 02:33:30+00:00,Jorge Lopez
4558b248-69e3-40f3-a1f3-f45687174a59,c868f96d-ea66-42c6-ab2c-c8e836b35c37,Sofia Garcia,Male,80,50+,Chapinero,2026-08-16,Agosto,Domingo,True,entregado,app,bicicleta,34517.34,8488.48,26028.86,34.0,6.267434,-75.543101,2026-08-16 01:57:00+00:00,2026-08-16 02:31:00+00:00,Jorge Lopez
9409726d-f037-4913-b5f2-0d7a9e08c40e,7fcd166e-cba3-4232-91a1-41d51f495d35,Lucia Martinez,Male,60,50+,Norte,2026-08-16,Agosto,Domingo,True,entregado,efectivo,bicicleta,15107.76,3640.11,11467.65,61.0,6.283294,-75.555386,2026-08-16 01:59:37+00:00,2026-08-16 03:00:37+00:00,Jorge Gomez
47d9ea1b-1172-427e-97ff-7ee64a2bebe8,f48478ff-e816-452a-913c-41d06df567f2,Ana Garcia,Female,36,36-50,Occidente,2026-08-16,Agosto,Domingo,True,entregado,tarjeta,moto_electrica,76652.68,15099.40,61553.28,38.0,6.242578,-75.616480,2026-08-16 02:07:01+00:00,2026-08-16 02:45:01+00:00,Luis Garcia
d65946a6-90de-452e-acc8-508c2ffe372d,5a53097d-77e6-43e0-970b-3e537f059cf8,Diego Lopez,Male,35,26-35,Occidente,2026-08-16,Agosto,Domingo,True,entregado,efectivo,bicicleta,92264.80,19277.19,72987.61,43.0,6.254904,-75.593972,2026-08-16 02:12:56+00:00,2026-08-16 02:55:56+00:00,Carlos Martinez
a0ae844c-8456-42c6-a847-498ae70b4ff2,2bcc12cb-5d87-4176-a287-3a2aee9351e5,Luis Rodriguez,Female,50,36-50,Norte,2026-08-16,Agosto,Domingo,True,entregado,efectivo,bicicleta,65792.72,14133.20,51659.52,56.0,6.293494,-75.552646,2026-08-16 02:16:58+00:00,2026-08-16 03:12:58+00:00,Andres Martinez
293bca46-4a69-4f76-8597-b987d1bb6940,c6b06ff5-5bd5-4cf6-9ab7-14b19aae54c6,Camila Gonzalez,Male,59,50+,Centro,2026-08-16,Agosto,Domingo,True,en_camino,efectivo,bicicleta,25151.63,5647.72,19503.91,,6.245357,-75.568197,2026-08-16 03:21:39+00:00,,Andres Lopez
445688ef-f363-46b1-876f-a117506053f2,05f438aa-91cf-4c97-b79d-dca22be98b69,Marta Rodriguez,Female,72,50+,Chapinero,2026-08-16,Agosto,Domingo,True,entregado,efectivo,moto_electrica,25218.59,4708.72,20509.87,36.0,6.267638,-75.547287,2026-08-16 03:35:02+00:00,2026-08-16 04:11:02+00:00,Andres Gomez
fdc36a33-933f-47c4-9503-ac3bfb390cc2,ceb11d92-eaf4-49dc-b011-4eaca397869c,Jorge Lopez,Female,25,18-25,Occidente,2026-08-16,Agosto,Domingo,True,en_camino,tarjeta,moto_electrica,28936.60,5511.16,23425.44,,6.273069,-75.605543,2026-08-16 03:43:01+00:00,,Maria Martinez
0d03e8ca-94f8-4d1a-901f-45d2d5568ff0,64435586-3152-4620-8118-8c603a6994f4,Laura Lopez,Female,80,50+,Sur,2026-08-16,Agosto,Domingo,True,en_camino,app,moto_electrica,37197.38,6432.09,30765.29,,6.179412,-75.606478,2026-08-16 03:48:25+00:00,,Andres Martinez
8d721ca9-6ab1-42f8-ba51-4f72255b5fcb,ec199edf-cdc2-4925-8ff2-1f0f224fc41a,Valentina Lopez,Male,48,36-50,Chapinero,2026-08-16,Agosto,Domingo,True,cancelado,tarjeta,moto_electrica,18813.49,4636.81,14176.68,,6.268583,-75.549986,2026-08-16 04:03:05+00:00,,Laura Perez
6de76ba5-76bb-407d-b376-5db3755a4541,641ead09-0b8f-4038-8289-ef1f96225b9d,Maria Lopez,Female,63,50+,Sur,2026-08-16,Agosto,Domingo,True,entregado,app,moto_electrica,24625.19,4220.17,20405.02,28.0,6.164238,-75.585346,2026-08-16 04:13:09+00:00,2026-08-16 04:41:09+00:00,Jorge Martinez
6b5873de-754c-45bd-846a-8a7755839160,30010484-56ff-42bf-8c2c-27a95de8dadb,Luis Gonzalez,Female,77,50+,Sur,2026-08-16,Agosto,Domingo,True,entregado,app,moto_electrica,89806.12,16480.60,73325.52,34.0,6.154249,-75.584430,2026-08-16 04:13:57+00:00,2026-08-16 04:47:57+00:00,Marta Lopez
925bb773-3817-4cb6-89cc-0fe5f390f098,f48478ff-e816-452a-913c-41d06df567f2,Ana Garcia,Female,36,36-50,Norte,2026-08-16,Agosto,Domingo,True,entregado,app,bicicleta,70132.10,13351.63,56780.47,58.0,6.299072,-75.558347,2026-08-16 06:32:18+00:00,2026-08-16 07:30:18+00:00,Mateo Martinez
c9169d40-6a26-44fb-a56f-95276c160146,651347e4-debe-4831-bdda-7ce4e7067076,Laura Lopez,Female,35,26-35,Centro,2026-08-16,Agosto,Domingo,True,entregado,app,bicicleta,68504.17,15271.03,53233.14,38.0,6.259104,-75.568634,2026-08-16 07:01:16+00:00,2026-08-16 07:39:16+00:00,Marta Lopez
d33b8023-51c3-4cb4-b86b-c19e0ebc3fa1,85d139a7-7a45-49aa-9638-dcd1f5d1c539,Valentina Gomez,Female,47,36-50,Sur,2026-08-16,Agosto,Domingo,True,entregado,tarjeta,bicicleta,29136.57,6730.55,22406.02,38.0,6.154267,-75.582711,2026-08-16 07:17:16+00:00,2026-08-16 07:55:16+00:00,Maria Martinez
f27de232-0945-4efb-8025-f64a68908241,54233927-6db7-4079-8943-602740d70b79,Laura Lopez,Male,32,26-35,Sur,2026-08-16,Agosto,Domingo,True,cancelado,app,moto_electrica,71568.51,15778.71,55789.80,,6.161325,-75.588015,2026-08-16 07:26:13+00:00,,
a7857d87-cac1-4f12-92a1-0041296f9644,d9b324e7-1d27-48a5-b73a-8850b01f1da7,Valentina Rodriguez,Female,35,26-35,Centro,2026-08-16,Agosto,Domingo,True,entregado,tarjeta,moto_electrica,26103.99,4979.96,21124.03,26.0,6.255931,-75.555571,2026-08-16 07:46:36+00:00,2026-08-16 08:12:36+00:00,Luis Lopez
7b53796c-5605-4de0-95af-47772f4021aa,7f429b09-d2c9-4b17-84f6-4ef50370180a,Sofia Martinez,Male,67,50+,Sur,2026-08-16,Agosto,Domingo,True,entregado,app,moto_electrica,17403.10,3607.74,13795.36,25.0,6.151737,-75.589345,2026-08-16 07:56:30+00:00,2026-08-16 08:21:30+00:00,Luis Garcia
3501f68c-981f-4ac0-8007-2f10ccca4eaa,d9f1576e-b837-45f6-9043-bc29a44d438c,Andres Martinez,Male,62,50+,Occidente,2026-08-16,Agosto,Domingo,True,en_camino,app,moto_electrica,33897.98,6801.80,27096.18,,6.252681,-75.601870,2026-08-16 08:30:19+00:00,,Lucia Gomez
cb46b644-5cb6-4e68-9e0b-b62cce66672c,0bf86823-cb4c-48f8-8917-ae330525c6d5,Diego Gonzalez,Female,29,26-35,Sur,2026-08-16,Agosto,Domingo,True,entregado,efectivo,moto_electrica,73070.61,17104.82,55965.79,31.0,6.179343,-75.592132,2026-08-16 10:56:40+00:00,2026-08-16 11:27:40+00:00,Valentina Garcia
55a3d2bb-6fe3-4dad-beee-fc793b651f85,575c8a28-ba91-49bb-a720-b2b5c45d5a33,Maria Gomez,Male,78,50+,Centro,2026-08-16,Agosto,Domingo,True,en_camino,tarjeta,bicicleta,37705.63,7217.94,30487.69,,6.255369,-75.552088,2026-08-16 11:11:48+00:00,,Laura Perez
c32ebd29-aeb2-43f8-ad0c-ed1e5846b464,41127643-beb8-48b2-958e-79180a8bf64c,Laura Gomez,Female,32,26-35,Norte,2026-08-16,Agosto,Domingo,True,entregado,efectivo,bicicleta,58035.61,11306.32,46729.29,59.0,6.288346,-75.574133,2026-08-16 11:14:06+00:00,2026-08-16 12:13:06+00:00,Maria Martinez
bca8aedf-ae41-4119-9173-11fbeff14868,a07da55a-88bb-45a6-9d6f-bfdacccc0991,Marta Martinez,Male,72,50+,Occidente,2026-08-16,Agosto,Domingo,True,entregado,app,moto_electrica,32426.16,5052.84,27373.32,31.0,6.255997,-75.606089,2026-08-16 12:01:42+00:00,2026-08-16 12:32:42+00:00,Laura Perez
2733c099-deb7-4691-b02c-a8e76978ab78,936e2d19-1a08-4f47-80a6-3332265a04f3,Luis Martinez,Male,48,36-50,Sur,2026-08-16,Agosto,Domingo,True,entregado,efectivo,bicicleta,88139.11,18823.40,69315.71,47.0,6.176010,-75.601038,2026-08-16 12:20:43+00:00,2026-08-16 13:07:43+00:00,Maria Martinez
a9860f3b-808b-499e-b22b-f2c8087b8f1d,e14bdbbd-1b66-47ce-a156-94fef926e48d,Valentina Gomez,Female,61,50+,Centro,2026-08-16,Agosto,Domingo,True,entregado,app,moto_electrica,52378.11,9229.86,43148.25,25.0,6.240836,-75.550509,2026-08-16 13:13:45+00:00,2026-08-16 13:38:45+00:00,Jorge Gonzalez
85a9c4ea-524b-45cb-9973-d41c97230e81,532946ef-c978-4995-b94c-d3c989755106,Ana Gonzalez,Female,57,50+,Sur,2026-08-16,Agosto,Domingo,True,entregado,app,moto_electrica,20746.69,4370.81,16375.88,37.0,6.157944,-75.591343,2026-08-16 13:54:12+00:00,2026-08-16 14:31:12+00:00,Valentina Garcia
ac567dee-a3cf-4bf1-95fd-01a79feae4c7,d71fd6be-c4b7-4470-ac26-7d00a9f047c9,Mateo Martinez,Female,63,50+,Norte,2026-08-16,Agosto,Domingo,True,entregado,tarjeta,moto_electrica,74940.70,13438.14,61502.56,50.0,6.289679,-75.566551,2026-08-16 14:27:19+00:00,2026-08-16 15:17:19+00:00,Juan Gomez
c19a500a-6828-4320-b520-69cd585cd5b2,f48478ff-e816-452a-913c-41d06df567f2,Ana Garcia,Female,36,36-50,Norte,2026-08-16,Agosto,Domingo,True,cancelado,efectivo,moto_electrica,78297.73,19296.80,59000.93,,6.287190,-75.559408,2026-08-16 15:40:41+00:00,,Andres Martinez
5a368f0b-9f41-4fcd-9505-955d1b120add,48bc34d2-7f99-4cca-8c08-2dc33d442d18,Carlos Gomez,Male,57,50+,Occidente,2026-08-16,Agosto,Domingo,True,entregado,efectivo,moto_electrica,94759.28,15298.64,79460.64,31.0,6.248519,-75.597237,2026-08-16 17:07:31+00:00,2026-08-16 17:38:31+00:00,Jorge Gomez
713926ed-fe88-4a73-aace-730acf1d8236,07710594-2e0c-40d8-9ddb-2a4227d3d41a,Pedro Gomez,Male,48,36-50,Occidente,2026-08-16,Agosto,Domingo,True,en_camino,app,moto_electrica,90636.02,18092.09,72543.93,,6.238188,-75.612277,2026-08-16 18:21:04+00:00,,Maria Martinez
42651f51-c07c-4019-9d89-e34443e60d96,01137935-0af8-4f24-8ee9-07632cb39eee,Sofia Gonzalez,Female,36,36-50,Sur,2026-08-16,Agosto,Domingo,True,entregado,efectivo,moto_electrica,49434.45,11299.81,38134.64,28.0,6.156333,-75.608719,2026-08-16 18:55:23+00:00,2026-08-16 19:23:23+00:00,Jorge Gonzalez
81059d2f-2934-44f3-a99d-899b9d37bf0b,e45b976f-47d1-4c49-8f29-db5ab7739caa,Ana Perez,Male,38,36-50,Occidente,2026-08-16,Agosto,Domingo,True,entregado,efectivo,moto_electrica,43824.25,10649.61,33174.64,21.0,6.265068,-75.608180,2026-08-16 19:41:22+00:00,2026-08-16 20:02:22+00:00,Luis Garcia
b835f632-e92f-442a-a063-357bde7d5a7e,641ead09-0b8f-4038-8289-ef1f96225b9d,Maria Lopez,Female,63,50+,Occidente,2026-08-16,Agosto,Domingo,True,entregado,tarjeta,moto_electrica,94911.20,17286.33,77624.87,41.0,6.278408,-75.611275,2026-08-16 20:02:42+00:00,2026-08-16 20:43:42+00:00,Valentina Lopez
a212b192-177d-4699-8390-0f12dff5677f,975f478d-4a1e-48cd-b2b3-f923d30b9251,Laura Martinez,Male,79,50+,Sur,2026-08-16,Agosto,Domingo,True,entregado,efectivo,bicicleta,19764.37,3176.46,16587.91,50.0,6.151504,-75.601873,2026-08-16 20:57:18+00:00,2026-08-16 21:47:18+00:00,Marta Rodriguez
12cb3ca8-7f2e-499a-9a15-3fb27df6d367,01137935-0af8-4f24-8ee9-07632cb39eee,Sofia Gonzalez,Female,36,36-50,Centro,2026-08-16,Agosto,Domingo,True,en_camino,efectivo,moto_electrica,69154.09,16377.72,52776.37,,6.248969,-75.554364,2026-08-16 22:01:34+00:00,,Luis Garcia
213d1406-2862-4831-8389-7d4fad459981,48bc34d2-7f99-4cca-8c08-2dc33d442d18,Carlos Gomez,Male,57,50+,Sur,2026-08-16,Agosto,Domingo,True,entregado,efectivo,moto_electrica,18713.05,4333.85,14379.20,26.0,6.163375,-75.603276,2026-08-16 22:36:51+00:00,2026-08-16 23:02:51+00:00,Juan Gonzalez
0a135042-00cc-4bef-a209-0517effb2c63,2e431e06-4c17-49d0-97dd-2d1cd10b4a95,Maria Gonzalez,Male,52,50+,Centro,2026-08-16,Agosto,Domingo,True,entregado,app,bicicleta,24630.85,4657.13,19973.72,42.0,6.242972,-75.569938,2026-08-16 22:50:59+00:00,2026-08-16 23:32:59+00:00,Luis Perez
53d882c0-c47b-4c43-9f41-f785cd1df086,30010484-56ff-42bf-8c2c-27a95de8dadb,Luis Gonzalez,Female,77,50+,Chapinero,2026-08-16,Agosto,Domingo,True,entregado,tarjeta,moto_electrica,21054.72,5064.38,15990.34,29.0,6.268878,-75.556124,2026-08-16 23:17:47+00:00,2026-08-16 23:46:47+00:00,Jorge Martinez
fdef3655-7c79-4aa1-9b52-27a4d5e73919,f742a46d-f918-41e0-be90-30f40dc4d68f,Luis Martinez,Female,70,50+,Sur,2026-08-16,Agosto,Domingo,True,entregado,tarjeta,bicicleta,50565.52,9781.40,40784.12,45.0,6.162757,-75.590008,2026-08-16 23:24:53+00:00,2026-08-17 00:09:53+00:00,Jorge Lopez
93f161ec-c676-45ef-aeab-006da2ab7ae9,a76b46d5-3d05-4c09-9857-29ce77b7ebf6,Laura Martinez,Male,65,50+,Chapinero,2026-08-16,Agosto,Domingo,True,entregado,tarjeta,moto_electrica,32810.34,6412.76,26397.58,26.0,6.265612,-75.541251,2026-08-16 23:27:35+00:00,2026-08-16 23:53:35+00:00,Valentina Garcia
97ec5f91-4caf-40a6-bf68-11b0551a6223,1bb9fc1b-4864-44ef-a2b3-5ea92d0e0afa,Laura Gonzalez,Female,77,50+,Norte,2026-08-16,Agosto,Domingo,True,entregado,app,moto_electrica,16563.51,3307.69,13255.82,47.0,6.283907,-75.557682,2026-08-16 23:53:48+00:00,2026-08-17 00:40:48+00:00,Jorge Gonzalez
95817e4d-1aca-4e7a-ac61-ebb8c8139e8c,02800f46-ceb6-4272-9dd5-2c07d23ca12a,Jorge Lopez,Female,54,50+,Sur,2026-08-17,Agosto,Lunes,False,entregado,app,bicicleta,94867.38,18654.41,76212.97,41.0,6.169470,-75.580522,2026-08-17 00:42:17+00:00,2026-08-17 01:23:17+00:00,Ana Martinez
e8b6be4d-1cb5-4bee-8033-cb825d9b747a,4bee1913-bb93-433f-b041-83b6d37cbba0,Pedro Rodriguez,Female,52,50+,Norte,2026-08-17,Agosto,Lunes,False,entregado,tarjeta,bicicleta,84142.89,20247.95,63894.94,47.0,6.288069,-75.570172,2026-08-17 02:03:09+00:00,2026-08-17 02:50:09+00:00,Mateo Martinez
4f796b7c-28f3-4e4f-afeb-97c7ff589a3c,05f438aa-91cf-4c97-b79d-dca22be98b69,Marta Rodriguez,Female,72,50+,Chapinero,2026-08-17,Agosto,Lunes,False,entregado,efectivo,bicicleta,16875.59,3881.66,12993.93,41.0,6.261701,-75.540056,2026-08-17 02:32:34+00:00,2026-08-17 03:13:34+00:00,Valentina Garcia
b0d796bc-aae1-4bb9-83e4-1d58d1fab007,54233927-6db7-4079-8943-602740d70b79,Laura Lopez,Male,32,26-35,Occidente,2026-08-17,Agosto,Lunes,False,entregado,efectivo,bicicleta,78675.97,17020.38,61655.59,37.0,6.276815,-75.601719,2026-08-17 03:34:46+00:00,2026-08-17 04:11:46+00:00,Jorge Martinez
e3eee207-20e9-406f-9c2b-0efd36d22277,bce090af-1112-4cbd-bbaa-873467f9a4fd,Sofia Martinez,Male,52,50+,Chapinero,2026-08-17,Agosto,Lunes,False,entregado,app,moto_electrica,40138.42,7981.75,32156.67,32.0,6.262982,-75.547828,2026-08-17 04:15:26+00:00,2026-08-17 04:47:26+00:00,Jorge Lopez
732c7ca4-94c1-4d41-be45-b342cc7a5010,219bd9f5-a5f7-46bb-88b4-e9133b083ff7,Mateo Rodriguez,Female,65,50+,Chapinero,2026-08-17,Agosto,Lunes,False,entregado,tarjeta,moto_electrica,74525.91,11542.37,62983.54,27.0,6.260310,-75.551346,2026-08-17 06:10:52+00:00,2026-08-17 06:37:52+00:00,Luis Garcia
0d1f13ce-cf40-463c-87ec-eb7153f2089d,e45b976f-47d1-4c49-8f29-db5ab7739caa,Ana Perez,Male,38,36-50,Norte,2026-08-17,Agosto,Lunes,False,entregado,tarjeta,moto_electrica,59793.97,10297.06,49496.91,44.0,6.284687,-75.565456,2026-08-17 06:46:36+00:00,2026-08-17 07:30:36+00:00,Mateo Martinez
6c8d3dbb-6415-4e30-bc93-fbadda6fde22,936e2d19-1a08-4f47-80a6-3332265a04f3,Luis Martinez,Male,48,36-50,Centro,2026-08-17,Agosto,Lunes,False,entregado,app,moto_electrica,61817.54,9627.76,52189.78,23.0,6.244827,-75.554729,2026-08-17 06:47:08+00:00,2026-08-17 07:10:08+00:00,Andres Lopez
cdffc629-6677-46fb-a9b8-a7197b2ab1f7,651347e4-debe-4831-bdda-7ce4e7067076,Laura Lopez,Female,35,26-35,Sur,2026-08-17,Agosto,Lunes,False,entregado,tarjeta,moto_electrica,37399.02,7208.21,30190.81,30.0,6.165569,-75.595518,2026-08-17 07:36:22+00:00,2026-08-17 08:06:22+00:00,Valentina Garcia
cca359d1-da8e-40f1-a6c4-29468699e069,13e0122f-67ce-494f-8347-6975e8c8f54e,Luis Garcia,Male,54,50+,Centro,2026-08-17,Agosto,Lunes,False,en_camino,tarjeta,bicicleta,54834.61,12445.30,42389.31,,6.256941,-75.563530,2026-08-17 08:11:47+00:00,,Andres Gomez
139b7f03-40b5-4111-a85a-56de5fad5dff,6c7dcc33-6f64-4bae-a30c-600099b54f33,Camila Martinez,Female,46,36-50,Chapinero,2026-08-17,Agosto,Lunes,False,entregado,app,moto_electrica,93628.81,14458.55,79170.26,28.0,6.264264,-75.554924,2026-08-17 08:45:46+00:00,2026-08-17 09:13:46+00:00,Carlos Martinez
c534072c-4cf8-4f13-a1dc-5e1207db3a8b,1bb9fc1b-4864-44ef-a2b3-5ea92d0e0afa,Laura Gonzalez,Female,77,50+,Norte,2026-08-17,Agosto,Lunes,False,entregado,efectivo,bicicleta,46965.28,7796.57,39168.71,48.0,6.276647,-75.576894,2026-08-17 09:04:10+00:00,2026-08-17 09:52:10+00:00,Luis Perez
5cff86f1-edd6-489a-8311-63ad420884ed,64435586-3152-4620-8118-8c603a6994f4,Laura Lopez,Female,80,50+,Chapinero,2026-08-17,Agosto,Lunes,False,entregado,app,bicicleta,58151.48,10572.18,47579.30,47.0,6.264066,-75.542747,2026-08-17 09:15:19+00:00,2026-08-17 10:02:19+00:00,Marta Perez
9af000e3-8af9-4532-aa50-c38e20eb1498,133e7b9f-2385-4705-9e99-3eb72a0f75cb,Mateo Gonzalez,Male,66,50+,Sur,2026-08-17,Agosto,Lunes,False,entregado,app,moto_electrica,91749.09,14751.10,76997.99,25.0,6.164112,-75.602752,2026-08-17 09:30:09+00:00,2026-08-17 09:55:09+00:00,Luis Perez
27c9ff01-3b88-4846-aea0-08be8fd2125e,975f478d-4a1e-48cd-b2b3-f923d30b9251,Laura Martinez,Male,79,50+,Occidente,2026-08-17,Agosto,Lunes,False,entregado,efectivo,bicicleta,20854.34,3677.82,17176.52,53.0,6.235646,-75.597733,2026-08-17 12:09:05+00:00,2026-08-17 13:02:05+00:00,Luis Garcia
4c13d6f1-391b-47e2-9109-f8e593dfb24b,3b9ed80e-3c01-457b-bd6e-f8878424b937,Juan Gonzalez,Male,81,50+,Sur,2026-08-17,Agosto,Lunes,False,cancelado,app,moto_electrica,67213.02,13192.63,54020.39,,6.168726,-75.606501,2026-08-17 12:21:14+00:00,,
98bfba53-63ad-465b-a43b-45cb1ac3a0d7,5cce9a92-b20a-48a7-b742-27d2cd0fa666,Juan Martinez,Male,46,36-50,Centro,2026-08-17,Agosto,Lunes,False,cancelado,tarjeta,bicicleta,84922.52,20484.20,64438.32,,6.242292,-75.560624,2026-08-17 12:53:05+00:00,,
e52939d3-b08b-448d-97ba-a36ce3001a99,bb4ee5cc-800a-45a7-9b16-65e6a83af29c,Ana Garcia,Female,73,50+,Chapinero,2026-08-17,Agosto,Lunes,False,cancelado,efectivo,moto_electrica,44860.51,9383.18,35477.33,,6.260156,-75.544594,2026-08-17 14:23:06+00:00,,
29b423c6-a2e7-45e2-a10b-550ac030e190,7d75a9ec-1aa7-433b-920a-65483447d468,Pedro Gomez,Female,78,50+,Centro,2026-08-17,Agosto,Lunes,False,entregado,app,moto_electrica,41516.84,9400.41,32116.43,21.0,6.255938,-75.551090,2026-08-17 15:36:41+00:00,2026-08-17 15:57:41+00:00,Andres Gomez
2e4d9221-6c8e-43fe-9df9-f654a74b914a,d71fd6be-c4b7-4470-ac26-7d00a9f047c9,Mateo Martinez,Female,63,50+,Occidente,2026-08-17,Agosto,Lunes,False,entregado,tarjeta,moto_electrica,18820.04,3459.15,15360.89,33.0,6.275940,-75.595567,2026-08-17 15:53:48+00:00,2026-08-17 16:26:48+00:00,Laura Perez
5acd0b0b-c6ca-4595-9123-4c9c70f05ba3,1183439d-4b22-4c45-9ada-cbc6d34960d7,Mateo Perez,Male,77,50+,Chapinero,2026-08-17,Agosto,Lunes,False,en_camino,app,moto_electrica,81113.63,14107.68,67005.95,,6.267212,-75.545622,2026-08-17 16:06:21+00:00,,Andres Martinez
f43a70b3-64b9-42b8-9b39-0e97a5eaae07,2bcc12cb-5d87-4176-a287-3a2aee9351e5,Luis Rodriguez,Female,50,36-50,Norte,2026-08-17,Agosto,Lunes,False,entregado,efectivo,moto_electrica,47719.50,9631.86,38087.64,43.0,6.283588,-75.577356,2026-08-17 16:36:00+00:00,2026-08-17 17:19:00+00:00,Marta Rodriguez
685808d1-db25-404e-8a50-ed91bc28e8f8,d93054ed-cd47-4d20-aed5-d5b5d35ef806,Sofia Martinez,Male,43,36-50,Chapinero,2026-08-17,Agosto,Lunes,False,entregado,app,bicicleta,76218.44,15348.75,60869.69,45.0,6.266648,-75.546798,2026-08-17 16:58:42+00:00,2026-08-17 17:43:42+00:00,Luis Perez
0cc816fc-999d-4c09-9ae3-c6b09691fee2,f742a46d-f918-41e0-be90-30f40dc4d68f,Luis Martinez,Female,70,50+,Centro,2026-08-17,Agosto,Lunes,False,entregado,efectivo,moto_electrica,30548.34,5083.52,25464.82,35.0,6.258125,-75.551833,2026-08-17 18:15:06+00:00,2026-08-17 18:50:06+00:00,Juan Gomez
c01cfdf8-aef2-46a7-8401-a4a8de490d55,8193543e-ba17-4ff3-9344-5f76c2184657,Andres Rodriguez,Female,54,50+,Chapinero,2026-08-17,Agosto,Lunes,False,cancelado,app,moto_electrica,70020.99,17400.52,52620.47,,6.266736,-75.555107,2026-08-17 18:24:33+00:00,,
605ba47f-a770-4385-b9a4-c78b673b7e33,f742a46d-f918-41e0-be90-30f40dc4d68f,Luis Martinez,Female,70,50+,Sur,2026-08-17,Agosto,Lunes,False,entregado,efectivo,moto_electrica,49962.52,9822.00,40140.52,20.0,6.160799,-75.584502,2026-08-17 19:22:51+00:00,2026-08-17 19:42:51+00:00,Jorge Lopez
2221b67b-eaeb-401e-9fe3-fc98f9c3df62,f48478ff-e816-452a-913c-41d06df567f2,Ana Garcia,Female,36,36-50,Chapinero,2026-08-17,Agosto,Lunes,False,entregado,app,moto_electrica,83579.91,19165.17,64414.74,32.0,6.262332,-75.555218,2026-08-17 19:34:45+00:00,2026-08-17 20:06:45+00:00,Luis Garcia
9f8f59f1-fe1c-449a-a157-f5e33601ed7e,124884e3-8948-4e50-af07-f6c130335c60,Maria Perez,Female,80,50+,Centro,2026-08-17,Agosto,Lunes,False,entregado,tarjeta,bicicleta,93625.40,22533.33,71092.07,56.0,6.243319,-75.550613,2026-08-17 20:11:14+00:00,2026-08-17 21:07:14+00:00,Diego Lopez
feddb0fa-352b-4188-9d9e-b6d7b2455e96,90134b2f-22cb-42bb-8719-e7c7d7271e06,Andres Rodriguez,Male,46,36-50,Sur,2026-08-17,Agosto,Lunes,False,cancelado,app,bicicleta,17293.11,3178.20,14114.91,,6.164329,-75.589509,2026-08-17 20:37:28+00:00,,
dc49da4c-4b53-431a-b467-d36873f605ee,bce090af-1112-4cbd-bbaa-873467f9a4fd,Sofia Martinez,Male,52,50+,Chapinero,2026-08-17,Agosto,Lunes,False,entregado,efectivo,moto_electrica,65801.54,12052.60,53748.94,28.0,6.267146,-75.559615,2026-08-17 22:40:32+00:00,2026-08-17 23:08:32+00:00,Lucia Gomez
b6a739d2-c1a4-460a-8956-1dfc4452dc2f,8d96d9c5-ae92-4815-b27b-066d5dd13ec9,Laura Martinez,Male,65,50+,Norte,2026-08-17,Agosto,Lunes,False,entregado,tarjeta,moto_electrica,42827.86,8634.85,34193.01,43.0,6.289287,-75.558833,2026-08-17 23:38:16+00:00,2026-08-18 00:21:16+00:00,Diego Rodriguez
c2b410e7-680b-4012-8f0f-9989b83b8f49,48bc34d2-7f99-4cca-8c08-2dc33d442d18,Carlos Gomez,Male,57,50+,Chapinero,2026-08-17,Agosto,Lunes,False,entregado,tarjeta,bicicleta,81480.76,19675.47,61805.29,48.0,6.267639,-75.544709,2026-08-17 23:57:50+00:00,2026-08-18 00:45:50+00:00,Andres Gomez
b3da231a-bb9f-46c4-bb65-3fac60068071,4bee1913-bb93-433f-b041-83b6d37cbba0,Pedro Rodriguez,Female,52,50+,Sur,2026-08-18,Agosto,Martes,False,cancelado,app,moto_electrica,38278.51,7415.70,30862.81,,6.178724,-75.594656,2026-08-18 00:49:16+00:00,,
b1535d4a-a19d-40fe-8596-ae446be55df7,a1e55b58-2600-44cc-9743-bc7ffad4510a,Juan Garcia,Male,25,18-25,Occidente,2026-08-18,Agosto,Martes,False,entregado,efectivo,bicicleta,50144.21,9204.60,40939.61,35.0,6.241861,-75.610129,2026-08-18 01:37:28+00:00,2026-08-18 02:12:28+00:00,Andres Lopez
8f546001-8969-4778-8a1d-bcc8167cb385,bce090af-1112-4cbd-bbaa-873467f9a4fd,Sofia Martinez,Male,52,50+,Norte,2026-08-18,Agosto,Martes,False,entregado,tarjeta,moto_electrica,24215.11,4058.31,20156.80,53.0,6.272222,-75.572264,2026-08-18 01:39:35+00:00,2026-08-18 02:32:35+00:00,Andres Lopez
fc9898dd-b54b-43c2-b46a-a84b7423b9bb,575c8a28-ba91-49bb-a720-b2b5c45d5a33,Maria Gomez,Male,78,50+,Occidente,2026-08-18,Agosto,Martes,False,entregado,efectivo,bicicleta,44665.05,9507.30,35157.75,36.0,6.244460,-75.602094,2026-08-18 02:56:32+00:00,2026-08-18 03:32:32+00:00,Ana Gonzalez
4bce1fce-941a-4265-9c31-9c73adf3a91a,30010484-56ff-42bf-8c2c-27a95de8dadb,Luis Gonzalez,Female,77,50+,Chapinero,2026-08-18,Agosto,Martes,False,entregado,efectivo,moto_electrica,70471.96,12791.10,57680.86,22.0,6.262420,-75.541941,2026-08-18 03:18:48+00:00,2026-08-18 03:40:48+00:00,Carlos Martinez
6c60d5d6-8b0f-4179-9b73-d5ce3ed9b319,994850d2-c7f7-4ee7-8182-5507f4e2ad8d,Carlos Martinez,Female,54,50+,Chapinero,2026-08-18,Agosto,Martes,False,en_camino,tarjeta,bicicleta,16122.34,3511.57,12610.77,,6.267060,-75.557333,2026-08-18 03:33:23+00:00,,Juan Gonzalez
fb25d3ef-45bb-4be2-9547-d3bb77d3bf75,575c8a28-ba91-49bb-a720-b2b5c45d5a33,Maria Gomez,Male,78,50+,Sur,2026-08-18,Agosto,Martes,False,en_camino,tarjeta,bicicleta,81371.20,16725.64,64645.56,,6.178410,-75.593104,2026-08-18 03:59:40+00:00,,Luis Garcia
48a86c3c-7667-49de-a308-c3ca923db15d,d93054ed-cd47-4d20-aed5-d5b5d35ef806,Sofia Martinez,Male,43,36-50,Norte,2026-08-18,Agosto,Martes,False,entregado,app,moto_electrica,90899.90,16642.07,74257.83,54.0,6.285003,-75.563719,2026-08-18 04:04:25+00:00,2026-08-18 04:58:25+00:00,Luis Garcia
aea83d36-9223-44d5-996e-5e86558c6d85,975f478d-4a1e-48cd-b2b3-f923d30b9251,Laura Martinez,Male,79,50+,Sur,2026-08-18,Agosto,Martes,False,entregado,app,moto_electrica,33180.77,6765.47,26415.30,30.0,6.151078,-75.597764,2026-08-18 04:25:58+00:00,2026-08-18 04:55:58+00:00,Lucia Lopez
69f555b6-bde9-4ff0-98b1-81fca15f7ab7,31e98e9a-24de-4294-8826-fc491e8529cc,Pedro Garcia,Female,34,26-35,Norte,2026-08-18,Agosto,Martes,False,entregado,app,bicicleta,68724.17,14608.16,54116.01,49.0,6.277287,-75.566558,2026-08-18 05:05:30+00:00,2026-08-18 05:54:30+00:00,Luis Lopez
058492f4-92f1-4a13-965a-9910fbfd89ae,5cce9a92-b20a-48a7-b742-27d2cd0fa666,Juan Martinez,Male,46,36-50,Occidente,2026-08-18,Agosto,Martes,False,entregado,efectivo,moto_electrica,40921.17,6908.37,34012.80,40.0,6.249122,-75.609295,2026-08-18 07:19:27+00:00,2026-08-18 07:59:27+00:00,Laura Perez
4f18ae28-0e12-405a-9963-e90607342498,7d75a9ec-1aa7-433b-920a-65483447d468,Pedro Gomez,Female,78,50+,Centro,2026-08-18,Agosto,Martes,False,entregado,app,moto_electrica,57406.50,13748.69,43657.81,28.0,6.259261,-75.563560,2026-08-18 07:27:44+00:00,2026-08-18 07:55:44+00:00,Luis Perez
d5989f7c-f78c-4283-b2dc-fd27d59554ee,a76b46d5-3d05-4c09-9857-29ce77b7ebf6,Laura Martinez,Male,65,50+,Chapinero,2026-08-18,Agosto,Martes,False,entregado,efectivo,moto_electrica,76835.79,17908.79,58927.00,21.0,6.266625,-75.543356,2026-08-18 07:41:23+00:00,2026-08-18 08:02:23+00:00,Diego Lopez
2837415a-b615-4ebc-a11b-1285175d9fc5,937fe017-e232-4857-842b-9c2982b4c987,Sofia Gomez,Female,49,36-50,Sur,2026-08-18,Agosto,Martes,False,entregado,tarjeta,moto_electrica,19554.44,3687.02,15867.42,31.0,6.174455,-75.600291,2026-08-18 08:50:41+00:00,2026-08-18 09:21:41+00:00,Juan Gomez
1a7282dd-2cea-4460-8504-1112b79a09ee,cab0f77c-6a9c-4833-ab98-ff5e181a7e8c,Diego Gonzalez,Female,40,36-50,Sur,2026-08-18,Agosto,Martes,False,entregado,efectivo,moto_electrica,26916.22,6559.53,20356.69,37.0,6.161176,-75.603081,2026-08-18 08:51:58+00:00,2026-08-18 09:28:58+00:00,Luis Perez
eff9611e-2a74-483a-880d-653cc32fdb39,124884e3-8948-4e50-af07-f6c130335c60,Maria Perez,Female,80,50+,Sur,2026-08-18,Agosto,Martes,False,entregado,tarjeta,moto_electrica,62896.47,15377.92,47518.55,44.0,6.168302,-75.595751,2026-08-18 08:55:45+00:00,2026-08-18 09:39:45+00:00,Andres Martinez
bf89aad8-bb8b-41e1-b816-c98efca8b9b4,8f0ac0bd-4c61-4d9c-8a0a-a6c0f2d7227c,Andres Gomez,Female,33,26-35,Norte,2026-08-18,Agosto,Martes,False,entregado,app,moto_electrica,36012.70,6151.90,29860.80,39.0,6.299055,-75.578212,2026-08-18 09:32:58+00:00,2026-08-18 10:11:58+00:00,Carlos Martinez
ca689f47-ec85-4e2f-8033-a7844bf0836e,ceb11d92-eaf4-49dc-b011-4eaca397869c,Jorge Lopez,Female,25,18-25,Occidente,2026-08-18,Agosto,Martes,False,en_camino,app,bicicleta,57242.74,10791.77,46450.97,,6.248656,-75.597271,2026-08-18 09:45:15+00:00,,Diego Rodriguez
a76ab12b-15ce-439a-a4a7-18347f106c1d,64435586-3152-4620-8118-8c603a6994f4,Laura Lopez,Female,80,50+,Sur,2026-08-18,Agosto,Martes,False,entregado,tarjeta,bicicleta,34539.47,6286.70,28252.77,30.0,6.150882,-75.601776,2026-08-18 10:26:47+00:00,2026-08-18 10:56:47+00:00,Luis Garcia
53108ac0-3f79-42af-80f8-e8841912736d,d6fde3c1-dc4b-4f8c-bad9-53234ff05ee2,Diego Garcia,Female,35,26-35,Occidente,2026-08-18,Agosto,Martes,False,entregado,efectivo,moto_electrica,63612.14,12511.15,51100.99,44.0,6.234253,-75.612467,2026-08-18 10:27:33+00:00,2026-08-18 11:11:33+00:00,Marta Rodriguez
9d164a78-6ce7-44fd-873d-1052318d54ec,245581e8-7f2e-4595-bf4c-7d7b225aaca3,Jorge Perez,Female,44,36-50,Norte,2026-08-18,Agosto,Martes,False,en_camino,app,bicicleta,23938.20,5140.83,18797.37,,6.282131,-75.560260,2026-08-18 10:41:57+00:00,,Luis Perez
9e45bd78-4196-4664-a77e-de42c181afd4,7f429b09-d2c9-4b17-84f6-4ef50370180a,Sofia Martinez,Male,67,50+,Norte,2026-08-18,Agosto,Martes,False,entregado,tarjeta,moto_electrica,40590.41,8292.19,32298.22,42.0,6.290834,-75.552057,2026-08-18 10:45:29+00:00,2026-08-18 11:27:29+00:00,Jorge Gonzalez
1bb0fbc7-ba4a-4602-baa9-997f67a97dae,2db7afb4-3544-4567-8108-5861c213f9ed,Juan Garcia,Female,31,26-35,Norte,2026-08-18,Agosto,Martes,False,entregado,tarjeta,bicicleta,17067.54,2655.63,14411.91,51.0,6.292124,-75.553195,2026-08-18 12:14:50+00:00,2026-08-18 13:05:50+00:00,Maria Martinez
b2cfbe7f-89fe-4115-a307-3be0fcc5683e,33d96349-be47-4ec3-a139-34ca61add917,Pedro Perez,Female,56,50+,Sur,2026-08-18,Agosto,Martes,False,entregado,tarjeta,bicicleta,94379.89,23461.16,70918.73,40.0,6.163278,-75.603436,2026-08-18 12:20:27+00:00,2026-08-18 13:00:27+00:00,Jorge Gomez
d972ec22-ffad-4d35-80f4-6fd1fb6f5d4c,aecd818b-df62-4138-a5fd-5d3004aa264b,Camila Lopez,Female,39,36-50,Occidente,2026-08-18,Agosto,Martes,False,entregado,tarjeta,moto_electrica,21253.46,5281.00,15972.46,24.0,6.273904,-75.601809,2026-08-18 12:44:21+00:00,2026-08-18 13:08:21+00:00,Luis Garcia
d7ae8bb7-6b9c-4a4e-a050-420ba8896754,e933ff4c-ee9c-4811-81b0-36ecf8c6f87a,Luis Martinez,Female,75,50+,Sur,2026-08-18,Agosto,Martes,False,entregado,tarjeta,bicicleta,82098.33,17209.10,64889.23,31.0,6.176582,-75.608526,2026-08-18 14:11:50+00:00,2026-08-18 14:42:50+00:00,Laura Gonzalez
9dd705e9-d674-424a-ac99-3bc7a0cf5352,41127643-beb8-48b2-958e-79180a8bf64c,Laura Gomez,Female,32,26-35,Norte,2026-08-18,Agosto,Martes,False,entregado,tarjeta,bicicleta,69197.59,16830.84,52366.75,68.0,6.270504,-75.560089,2026-08-18 14:50:04+00:00,2026-08-18 15:58:04+00:00,Jorge Gonzalez
c8204617-9ccc-4ca2-9009-fa2d671c3cc4,0604c774-2d96-40ec-b987-51c090ef688c,Lucia Garcia,Female,78,50+,Chapinero,2026-08-18,Agosto,Martes,False,entregado,tarjeta,bicicleta,92340.70,22798.30,69542.40,42.0,6.261290,-75.540963,2026-08-18 17:53:06+00:00,2026-08-18 18:35:06+00:00,Marta Lopez
2904e099-cb56-47bd-a435-e8b1e197ceb1,936e2d19-1a08-4f47-80a6-3332265a04f3,Luis Martinez,Male,48,36-50,Chapinero,2026-08-18,Agosto,Martes,False,entregado,efectivo,moto_electrica,73542.95,12901.12,60641.83,36.0,6.261508,-75.558678,2026-08-18 18:00:34+00:00,2026-08-18 18:36:34+00:00,Valentina Garcia
e8f3de64-7393-4d40-a530-980d438dc820,a07da55a-88bb-45a6-9d6f-bfdacccc0991,Marta Martinez,Male,72,50+,Norte,2026-08-18,Agosto,Martes,False,en_camino,tarjeta,bicicleta,76517.71,14426.80,62090.91,,6.275721,-75.563276,2026-08-18 18:55:24+00:00,,Jorge Gomez
490b23ec-b837-4eb4-87a7-fbc6c2781565,56eef3c1-26f4-4db0-ae36-a001ada2aa7a,Mateo Martinez,Male,45,36-50,Occidente,2026-08-18,Agosto,Martes,False,entregado,efectivo,bicicleta,20899.11,4867.04,16032.07,41.0,6.270842,-75.610822,2026-08-18 19:14:47+00:00,2026-08-18 19:55:47+00:00,Andres Gomez
05151454-ce06-4cd5-88e6-8d8f5cebcfc5,b2322744-c7c4-49f3-9caa-8df835be917b,Juan Gomez,Male,41,36-50,Centro,2026-08-18,Agosto,Martes,False,entregado,app,moto_electrica,59309.46,10709.35,48600.11,30.0,6.249398,-75.568598,2026-08-18 21:41:09+00:00,2026-08-18 22:11:09+00:00,Marta Perez
9a4d87cd-37b1-4a6c-a0a5-16c88c16d179,d9b324e7-1d27-48a5-b73a-8850b01f1da7,Valentina Rodriguez,Female,35,26-35,Norte,2026-08-18,Agosto,Martes,False,cancelado,app,bicicleta,30747.87,6405.04,24342.83,,6.281183,-75.550341,2026-08-18 22:22:37+00:00,,
64dc25f4-a821-4e75-930a-2cabe9d25a00,fd944984-53a0-49d4-9474-ceb6fa280378,Marta Perez,Female,73,50+,Chapinero,2026-08-18,Agosto,Martes,False,entregado,efectivo,moto_electrica,20418.68,4386.46,16032.22,17.0,6.268788,-75.553558,2026-08-18 22:45:42+00:00,2026-08-18 23:02:42+00:00,Mateo Martinez
86db061c-a55f-45f7-a310-be4db2fa4dcc,01137935-0af8-4f24-8ee9-07632cb39eee,Sofia Gonzalez,Female,36,36-50,Norte,2026-08-18,Agosto,Martes,False,entregado,tarjeta,bicicleta,30839.20,6056.35,24782.85,54.0,6.279183,-75.558005,2026-08-18 23:00:29+00:00,2026-08-18 23:54:29+00:00,Marta Perez
d38c8c4c-9595-4fd3-9645-e73f7c1c3667,214122ff-3ed0-4ee7-b22f-e1e1b8f04e7e,Diego Rodriguez,Male,26,26-35,Occidente,2026-08-18,Agosto,Martes,False,entregado,efectivo,moto_electrica,69506.84,16713.74,52793.10,28.0,6.257233,-75.602339,2026-08-18 23:09:32+00:00,2026-08-18 23:37:32+00:00,Luis Perez
ec9c6365-6454-453a-b61b-d0e2a1ff4242,501d52ea-dd62-4c6b-b43e-eb3cd5fa2d37,Maria Rodriguez,Male,59,50+,Sur,2026-08-18,Agosto,Martes,False,entregado,efectivo,bicicleta,51397.02,12044.46,39352.56,43.0,6.171872,-75.598985,2026-08-18 23:18:21+00:00,2026-08-19 00:01:21+00:00,Marta Perez
94233e4e-2cc8-4128-baf1-5e990b66c4dd,c9baeee8-18c8-43a5-91a4-eb6a1108ec13,Laura Perez,Male,69,50+,Occidente,2026-08-18,Agosto,Martes,False,entregado,efectivo,moto_electrica,42974.54,8557.19,34417.35,32.0,6.266549,-75.590704,2026-08-18 23:35:44+00:00,2026-08-19 00:07:44+00:00,Ana Martinez
5a2d1470-9553-4df3-820b-bb314aef1a03,aecd818b-df62-4138-a5fd-5d3004aa264b,Camila Lopez,Female,39,36-50,Norte,2026-08-19,Agosto,Miércoles,False,entregado,efectivo,bicicleta,67009.71,10790.35,56219.36,57.0,6.293316,-75.570125,2026-08-19 01:00:10+00:00,2026-08-19 01:57:10+00:00,Andres Martinez
0a85481c-434b-4061-97e3-2119a4740357,bce090af-1112-4cbd-bbaa-873467f9a4fd,Sofia Martinez,Male,52,50+,Sur,2026-08-19,Agosto,Miércoles,False,entregado,efectivo,moto_electrica,72544.49,15283.37,57261.12,37.0,6.170797,-75.593842,2026-08-19 01:45:26+00:00,2026-08-19 02:22:26+00:00,Mateo Martinez
f38e6006-cdc3-46da-aa3e-a554911f3f0f,a200fb08-fef7-4a11-b4af-a7fc9c26bc2e,Luis Garcia,Female,63,50+,Centro,2026-08-19,Agosto,Miércoles,False,entregado,tarjeta,bicicleta,47244.24,11641.65,35602.59,42.0,6.242821,-75.552862,2026-08-19 02:16:24+00:00,2026-08-19 02:58:24+00:00,Valentina Lopez
43ffc081-943d-4d7b-924c-f63c766d36d3,0476ef54-6995-4f39-af70-f7f670e33789,Valentina Martinez,Male,55,50+,Chapinero,2026-08-19,Agosto,Miércoles,False,entregado,app,moto_electrica,38892.57,5977.23,32915.34,42.0,6.263551,-75.547326,2026-08-19 02:17:47+00:00,2026-08-19 02:59:47+00:00,Marta Rodriguez
e3a33c46-864f-4bd0-a8dd-2f931816f5af,07710594-2e0c-40d8-9ddb-2a4227d3d41a,Pedro Gomez,Male,48,36-50,Sur,2026-08-19,Agosto,Miércoles,False,entregado,tarjeta,moto_electrica,88950.71,14810.28,74140.43,29.0,6.176550,-75.605456,2026-08-19 02:20:34+00:00,2026-08-19 02:49:34+00:00,Diego Lopez
4678505f-1870-429f-88c3-ad41181f7e46,48bc34d2-7f99-4cca-8c08-2dc33d442d18,Carlos Gomez,Male,57,50+,Sur,2026-08-19,Agosto,Miércoles,False,entregado,tarjeta,moto_electrica,20941.90,3391.40,17550.50,40.0,6.175275,-75.588192,2026-08-19 03:16:06+00:00,2026-08-19 03:56:06+00:00,Luis Perez
a641573f-f933-46fb-9633-9fabc200be6e,36b94275-0968-4c8b-ad19-64e364fe7b21,Diego Garcia,Female,26,26-35,Sur,2026-08-19,Agosto,Miércoles,False,entregado,efectivo,moto_electrica,85348.60,15177.13,70171.47,22.0,6.175110,-75.587946,2026-08-19 03:20:33+00:00,2026-08-19 03:42:33+00:00,Diego Rodriguez
84d7642d-54df-4130-a223-bbb035287ea7,ec199edf-cdc2-4925-8ff2-1f0f224fc41a,Valentina Lopez,Male,48,36-50,Sur,2026-08-19,Agosto,Miércoles,False,cancelado,efectivo,bicicleta,56277.82,13823.69,42454.13,,6.162791,-75.600259,2026-08-19 04:09:28+00:00,,
69b53665-a6e1-4f97-abe2-486a8cafe5da,fd944984-53a0-49d4-9474-ceb6fa280378,Marta Perez,Female,73,50+,Occidente,2026-08-19,Agosto,Miércoles,False,entregado,efectivo,moto_electrica,94192.71,14552.40,79640.31,40.0,6.233115,-75.593298,2026-08-19 04:57:38+00:00,2026-08-19 05:37:38+00:00,Jorge Lopez
3babf19c-5a35-42de-b527-5a67bda99a09,02800f46-ceb6-4272-9dd5-2c07d23ca12a,Jorge Lopez,Female,54,50+,Occidente,2026-08-19,Agosto,Miércoles,False,entregado,tarjeta,bicicleta,86555.34,16269.71,70285.63,38.0,6.233096,-75.612293,2026-08-19 06:11:31+00:00,2026-08-19 06:49:31+00:00,Ana Gonzalez
7efe7870-3f92-41d9-842e-bbba031f1bbd,994850d2-c7f7-4ee7-8182-5507f4e2ad8d,Carlos Martinez,Female,54,50+,Chapinero,2026-08-19,Agosto,Miércoles,False,entregado,tarjeta,moto_electrica,55994.28,12556.41,43437.87,20.0,6.262206,-75.557236,2026-08-19 07:26:32+00:00,2026-08-19 07:46:32+00:00,Marta Perez
f321485b-707b-4513-a236-35fc5eca6a80,7d75a9ec-1aa7-433b-920a-65483447d468,Pedro Gomez,Female,78,50+,Centro,2026-08-19,Agosto,Miércoles,False,entregado,tarjeta,moto_electrica,85773.19,20575.72,65197.47,27.0,6.240908,-75.559944,2026-08-19 07:35:13+00:00,2026-08-19 08:02:13+00:00,Maria Martinez
7554b9fb-e2ff-449f-a238-47686353e63e,065ed21a-e960-49f7-928c-facf2bab622a,Marta Perez,Female,37,36-50,Chapinero,2026-08-19,Agosto,Miércoles,False,entregado,tarjeta,bicicleta,29896.22,5001.12,24895.10,39.0,6.268991,-75.547311,2026-08-19 08:57:46+00:00,2026-08-19 09:36:46+00:00,Valentina Lopez
235c8c25-39ad-401b-96dc-3bef6f388a47,a76b46d5-3d05-4c09-9857-29ce77b7ebf6,Laura Martinez,Male,65,50+,Sur,2026-08-19,Agosto,Miércoles,False,entregado,app,moto_electrica,22334.32,4439.51,17894.81,38.0,6.166734,-75.608039,2026-08-19 09:29:36+00:00,2026-08-19 10:07:36+00:00,Marta Perez
0d457bd6-e7a5-4034-978f-260f2352957d,7fcd166e-cba3-4232-91a1-41d51f495d35,Lucia Martinez,Male,60,50+,Norte,2026-08-19,Agosto,Miércoles,False,entregado,tarjeta,bicicleta,53525.30,11967.31,41557.99,54.0,6.289871,-75.551688,2026-08-19 09:48:36+00:00,2026-08-19 10:42:36+00:00,Lucia Lopez
20429941-60d4-4bc3-90c8-4debd2f2f189,56eef3c1-26f4-4db0-ae36-a001ada2aa7a,Mateo Martinez,Male,45,36-50,Norte,2026-08-19,Agosto,Miércoles,False,entregado,tarjeta,bicicleta,64290.25,10758.64,53531.61,61.0,6.279728,-75.571727,2026-08-19 10:13:28+00:00,2026-08-19 11:14:28+00:00,Luis Garcia
270db76b-9e6f-47e0-9a82-550312172243,f2dfaa5a-f205-4345-92ca-af0a6f5a2de7,Marta Lopez,Male,77,50+,Centro,2026-08-19,Agosto,Miércoles,False,entregado,app,bicicleta,65693.37,13928.57,51764.80,52.0,6.246819,-75.552277,2026-08-19 10:18:34+00:00,2026-08-19 11:10:34+00:00,Luis Perez
f352d936-87c0-4aa3-ac7f-f74b5a891739,c1c45866-47a2-47f7-b1e6-4dfecbbdda25,Lucia Lopez,Female,28,26-35,Centro,2026-08-19,Agosto,Miércoles,False,entregado,app,bicicleta,40675.33,6703.38,33971.95,43.0,6.253243,-75.559057,2026-08-19 10:35:10+00:00,2026-08-19 11:18:10+00:00,Diego Lopez
22d3a622-7fe7-4e8a-9a54-6a83bcf5aae5,28146250-cf6a-4026-b1f9-b6628c2d8c60,Lucia Lopez,Female,59,50+,Sur,2026-08-19,Agosto,Miércoles,False,entregado,efectivo,bicicleta,60648.03,9598.72,51049.31,42.0,6.151226,-75.583056,2026-08-19 10:56:14+00:00,2026-08-19 11:38:14+00:00,Jorge Lopez
22538964-382c-48f4-9963-4c2a8dc12987,34580dd8-9397-4dc9-bc4e-757392d1c5fb,Lucia Gomez,Female,64,50+,Norte,2026-08-19,Agosto,Miércoles,False,en_camino,app,bicicleta,64310.33,13863.86,50446.47,,6.290289,-75.577045,2026-08-19 11:14:53+00:00,,Valentina Lopez
d6cb041b-f811-47d7-b909-ee42be3f66f9,7d75a9ec-1aa7-433b-920a-65483447d468,Pedro Gomez,Female,78,50+,Sur,2026-08-19,Agosto,Miércoles,False,en_camino,tarjeta,moto_electrica,83606.34,20145.95,63460.39,,6.166501,-75.584217,2026-08-19 11:31:09+00:00,,Juan Gomez
3ee698fe-851f-48ff-9e35-ec5e92a74548,fde42dcc-b6cc-4f58-995d-e8c613f6c077,Mateo Garcia,Male,53,50+,Centro,2026-08-19,Agosto,Miércoles,False,entregado,efectivo,moto_electrica,30087.07,4832.19,25254.88,40.0,6.248380,-75.564972,2026-08-19 12:02:12+00:00,2026-08-19 12:42:12+00:00,Marta Lopez
4b6dfb57-189d-4dcc-86b4-8cea79b23ba0,6c7dcc33-6f64-4bae-a30c-600099b54f33,Camila Martinez,Female,46,36-50,Centro,2026-08-19,Agosto,Miércoles,False,entregado,efectivo,bicicleta,46771.83,7251.97,39519.86,46.0,6.251091,-75.569889,2026-08-19 13:45:00+00:00,2026-08-19 14:31:00+00:00,Diego Rodriguez
d41078c2-d289-40b7-87d1-289a6623de21,e45b976f-47d1-4c49-8f29-db5ab7739caa,Ana Perez,Male,38,36-50,Centro,2026-08-19,Agosto,Miércoles,False,entregado,tarjeta,moto_electrica,43089.64,10247.68,32841.96,31.0,6.251175,-75.561901,2026-08-19 15:20:28+00:00,2026-08-19 15:51:28+00:00,Mateo Martinez
1406a3b4-90f3-4a90-86b4-223320da72c4,f48478ff-e816-452a-913c-41d06df567f2,Ana Garcia,Female,36,36-50,Centro,2026-08-19,Agosto,Miércoles,False,entregado,efectivo,moto_electrica,71490.20,15835.33,55654.87,26.0,6.247052,-75.569118,2026-08-19 15:28:39+00:00,2026-08-19 15:54:39+00:00,Andres Martinez
4e5fe1d4-927e-4ae8-b490-ac4198fc65f8,33d96349-be47-4ec3-a139-34ca61add917,Pedro Perez,Female,56,50+,Sur,2026-08-19,Agosto,Miércoles,False,entregado,app,bicicleta,56311.14,10406.74,45904.40,49.0,6.169533,-75.598915,2026-08-19 15:47:44+00:00,2026-08-19 16:36:44+00:00,Ana Gonzalez
d5848033-25a4-43c2-bc26-95f9b571fafa,994850d2-c7f7-4ee7-8182-5507f4e2ad8d,Carlos Martinez,Female,54,50+,Centro,2026-08-19,Agosto,Miércoles,False,en_camino,tarjeta,bicicleta,38957.13,8814.23,30142.90,,6.257653,-75.566975,2026-08-19 16:07:53+00:00,,Andres Lopez
120bde0c-03bf-472c-b7ae-e9f86b9e442b,51890d3e-a96b-4fa2-9f0e-7f00344b0997,Sofia Lopez,Male,25,18-25,Norte,2026-08-19,Agosto,Miércoles,False,entregado,app,moto_electrica,64417.08,13372.56,51044.52,48.0,6.285842,-75.563200,2026-08-19 16:59:49+00:00,2026-08-19 17:47:49+00:00,Diego Lopez
8006cbea-0a57-47c6-949d-b381c7721bcc,975f478d-4a1e-48cd-b2b3-f923d30b9251,Laura Martinez,Male,79,50+,Centro,2026-08-19,Agosto,Miércoles,False,entregado,app,moto_electrica,71683.40,12056.63,59626.77,26.0,6.241118,-75.551667,2026-08-19 17:31:47+00:00,2026-08-19 17:57:47+00:00,Lucia Lopez
08e2a171-288a-49b4-83b7-0103a1bbe69b,cab0f77c-6a9c-4833-ab98-ff5e181a7e8c,Diego Gonzalez,Female,40,36-50,Centro,2026-08-19,Agosto,Miércoles,False,entregado,efectivo,moto_electrica,56738.70,13941.15,42797.55,31.0,6.255094,-75.555249,2026-08-19 17:34:20+00:00,2026-08-19 18:05:20+00:00,Diego Rodriguez
5df79490-c7f9-49dd-9681-d013512a73d3,d9b324e7-1d27-48a5-b73a-8850b01f1da7,Valentina Rodriguez,Female,35,26-35,Sur,2026-08-19,Agosto,Miércoles,False,cancelado,efectivo,bicicleta,52026.05,8027.35,43998.70,,6.175040,-75.590478,2026-08-19 18:37:55+00:00,,
db1b8ba7-ff6e-4a9d-bca4-13ec45a43d28,85376b3d-bf0a-462c-9812-374620e92e59,Jorge Garcia,Female,72,50+,Norte,2026-08-19,Agosto,Miércoles,False,entregado,efectivo,moto_electrica,92608.55,14393.63,78214.92,50.0,6.290952,-75.574220,2026-08-19 18:39:30+00:00,2026-08-19 19:29:30+00:00,Ana Martinez
619c2bc7-e382-4b32-8da4-79ee074ce0b7,f2dfaa5a-f205-4345-92ca-af0a6f5a2de7,Marta Lopez,Male,77,50+,Sur,2026-08-19,Agosto,Miércoles,False,entregado,app,moto_electrica,22661.93,5178.80,17483.13,34.0,6.170214,-75.586542,2026-08-19 19:13:11+00:00,2026-08-19 19:47:11+00:00,Jorge Martinez
98d03226-e5c2-4289-ba4c-89296c16952c,641ead09-0b8f-4038-8289-ef1f96225b9d,Maria Lopez,Female,63,50+,Chapinero,2026-08-19,Agosto,Miércoles,False,cancelado,tarjeta,moto_electrica,65892.35,12233.55,53658.80,,6.263049,-75.543014,2026-08-19 19:21:27+00:00,,
71227131-6085-40cb-a272-bca6a57406df,a4be7243-5dfa-45d2-818a-54607daa3daa,Ana Lopez,Female,59,50+,Norte,2026-08-19,Agosto,Miércoles,False,entregado,app,moto_electrica,93805.64,19390.69,74414.95,52.0,6.292372,-75.567462,2026-08-19 20:27:39+00:00,2026-08-19 21:19:39+00:00,Lucia Lopez
90c491ba-0538-4959-935f-14bd00c5c31f,7b93bed4-ad49-4ae0-b9c6-73325f042816,Diego Rodriguez,Female,68,50+,Sur,2026-08-19,Agosto,Miércoles,False,en_camino,tarjeta,moto_electrica,49399.57,8398.79,41000.78,,6.161558,-75.605743,2026-08-19 21:11:11+00:00,,Jorge Gonzalez
0699c3c2-c304-4fa9-91c3-602f78272f17,f5dd7f93-442b-4f9f-b4d8-50c8af7475e5,Mateo Gonzalez,Female,26,26-35,Chapinero,2026-08-19,Agosto,Miércoles,False,entregado,app,moto_electrica,51061.41,11912.84,39148.57,42.0,6.267457,-75.558031,2026-08-19 22:36:22+00:00,2026-08-19 23:18:22+00:00,Andres Lopez
d01244be-adb9-481d-853c-e352bba6bfdc,8f0ac0bd-4c61-4d9c-8a0a-a6c0f2d7227c,Andres Gomez,Female,33,26-35,Chapinero,2026-08-19,Agosto,Miércoles,False,en_camino,tarjeta,moto_electrica,37991.53,7288.40,30703.13,,6.261934,-75.540542,2026-08-19 23:09:05+00:00,,Luis Garcia
cc819907-d21a-410c-af6c-5f4c4d254caf,56eef3c1-26f4-4db0-ae36-a001ada2aa7a,Mateo Martinez,Male,45,36-50,Centro,2026-08-19,Agosto,Miércoles,False,en_camino,tarjeta,moto_electrica,31193.05,6529.42,24663.63,,6.241536,-75.559334,2026-08-19 23:10:14+00:00,,Marta Rodriguez
95a8346a-ff46-4f32-8e83-aec527f9b405,28146250-cf6a-4026-b1f9-b6628c2d8c60,Lucia Lopez,Female,59,50+,Chapinero,2026-08-19,Agosto,Miércoles,False,en_camino,tarjeta,bicicleta,66106.17,12087.82,54018.35,,6.269432,-75.543548,2026-08-19 23:21:24+00:00,,Jorge Lopez
b207d7d3-7703-4c56-8d53-6f8146d6ee3d,7d75a9ec-1aa7-433b-920a-65483447d468,Pedro Gomez,Female,78,50+,Centro,2026-08-19,Agosto,Miércoles,False,entregado,app,bicicleta,37763.93,7125.03,30638.90,48.0,6.250304,-75.551902,2026-08-19 23:28:34+00:00,2026-08-20 00:16:34+00:00,Andres Lopez
c7ff34c2-2ac4-4d1c-8953-c242562611e0,575c8a28-ba91-49bb-a720-b2b5c45d5a33,Maria Gomez,Male,78,50+,Occidente,2026-08-20,Agosto,Jueves,False,entregado,efectivo,moto_electrica,46021.63,10231.62,35790.01,39.0,6.270560,-75.604988,2026-08-20 01:25:15+00:00,2026-08-20 02:04:15+00:00,Laura Perez
976d57d7-343a-44ae-ab52-e4d1a50ef5de,c2117215-2808-47fd-8fc9-330bdba5c03a,Laura Martinez,Female,61,50+,Sur,2026-08-20,Agosto,Jueves,False,entregado,efectivo,moto_electrica,80565.80,14766.36,65799.44,31.0,6.171284,-75.589943,2026-08-20 02:20:06+00:00,2026-08-20 02:51:06+00:00,Juan Gomez
da19c2ef-ea03-4e97-ba84-f8e38fa4ef13,124884e3-8948-4e50-af07-f6c130335c60,Maria Perez,Female,80,50+,Chapinero,2026-08-20,Agosto,Jueves,False,entregado,app,moto_electrica,79209.36,12253.83,66955.53,34.0,6.266674,-75.553791,2026-08-20 02:34:31+00:00,2026-08-20 03:08:31+00:00,Juan Gonzalez
4a63ad87-dc3c-406a-b8e4-cc194fef6848,994850d2-c7f7-4ee7-8182-5507f4e2ad8d,Carlos Martinez,Female,54,50+,Chapinero,2026-08-20,Agosto,Jueves,False,entregado,app,moto_electrica,70102.92,14330.26,55772.66,25.0,6.268069,-75.557437,2026-08-20 05:28:37+00:00,2026-08-20 05:53:37+00:00,Ana Martinez
5b5652d6-959c-4ced-9e85-ac22ea2905a9,30010484-56ff-42bf-8c2c-27a95de8dadb,Luis Gonzalez,Female,77,50+,Occidente,2026-08-20,Agosto,Jueves,False,entregado,tarjeta,moto_electrica,68390.48,12084.34,56306.14,30.0,6.251503,-75.596209,2026-08-20 05:34:39+00:00,2026-08-20 06:04:39+00:00,Jorge Martinez
fb87a431-87b1-49f4-b39a-b34b712078f9,c868f96d-ea66-42c6-ab2c-c8e836b35c37,Sofia Garcia,Male,80,50+,Centro,2026-08-20,Agosto,Jueves,False,entregado,tarjeta,bicicleta,87277.57,16581.97,70695.60,52.0,6.244020,-75.553665,2026-08-20 06:42:36+00:00,2026-08-20 07:34:36+00:00,Jorge Lopez
55933660-523f-478f-a16b-f68b123d315c,c6b06ff5-5bd5-4cf6-9ab7-14b19aae54c6,Camila Gonzalez,Male,59,50+,Chapinero,2026-08-20,Agosto,Jueves,False,entregado,app,moto_electrica,64718.31,14232.09,50486.22,43.0,6.269876,-75.549581,2026-08-20 07:40:20+00:00,2026-08-20 08:23:20+00:00,Andres Lopez
04f792bb-30e0-4853-81f5-540b143fabd4,a4be7243-5dfa-45d2-818a-54607daa3daa,Ana Lopez,Female,59,50+,Norte,2026-08-20,Agosto,Jueves,False,entregado,efectivo,moto_electrica,30143.94,5668.46,24475.48,38.0,6.295854,-75.569922,2026-08-20 07:58:46+00:00,2026-08-20 08:36:46+00:00,Ana Gonzalez
cf79704d-d654-499f-b184-1feb92e5f979,214122ff-3ed0-4ee7-b22f-e1e1b8f04e7e,Diego Rodriguez,Male,26,26-35,Norte,2026-08-20,Agosto,Jueves,False,entregado,tarjeta,moto_electrica,20398.71,4060.00,16338.71,46.0,6.275874,-75.553386,2026-08-20 09:08:39+00:00,2026-08-20 09:54:39+00:00,Marta Rodriguez
4f0ac2c2-a208-4a88-a598-37e855b8a757,6a3ea9aa-61e6-4a9b-bb8a-673c32bd53e3,Sofia Gonzalez,Female,54,50+,Sur,2026-08-20,Agosto,Jueves,False,entregado,tarjeta,bicicleta,26195.81,4795.64,21400.17,40.0,6.171629,-75.589370,2026-08-20 09:13:30+00:00,2026-08-20 09:53:30+00:00,Luis Garcia
3251897f-0f83-47b0-9d14-a4f7fcddaf9a,e14bdbbd-1b66-47ce-a156-94fef926e48d,Valentina Gomez,Female,61,50+,Sur,2026-08-20,Agosto,Jueves,False,entregado,tarjeta,bicicleta,52557.38,9926.56,42630.82,46.0,6.167598,-75.580299,2026-08-20 10:00:23+00:00,2026-08-20 10:46:23+00:00,Laura Perez
49d55093-b264-470c-bd8f-6f698a3916f1,e933ff4c-ee9c-4811-81b0-36ecf8c6f87a,Luis Martinez,Female,75,50+,Centro,2026-08-20,Agosto,Jueves,False,cancelado,app,bicicleta,92835.27,15618.84,77216.43,,6.250443,-75.552779,2026-08-20 12:27:48+00:00,,
5b38ab33-41f3-40d1-af43-74fcd04d813c,133e7b9f-2385-4705-9e99-3eb72a0f75cb,Mateo Gonzalez,Male,66,50+,Sur,2026-08-20,Agosto,Jueves,False,entregado,app,bicicleta,23130.71,5294.33,17836.38,46.0,6.154617,-75.592234,2026-08-20 13:40:45+00:00,2026-08-20 14:26:45+00:00,Lucia Lopez
a0f22421-7d61-4608-a4c4-be518f9098e4,f00e2d66-a77b-4a5b-a16d-97ff62ba0fd3,Juan Gomez,Female,35,26-35,Sur,2026-08-20,Agosto,Jueves,False,en_camino,app,moto_electrica,46902.75,9950.27,36952.48,,6.179372,-75.604619,2026-08-20 14:42:05+00:00,,Diego Lopez
f686f66e-76e8-44ac-b705-f0ac7d0380ae,34f9f1b5-bdd0-46e7-b81d-623e9fdf17d8,Ana Rodriguez,Female,36,36-50,Sur,2026-08-20,Agosto,Jueves,False,en_camino,app,moto_electrica,91965.41,14643.75,77321.66,,6.175838,-75.584743,2026-08-20 15:02:42+00:00,,Diego Rodriguez
58f3908e-56b8-4291-809c-d496511aafea,d6fde3c1-dc4b-4f8c-bad9-53234ff05ee2,Diego Garcia,Female,35,26-35,Centro,2026-08-20,Agosto,Jueves,False,entregado,app,bicicleta,70208.64,11971.80,58236.84,48.0,6.246922,-75.569796,2026-08-20 16:23:34+00:00,2026-08-20 17:11:34+00:00,Juan Gomez
5a7ea4ae-4ba8-4d33-a39c-ac58e377558d,48bc34d2-7f99-4cca-8c08-2dc33d442d18,Carlos Gomez,Male,57,50+,Sur,2026-08-20,Agosto,Jueves,False,entregado,tarjeta,bicicleta,48912.92,7566.33,41346.59,35.0,6.155180,-75.598597,2026-08-20 17:14:48+00:00,2026-08-20 17:49:48+00:00,Ana Martinez
65544e1e-a90d-4f5c-9e83-cd2879cb84cc,214122ff-3ed0-4ee7-b22f-e1e1b8f04e7e,Diego Rodriguez,Male,26,26-35,Centro,2026-08-20,Agosto,Jueves,False,entregado,app,moto_electrica,19925.61,4105.45,15820.16,22.0,6.253243,-75.556050,2026-08-20 17:15:34+00:00,2026-08-20 17:37:34+00:00,Maria Martinez
004759ff-805e-4621-b4ce-14c0c2feeb16,54233927-6db7-4079-8943-602740d70b79,Laura Lopez,Male,32,26-35,Chapinero,2026-08-20,Agosto,Jueves,False,entregado,app,bicicleta,30898.84,7077.44,23821.40,34.0,6.266954,-75.547726,2026-08-20 17:48:56+00:00,2026-08-20 18:22:56+00:00,Valentina Garcia
e5d369d3-f189-4906-9046-fe1d42fa3b08,7b93bed4-ad49-4ae0-b9c6-73325f042816,Diego Rodriguez,Female,68,50+,Chapinero,2026-08-20,Agosto,Jueves,False,entregado,tarjeta,bicicleta,78608.00,13632.86,64975.14,43.0,6.262717,-75.545228,2026-08-20 17:57:08+00:00,2026-08-20 18:40:08+00:00,Luis Garcia
5e859c09-f0bb-40cb-acde-b1d23978a82a,41127643-beb8-48b2-958e-79180a8bf64c,Laura Gomez,Female,32,26-35,Centro,2026-08-20,Agosto,Jueves,False,entregado,efectivo,bicicleta,82597.15,20104.92,62492.23,49.0,6.249008,-75.565463,2026-08-20 18:09:21+00:00,2026-08-20 18:58:21+00:00,Diego Rodriguez
703389d1-f938-447f-bd89-5cd005ccedb2,c868f96d-ea66-42c6-ab2c-c8e836b35c37,Sofia Garcia,Male,80,50+,Norte,2026-08-20,Agosto,Jueves,False,entregado,tarjeta,bicicleta,61309.95,13084.73,48225.22,54.0,6.279264,-75.566019,2026-08-20 19:27:28+00:00,2026-08-20 20:21:28+00:00,Valentina Garcia
5df77756-6b23-42c3-966d-80809326fb6a,0bf86823-cb4c-48f8-8917-ae330525c6d5,Diego Gonzalez,Female,29,26-35,Centro,2026-08-20,Agosto,Jueves,False,entregado,efectivo,moto_electrica,18836.87,3230.71,15606.16,36.0,6.242220,-75.564704,2026-08-20 19:33:36+00:00,2026-08-20 20:09:36+00:00,Andres Martinez
3a58097c-ca76-4c4a-9057-f56ad63d296c,31403c6d-6d71-4dae-a092-3e351f46b23d,Juan Rodriguez,Male,26,26-35,Chapinero,2026-08-20,Agosto,Jueves,False,entregado,efectivo,bicicleta,20269.20,3412.00,16857.20,46.0,6.267635,-75.554428,2026-08-20 19:47:34+00:00,2026-08-20 20:33:34+00:00,Jorge Martinez
5a0782b4-0168-42dd-8f50-790005219ea2,8f0ac0bd-4c61-4d9c-8a0a-a6c0f2d7227c,Andres Gomez,Female,33,26-35,Occidente,2026-08-20,Agosto,Jueves,False,entregado,tarjeta,moto_electrica,51590.10,8787.62,42802.48,44.0,6.241175,-75.604390,2026-08-20 20:07:29+00:00,2026-08-20 20:51:29+00:00,Lucia Lopez
d1a4de67-e32d-4b48-92a6-bd82d3a645d9,2493b729-731e-4c01-a114-f6dfc717faa7,Lucia Martinez,Male,66,50+,Norte,2026-08-20,Agosto,Jueves,False,entregado,efectivo,moto_electrica,92504.45,22258.45,70246.00,52.0,6.280889,-75.576729,2026-08-20 21:25:47+00:00,2026-08-20 22:17:47+00:00,Juan Gonzalez
78b46884-cd51-4bd6-9a2d-e301720cc4db,a4be7243-5dfa-45d2-818a-54607daa3daa,Ana Lopez,Female,59,50+,Sur,2026-08-20,Agosto,Jueves,False,entregado,efectivo,moto_electrica,43679.77,10550.31,33129.46,26.0,6.178568,-75.585916,2026-08-20 22:22:46+00:00,2026-08-20 22:48:46+00:00,Marta Lopez
f5222b52-9d7b-4122-a1e2-c253d1aad7ec,bce090af-1112-4cbd-bbaa-873467f9a4fd,Sofia Martinez,Male,52,50+,Occidente,2026-08-20,Agosto,Jueves,False,entregado,app,moto_electrica,91426.92,17274.08,74152.84,31.0,6.236438,-75.606670,2026-08-20 22:52:11+00:00,2026-08-20 23:23:11+00:00,Lucia Lopez
f06f41e7-4b6a-4d1b-9059-2f4bfe5e35ed,90134b2f-22cb-42bb-8719-e7c7d7271e06,Andres Rodriguez,Male,46,36-50,Centro,2026-08-20,Agosto,Jueves,False,entregado,app,moto_electrica,85153.64,20084.92,65068.72,27.0,6.253604,-75.557860,2026-08-20 23:03:11+00:00,2026-08-20 23:30:11+00:00,Luis Perez
72687531-07ee-43c4-82a7-ae9485df5489,a1e55b58-2600-44cc-9743-bc7ffad4510a,Juan Garcia,Male,25,18-25,Occidente,2026-08-21,Agosto,Viernes,False,entregado,app,moto_electrica,90666.12,15268.14,75397.98,40.0,6.277031,-75.604442,2026-08-21 02:46:22+00:00,2026-08-21 03:26:22+00:00,Luis Garcia
7b600d35-57e1-4b4d-a9e3-256cc20d3c4d,fd944984-53a0-49d4-9474-ceb6fa280378,Marta Perez,Female,73,50+,Centro,2026-08-21,Agosto,Viernes,False,entregado,tarjeta,moto_electrica,31567.34,7471.06,24096.28,36.0,6.241642,-75.562369,2026-08-21 03:43:49+00:00,2026-08-21 04:19:49+00:00,Andres Gomez
fe733f2a-d948-4ecf-9d30-bc4fe6d8bf1a,d75d2cf4-7250-4620-8774-e082750cafca,Diego Gomez,Female,81,50+,Sur,2026-08-21,Agosto,Viernes,False,entregado,tarjeta,bicicleta,63303.05,10880.64,52422.41,49.0,6.155171,-75.585600,2026-08-21 04:54:45+00:00,2026-08-21 05:43:45+00:00,Lucia Lopez
648fa568-5221-4921-9d95-1e56183628a0,a1e55b58-2600-44cc-9743-bc7ffad4510a,Juan Garcia,Male,25,18-25,Centro,2026-08-21,Agosto,Viernes,False,entregado,app,moto_electrica,31880.40,7491.44,24388.96,25.0,6.250904,-75.559337,2026-08-21 04:55:48+00:00,2026-08-21 05:20:48+00:00,Valentina Lopez
7ca5a690-bbcc-4881-9951-29143df36212,d9f1576e-b837-45f6-9043-bc29a44d438c,Andres Martinez,Male,62,50+,Occidente,2026-08-21,Agosto,Viernes,False,entregado,tarjeta,bicicleta,46081.63,7981.41,38100.22,46.0,6.257191,-75.616386,2026-08-21 05:26:34+00:00,2026-08-21 06:12:34+00:00,Andres Martinez
85b8c8e3-cd48-4e0f-b0c8-ed64dff0abd3,2bcc12cb-5d87-4176-a287-3a2aee9351e5,Luis Rodriguez,Female,50,36-50,Sur,2026-08-21,Agosto,Viernes,False,entregado,efectivo,moto_electrica,57046.97,9313.79,47733.18,33.0,6.166593,-75.601377,2026-08-21 07:12:12+00:00,2026-08-21 07:45:12+00:00,Juan Gomez
e513f29e-25bc-49a7-93f3-80781d00bf4a,13e0122f-67ce-494f-8347-6975e8c8f54e,Luis Garcia,Male,54,50+,Chapinero,2026-08-21,Agosto,Viernes,False,entregado,tarjeta,bicicleta,81615.47,13178.92,68436.55,41.0,6.269845,-75.548290,2026-08-21 07:15:51+00:00,2026-08-21 07:56:51+00:00,Lucia Gomez
cebdebb6-e64e-4339-9d06-bd0f7a9d0941,aecd818b-df62-4138-a5fd-5d3004aa264b,Camila Lopez,Female,39,36-50,Norte,2026-08-21,Agosto,Viernes,False,entregado,app,moto_electrica,71271.42,13892.86,57378.56,49.0,6.272346,-75.569066,2026-08-21 07:49:37+00:00,2026-08-21 08:38:37+00:00,Jorge Gonzalez
cd39f9a2-aced-49f3-8eed-5b25ef3cd4ff,e3d7ed4c-b628-4a8e-a070-6cb9dcb5d8d0,Mateo Gomez,Male,30,26-35,Norte,2026-08-21,Agosto,Viernes,False,cancelado,app,moto_electrica,35469.11,8261.90,27207.21,,6.274277,-75.574244,2026-08-21 09:00:48+00:00,,
ecae20a1-0002-42ba-b932-b7d5d756a2d0,532946ef-c978-4995-b94c-d3c989755106,Ana Gonzalez,Female,57,50+,Occidente,2026-08-21,Agosto,Viernes,False,en_camino,app,bicicleta,94979.27,16621.62,78357.65,,6.246695,-75.611071,2026-08-21 09:17:21+00:00,,Juan Gomez
b2bb88d3-817e-4597-a817-711a754c47be,f5dd7f93-442b-4f9f-b4d8-50c8af7475e5,Mateo Gonzalez,Female,26,26-35,Sur,2026-08-21,Agosto,Viernes,False,cancelado,efectivo,bicicleta,17450.85,3176.89,14273.96,,6.151142,-75.589410,2026-08-21 10:56:44+00:00,,
4d620dc9-3633-4131-867e-dcfa3694b809,85376b3d-bf0a-462c-9812-374620e92e59,Jorge Garcia,Female,72,50+,Occidente,2026-08-21,Agosto,Viernes,False,entregado,app,bicicleta,64926.33,15866.70,49059.63,52.0,6.231435,-75.594102,2026-08-21 11:57:55+00:00,2026-08-21 12:49:55+00:00,Jorge Gomez
13ef4d4e-c764-4b44-ad8e-9134dd7a7be0,51890d3e-a96b-4fa2-9f0e-7f00344b0997,Sofia Lopez,Male,25,18-25,Occidente,2026-08-21,Agosto,Viernes,False,entregado,efectivo,bicicleta,29043.95,5028.62,24015.33,42.0,6.233937,-75.596524,2026-08-21 13:06:29+00:00,2026-08-21 13:48:29+00:00,Marta Rodriguez
67532dd5-921b-4a92-b0ae-b6e7cd90a129,f00e2d66-a77b-4a5b-a16d-97ff62ba0fd3,Juan Gomez,Female,35,26-35,Chapinero,2026-08-21,Agosto,Viernes,False,entregado,efectivo,bicicleta,52211.60,11479.50,40732.10,39.0,6.265652,-75.552298,2026-08-21 13:42:08+00:00,2026-08-21 14:21:08+00:00,Andres Lopez
1b9b7c05-51f5-4e15-acef-15f3eda4848a,b2322744-c7c4-49f3-9caa-8df835be917b,Juan Gomez,Male,41,36-50,Norte,2026-08-21,Agosto,Viernes,False,cancelado,efectivo,moto_electrica,36873.17,7705.24,29167.93,,6.275408,-75.567564,2026-08-21 13:54:18+00:00,,
8e9c6b96-a414-42be-bfe6-785238f0f148,41127643-beb8-48b2-958e-79180a8bf64c,Laura Gomez,Female,32,26-35,Occidente,2026-08-21,Agosto,Viernes,False,entregado,tarjeta,bicicleta,79631.27,15778.91,63852.36,29.0,6.241954,-75.605092,2026-08-21 14:51:14+00:00,2026-08-21 15:20:14+00:00,Jorge Lopez
b519ecb2-6118-469a-9c8d-be8f1d90df6a,c1c45866-47a2-47f7-b1e6-4dfecbbdda25,Lucia Lopez,Female,28,26-35,Occidente,2026-08-21,Agosto,Viernes,False,en_camino,efectivo,bicicleta,63691.78,10643.91,53047.87,,6.247680,-75.593246,2026-08-21 14:51:46+00:00,,Jorge Martinez
e9251bcd-b11a-425f-91d9-ecedfc9490fe,f2dfaa5a-f205-4345-92ca-af0a6f5a2de7,Marta Lopez,Male,77,50+,Occidente,2026-08-21,Agosto,Viernes,False,entregado,tarjeta,moto_electrica,21154.65,3552.32,17602.33,26.0,6.246834,-75.590850,2026-08-21 15:46:03+00:00,2026-08-21 16:12:03+00:00,Andres Lopez
5ae6a593-b894-4c19-a588-f65933c6659e,219bd9f5-a5f7-46bb-88b4-e9133b083ff7,Mateo Rodriguez,Female,65,50+,Centro,2026-08-21,Agosto,Viernes,False,entregado,efectivo,moto_electrica,69251.03,15564.93,53686.10,29.0,6.245761,-75.565673,2026-08-21 16:43:56+00:00,2026-08-21 17:12:56+00:00,Carlos Martinez
0d6b3c33-9d62-4b3c-8fee-f4962c37fa43,3f8d1bde-b423-4744-8ce5-b3e0ca57dbac,Sofia Gomez,Male,68,50+,Sur,2026-08-21,Agosto,Viernes,False,entregado,tarjeta,moto_electrica,34168.94,5761.74,28407.20,27.0,6.162160,-75.586499,2026-08-21 17:50:55+00:00,2026-08-21 18:17:55+00:00,Andres Martinez
5211bb99-9fd2-487d-bf96-86fc24e999de,3f8d1bde-b423-4744-8ce5-b3e0ca57dbac,Sofia Gomez,Male,68,50+,Norte,2026-08-21,Agosto,Viernes,False,cancelado,efectivo,bicicleta,63367.61,10453.50,52914.11,,6.288825,-75.564887,2026-08-21 18:02:43+00:00,,
f1f81fb1-98d8-4016-bc8b-ff54a7dbfd67,a200fb08-fef7-4a11-b4af-a7fc9c26bc2e,Luis Garcia,Female,63,50+,Chapinero,2026-08-21,Agosto,Viernes,False,entregado,efectivo,bicicleta,65988.64,13831.24,52157.40,46.0,6.261188,-75.548670,2026-08-21 19:40:51+00:00,2026-08-21 20:26:51+00:00,Laura Gonzalez
df5d2154-ec35-49ff-aaaa-5490d78d986d,53e623f4-bf20-4228-82e3-ee34aa52cc05,Diego Lopez,Female,59,50+,Chapinero,2026-08-21,Agosto,Viernes,False,entregado,app,bicicleta,54226.98,12631.76,41595.22,39.0,6.264073,-75.552744,2026-08-21 22:52:59+00:00,2026-08-21 23:31:59+00:00,Juan Gomez
98d991d3-d9fe-4e55-b29d-d43b3f7eea69,64435586-3152-4620-8118-8c603a6994f4,Laura Lopez,Female,80,50+,Sur,2026-08-21,Agosto,Viernes,False,entregado,app,moto_electrica,20346.71,3671.85,16674.86,28.0,6.167439,-75.592881,2026-08-21 22:53:06+00:00,2026-08-21 23:21:06+00:00,Jorge Gomez
8c1589fc-14ff-4980-9494-0103e99e9e85,0604c774-2d96-40ec-b987-51c090ef688c,Lucia Garcia,Female,78,50+,Chapinero,2026-08-21,Agosto,Viernes,False,entregado,app,moto_electrica,50272.85,12006.17,38266.68,27.0,6.261947,-75.548205,2026-08-21 23:13:32+00:00,2026-08-21 23:40:32+00:00,Andres Gomez
c092c2da-3ec2-4636-8255-0efff1d06171,3f8d1bde-b423-4744-8ce5-b3e0ca57dbac,Sofia Gomez,Male,68,50+,Norte,2026-08-22,Agosto,Sábado,True,entregado,tarjeta,moto_electrica,85974.42,17486.61,68487.81,37.0,6.288810,-75.570636,2026-08-22 00:13:23+00:00,2026-08-22 00:50:23+00:00,Ana Martinez
475c0eec-aba4-4442-b1d9-82a309b29bbb,48bc34d2-7f99-4cca-8c08-2dc33d442d18,Carlos Gomez,Male,57,50+,Centro,2026-08-22,Agosto,Sábado,True,entregado,efectivo,bicicleta,63988.28,11641.00,52347.28,49.0,6.256372,-75.560277,2026-08-22 01:40:43+00:00,2026-08-22 02:29:43+00:00,Andres Martinez
2447ff7c-774d-4093-bb6a-c8f0c89b0daf,9b929e05-3be7-47f5-8987-51f10d07938d,Marta Lopez,Female,52,50+,Sur,2026-08-22,Agosto,Sábado,True,entregado,efectivo,bicicleta,88459.56,19725.51,68734.05,37.0,6.177029,-75.593852,2026-08-22 02:56:02+00:00,2026-08-22 03:33:02+00:00,Lucia Lopez
88d69197-ff86-4de7-accb-3a74a038182e,c2117215-2808-47fd-8fc9-330bdba5c03a,Laura Martinez,Female,61,50+,Chapinero,2026-08-22,Agosto,Sábado,True,entregado,efectivo,moto_electrica,60712.39,14694.06,46018.33,33.0,6.263244,-75.555222,2026-08-22 03:19:57+00:00,2026-08-22 03:52:57+00:00,Juan Gonzalez
efd5c33c-f78f-4b40-bad5-e866d09f048e,d9f1576e-b837-45f6-9043-bc29a44d438c,Andres Martinez,Male,62,50+,Chapinero,2026-08-22,Agosto,Sábado,True,entregado,tarjeta,bicicleta,23059.74,4458.05,18601.69,47.0,6.262478,-75.549225,2026-08-22 03:25:25+00:00,2026-08-22 04:12:25+00:00,Juan Gonzalez
ff5d2a10-4e0f-4927-8cb0-6d3ce2b009f3,9b929e05-3be7-47f5-8987-51f10d07938d,Marta Lopez,Female,52,50+,Occidente,2026-08-22,Agosto,Sábado,True,cancelado,tarjeta,bicicleta,80408.03,14780.45,65627.58,,6.276824,-75.611669,2026-08-22 06:00:51+00:00,,
086eff39-3597-42c5-b98a-55728890c149,2f140e7e-0b9b-4cce-b801-9e5693a57e67,Jorge Gonzalez,Female,74,50+,Norte,2026-08-22,Agosto,Sábado,True,entregado,app,moto_electrica,53375.09,11180.04,42195.05,51.0,6.276877,-75.565862,2026-08-22 06:11:36+00:00,2026-08-22 07:02:36+00:00,Jorge Gomez
a822afda-e764-459a-b319-8daab7970075,41127643-beb8-48b2-958e-79180a8bf64c,Laura Gomez,Female,32,26-35,Chapinero,2026-08-22,Agosto,Sábado,True,entregado,efectivo,moto_electrica,61955.32,12576.28,49379.04,27.0,6.266564,-75.555721,2026-08-22 06:34:02+00:00,2026-08-22 07:01:02+00:00,Jorge Martinez
68850c47-f853-4299-93b1-b558a9079390,1183439d-4b22-4c45-9ada-cbc6d34960d7,Mateo Perez,Male,77,50+,Centro,2026-08-22,Agosto,Sábado,True,entregado,app,bicicleta,29949.79,5259.45,24690.34,42.0,6.246833,-75.563095,2026-08-22 07:58:23+00:00,2026-08-22 08:40:23+00:00,Jorge Gomez
e1ccc4e9-ec09-44ff-9342-e66ae1b15a7d,53e623f4-bf20-4228-82e3-ee34aa52cc05,Diego Lopez,Female,59,50+,Norte,2026-08-22,Agosto,Sábado,True,entregado,tarjeta,moto_electrica,74896.67,14779.70,60116.97,49.0,6.275581,-75.553268,2026-08-22 09:08:21+00:00,2026-08-22 09:57:21+00:00,Jorge Gonzalez
490646e3-3d63-4e03-ba6b-7924112e116f,85d139a7-7a45-49aa-9638-dcd1f5d1c539,Valentina Gomez,Female,47,36-50,Centro,2026-08-22,Agosto,Sábado,True,entregado,tarjeta,moto_electrica,77451.15,17102.32,60348.83,28.0,6.240379,-75.564160,2026-08-22 11:14:19+00:00,2026-08-22 11:42:19+00:00,Luis Lopez
3937dee9-1cd7-4dde-a422-a5290e67abfe,bb4ee5cc-800a-45a7-9b16-65e6a83af29c,Ana Garcia,Female,73,50+,Centro,2026-08-22,Agosto,Sábado,True,entregado,efectivo,bicicleta,45157.04,10683.83,34473.21,45.0,6.247943,-75.560764,2026-08-22 11:50:07+00:00,2026-08-22 12:35:07+00:00,Carlos Martinez
94fb8d77-3cfa-44aa-bb69-c40fdac9e2e8,c6b06ff5-5bd5-4cf6-9ab7-14b19aae54c6,Camila Gonzalez,Male,59,50+,Norte,2026-08-22,Agosto,Sábado,True,entregado,tarjeta,moto_electrica,36214.48,7587.09,28627.39,51.0,6.271850,-75.556772,2026-08-22 13:01:41+00:00,2026-08-22 13:52:41+00:00,Valentina Garcia
07eeac1e-398a-4310-9815-a334ec648a96,2db7afb4-3544-4567-8108-5861c213f9ed,Juan Garcia,Female,31,26-35,Chapinero,2026-08-22,Agosto,Sábado,True,entregado,tarjeta,bicicleta,86908.61,13342.45,73566.16,36.0,6.266150,-75.553313,2026-08-22 14:11:35+00:00,2026-08-22 14:47:35+00:00,Maria Martinez
3eb45510-7440-4d96-8ebd-1623d030ea2f,d93054ed-cd47-4d20-aed5-d5b5d35ef806,Sofia Martinez,Male,43,36-50,Norte,2026-08-22,Agosto,Sábado,True,entregado,efectivo,bicicleta,83706.97,16266.64,67440.33,59.0,6.274629,-75.554672,2026-08-22 15:09:54+00:00,2026-08-22 16:08:54+00:00,Carlos Martinez
90b08768-a9b1-402d-859c-84e053085997,da8767ea-5f63-4a99-97c2-d4b473af120b,Andres Gomez,Female,80,50+,Centro,2026-08-22,Agosto,Sábado,True,entregado,tarjeta,bicicleta,55032.96,10986.05,44046.91,50.0,6.245338,-75.557535,2026-08-22 15:11:33+00:00,2026-08-22 16:01:33+00:00,Andres Lopez
3df38e9c-3263-4fcd-8e5e-ac103d91bde7,f5dd7f93-442b-4f9f-b4d8-50c8af7475e5,Mateo Gonzalez,Female,26,26-35,Norte,2026-08-22,Agosto,Sábado,True,entregado,tarjeta,bicicleta,73054.65,14856.77,58197.88,55.0,6.294431,-75.556303,2026-08-22 17:17:12+00:00,2026-08-22 18:12:12+00:00,Valentina Garcia
540d1117-3a03-4789-a388-1dd38580dffb,8f0ac0bd-4c61-4d9c-8a0a-a6c0f2d7227c,Andres Gomez,Female,33,26-35,Norte,2026-08-22,Agosto,Sábado,True,entregado,tarjeta,moto_electrica,33566.32,7371.19,26195.13,45.0,6.290673,-75.573727,2026-08-22 17:39:10+00:00,2026-08-22 18:24:10+00:00,Luis Garcia
3e006ac6-7851-4ae4-a5f5-90b6326a4520,ceb11d92-eaf4-49dc-b011-4eaca397869c,Jorge Lopez,Female,25,18-25,Norte,2026-08-22,Agosto,Sábado,True,entregado,app,bicicleta,49794.21,8033.66,41760.55,66.0,6.277841,-75.578683,2026-08-22 19:15:36+00:00,2026-08-22 20:21:36+00:00,Marta Lopez
dfea9a4c-7532-4260-bd66-227c1b44ae02,651347e4-debe-4831-bdda-7ce4e7067076,Laura Lopez,Female,35,26-35,Chapinero,2026-08-22,Agosto,Sábado,True,entregado,app,moto_electrica,59092.62,10365.23,48727.39,30.0,6.261600,-75.546892,2026-08-22 19:42:55+00:00,2026-08-22 20:12:55+00:00,Marta Perez
1ce7b277-d4f6-4386-95c5-b1875d51b39c,3846dadb-18c0-49fe-9be8-725b48a79373,Sofia Garcia,Male,67,50+,Norte,2026-08-22,Agosto,Sábado,True,entregado,app,bicicleta,43644.36,9338.58,34305.78,56.0,6.298771,-75.575744,2026-08-22 20:38:58+00:00,2026-08-22 21:34:58+00:00,Jorge Gomez
ebb2df63-ca73-4297-8299-9535c8faea52,33d96349-be47-4ec3-a139-34ca61add917,Pedro Perez,Female,56,50+,Centro,2026-08-22,Agosto,Sábado,True,en_camino,tarjeta,moto_electrica,91750.94,15156.78,76594.16,,6.256008,-75.559019,2026-08-22 20:43:14+00:00,,Diego Lopez
80466eaa-f61e-4649-8dd6-7ebfbe9bb58e,31403c6d-6d71-4dae-a092-3e351f46b23d,Juan Rodriguez,Male,26,26-35,Norte,2026-08-22,Agosto,Sábado,True,entregado,efectivo,moto_electrica,91322.98,19928.86,71394.12,50.0,6.276140,-75.553673,2026-08-22 20:56:42+00:00,2026-08-22 21:46:42+00:00,Valentina Lopez
54922af4-52fe-4fe6-98b5-6d6ba08b5991,e45b976f-47d1-4c49-8f29-db5ab7739caa,Ana Perez,Male,38,36-50,Chapinero,2026-08-22,Agosto,Sábado,True,entregado,efectivo,moto_electrica,78543.79,14155.77,64388.02,27.0,6.266911,-75.548473,2026-08-22 23:35:05+00:00,2026-08-23 00:02:05+00:00,Juan Gonzalez
3c3303e6-1827-43ff-89de-00f00b2b0375,6332c5ab-6d19-41bf-87fa-7ee16a311a73,Lucia Garcia,Female,57,50+,Norte,2026-08-23,Agosto,Domingo,True,entregado,efectivo,moto_electrica,17543.72,4086.08,13457.64,53.0,6.293854,-75.553890,2026-08-23 00:05:20+00:00,2026-08-23 00:58:20+00:00,Marta Perez
65cce9a6-19fd-4a94-b82c-c2d0720ec5af,bce090af-1112-4cbd-bbaa-873467f9a4fd,Sofia Martinez,Male,52,50+,Sur,2026-08-23,Agosto,Domingo,True,entregado,app,moto_electrica,26531.47,4874.76,21656.71,28.0,6.150460,-75.584286,2026-08-23 00:34:06+00:00,2026-08-23 01:02:06+00:00,Andres Lopez
a6456bb0-9f4a-40c0-9470-4c6edcd31047,157a44e6-6bcc-45ef-b789-e6ee479dee83,Sofia Rodriguez,Female,40,36-50,Sur,2026-08-23,Agosto,Domingo,True,entregado,efectivo,bicicleta,79407.70,15867.97,63539.73,33.0,6.162257,-75.600067,2026-08-23 01:46:50+00:00,2026-08-23 02:19:50+00:00,Valentina Lopez
2d990921-2134-4572-8397-ba9201e5c866,f2dfaa5a-f205-4345-92ca-af0a6f5a2de7,Marta Lopez,Male,77,50+,Chapinero,2026-08-23,Agosto,Domingo,True,entregado,tarjeta,bicicleta,45964.27,8080.91,37883.36,36.0,6.264000,-75.554218,2026-08-23 01:49:44+00:00,2026-08-23 02:25:44+00:00,Mateo Martinez
86072796-13fe-422a-84a6-dc2484a0dd8c,9b929e05-3be7-47f5-8987-51f10d07938d,Marta Lopez,Female,52,50+,Norte,2026-08-23,Agosto,Domingo,True,entregado,efectivo,bicicleta,69451.98,14188.65,55263.33,56.0,6.281921,-75.557471,2026-08-23 01:59:35+00:00,2026-08-23 02:55:35+00:00,Andres Gomez
0ad21441-e383-49e8-b981-1d0f7cd8fc16,31e98e9a-24de-4294-8826-fc491e8529cc,Pedro Garcia,Female,34,26-35,Chapinero,2026-08-23,Agosto,Domingo,True,cancelado,app,moto_electrica,84966.24,19889.94,65076.30,,6.265072,-75.547948,2026-08-23 02:21:17+00:00,,
88f47c4d-a9eb-434e-9c67-1a7fd8f3e7fa,a200fb08-fef7-4a11-b4af-a7fc9c26bc2e,Luis Garcia,Female,63,50+,Chapinero,2026-08-23,Agosto,Domingo,True,entregado,efectivo,moto_electrica,21435.42,3369.31,18066.11,27.0,6.262579,-75.542011,2026-08-23 03:17:08+00:00,2026-08-23 03:44:08+00:00,Marta Perez
ec4b0a7d-b254-4fb2-b147-90030ff30747,6332c5ab-6d19-41bf-87fa-7ee16a311a73,Lucia Garcia,Female,57,50+,Centro,2026-08-23,Agosto,Domingo,True,entregado,app,bicicleta,68328.82,15074.46,53254.36,49.0,6.253471,-75.554733,2026-08-23 03:33:11+00:00,2026-08-23 04:22:11+00:00,Andres Gomez
67220996-a2f1-4f1a-b7f5-c75fcf8fc07c,ceb11d92-eaf4-49dc-b011-4eaca397869c,Jorge Lopez,Female,25,18-25,Occidente,2026-08-23,Agosto,Domingo,True,entregado,tarjeta,bicicleta,25651.30,6295.13,19356.17,51.0,6.253302,-75.608347,2026-08-23 04:39:17+00:00,2026-08-23 05:30:17+00:00,Carlos Martinez
7880e728-4ea0-4e53-b0bf-ba5984de8215,c868f96d-ea66-42c6-ab2c-c8e836b35c37,Sofia Garcia,Male,80,50+,Sur,2026-08-23,Agosto,Domingo,True,entregado,app,bicicleta,28129.93,5182.51,22947.42,50.0,6.171440,-75.586990,2026-08-23 05:49:05+00:00,2026-08-23 06:39:05+00:00,Laura Perez
fa49d9d0-8622-4d7e-96ef-263c6ad9e762,6a3ea9aa-61e6-4a9b-bb8a-673c32bd53e3,Sofia Gonzalez,Female,54,50+,Norte,2026-08-23,Agosto,Domingo,True,cancelado,efectivo,moto_electrica,71451.70,12221.92,59229.78,,6.294768,-75.555813,2026-08-23 06:22:04+00:00,,
20ae8a46-eeb1-4325-bb60-0af1f4b0147f,a200fb08-fef7-4a11-b4af-a7fc9c26bc2e,Luis Garcia,Female,63,50+,Centro,2026-08-23,Agosto,Domingo,True,cancelado,tarjeta,moto_electrica,61048.21,13625.93,47422.28,,6.255404,-75.552388,2026-08-23 06:44:43+00:00,,Jorge Martinez
7bf2c20d-4fd0-4307-a811-8d435c988b63,13e0122f-67ce-494f-8347-6975e8c8f54e,Luis Garcia,Male,54,50+,Sur,2026-08-23,Agosto,Domingo,True,entregado,app,bicicleta,54010.96,11380.91,42630.05,32.0,6.174712,-75.587218,2026-08-23 07:45:06+00:00,2026-08-23 08:17:06+00:00,Diego Rodriguez
47ecf2b1-16eb-4047-af91-617b26900f07,06e97137-7dac-45fd-8c25-3d5ffc2931e2,Valentina Martinez,Female,53,50+,Occidente,2026-08-23,Agosto,Domingo,True,en_camino,efectivo,bicicleta,19236.04,3269.14,15966.90,,6.279618,-75.602291,2026-08-23 08:37:16+00:00,,Valentina Garcia
8d3d6a51-b9f3-4df3-a1e5-da24ea0283be,2bcc12cb-5d87-4176-a287-3a2aee9351e5,Luis Rodriguez,Female,50,36-50,Chapinero,2026-08-23,Agosto,Domingo,True,entregado,app,bicicleta,65169.57,15851.31,49318.26,36.0,6.261443,-75.559480,2026-08-23 08:52:53+00:00,2026-08-23 09:28:53+00:00,Juan Gonzalez
7c02b5f2-361e-4951-b89c-fd15fe9434dc,2db7afb4-3544-4567-8108-5861c213f9ed,Juan Garcia,Female,31,26-35,Occidente,2026-08-23,Agosto,Domingo,True,entregado,efectivo,bicicleta,88419.12,15302.17,73116.95,40.0,6.245382,-75.599250,2026-08-23 09:02:22+00:00,2026-08-23 09:42:22+00:00,Valentina Lopez
b196b50e-817f-43c2-9341-7b049bf90e7a,85d139a7-7a45-49aa-9638-dcd1f5d1c539,Valentina Gomez,Female,47,36-50,Norte,2026-08-23,Agosto,Domingo,True,entregado,tarjeta,moto_electrica,81031.22,19585.76,61445.46,44.0,6.273271,-75.562945,2026-08-23 09:14:37+00:00,2026-08-23 09:58:37+00:00,Andres Gomez
73ba8aad-e7a9-481a-9cb7-7b6d0d8c5373,4bee1913-bb93-433f-b041-83b6d37cbba0,Pedro Rodriguez,Female,52,50+,Norte,2026-08-23,Agosto,Domingo,True,cancelado,tarjeta,bicicleta,63921.56,10506.62,53414.94,,6.297596,-75.575052,2026-08-23 09:40:55+00:00,,
40138d28-b69b-49ae-aef9-b49e1c452d70,02800f46-ceb6-4272-9dd5-2c07d23ca12a,Jorge Lopez,Female,54,50+,Chapinero,2026-08-23,Agosto,Domingo,True,entregado,efectivo,bicicleta,56281.97,8850.41,47431.56,46.0,6.267805,-75.558892,2026-08-23 11:15:38+00:00,2026-08-23 12:01:38+00:00,Juan Gonzalez
1734ad06-29a1-4f85-92de-aa541f75b881,85d139a7-7a45-49aa-9638-dcd1f5d1c539,Valentina Gomez,Female,47,36-50,Sur,2026-08-23,Agosto,Domingo,True,entregado,tarjeta,bicicleta,89719.20,18374.33,71344.87,41.0,6.177498,-75.590948,2026-08-23 12:47:39+00:00,2026-08-23 13:28:39+00:00,Jorge Gonzalez
2159b187-fcb2-4e31-be50-b5ccd38c7603,0604c774-2d96-40ec-b987-51c090ef688c,Lucia Garcia,Female,78,50+,Centro,2026-08-23,Agosto,Domingo,True,entregado,tarjeta,moto_electrica,75891.49,14715.61,61175.88,43.0,6.248853,-75.562397,2026-08-23 13:07:09+00:00,2026-08-23 13:50:09+00:00,Laura Perez
b082a95f-4069-4a42-9fba-a5045746bec2,e45b976f-47d1-4c49-8f29-db5ab7739caa,Ana Perez,Male,38,36-50,Norte,2026-08-23,Agosto,Domingo,True,entregado,app,moto_electrica,26382.24,4536.36,21845.88,38.0,6.285983,-75.559240,2026-08-23 15:27:30+00:00,2026-08-23 16:05:30+00:00,Diego Lopez
4a9cf7a2-37ad-4315-8435-4c519aa99f6d,3846dadb-18c0-49fe-9be8-725b48a79373,Sofia Garcia,Male,67,50+,Centro,2026-08-23,Agosto,Domingo,True,entregado,tarjeta,moto_electrica,80850.13,16306.60,64543.53,30.0,6.248459,-75.562660,2026-08-23 16:28:57+00:00,2026-08-23 16:58:57+00:00,Juan Gomez
7fd93d85-9199-48a4-8ddd-ec2010073dc8,e14bdbbd-1b66-47ce-a156-94fef926e48d,Valentina Gomez,Female,61,50+,Occidente,2026-08-23,Agosto,Domingo,True,entregado,app,moto_electrica,77740.00,17849.78,59890.22,28.0,6.265299,-75.610075,2026-08-23 17:01:59+00:00,2026-08-23 17:29:59+00:00,Jorge Gomez
b3a581a5-3caf-48b1-b332-e8af0c6e1d1a,34580dd8-9397-4dc9-bc4e-757392d1c5fb,Lucia Gomez,Female,64,50+,Chapinero,2026-08-23,Agosto,Domingo,True,en_camino,tarjeta,moto_electrica,63654.65,15114.88,48539.77,,6.266261,-75.551230,2026-08-23 17:33:59+00:00,,Juan Gomez
2dc9bc30-e1a9-458e-a833-ab2f728f5690,b280052f-e245-4d75-adc7-534e8adc988d,Juan Perez,Male,46,36-50,Sur,2026-08-23,Agosto,Domingo,True,entregado,efectivo,moto_electrica,76751.33,16343.23,60408.10,39.0,6.160855,-75.590578,2026-08-23 18:56:36+00:00,2026-08-23 19:35:36+00:00,Laura Gonzalez
7e2e645f-e151-4b4c-ab37-2d1bfeb34ab6,065ed21a-e960-49f7-928c-facf2bab622a,Marta Perez,Female,37,36-50,Norte,2026-08-23,Agosto,Domingo,True,entregado,tarjeta,bicicleta,61817.74,11463.95,50353.79,54.0,6.286591,-75.572341,2026-08-23 19:05:32+00:00,2026-08-23 19:59:32+00:00,Jorge Lopez
0cba5f2e-b1a7-462c-b621-694195447503,d93054ed-cd47-4d20-aed5-d5b5d35ef806,Sofia Martinez,Male,43,36-50,Centro,2026-08-23,Agosto,Domingo,True,en_camino,app,bicicleta,39009.81,9711.47,29298.34,,6.243783,-75.550169,2026-08-23 19:50:35+00:00,,Luis Garcia
7092166f-60e8-4338-9cf5-83213c0c9c32,641ead09-0b8f-4038-8289-ef1f96225b9d,Maria Lopez,Female,63,50+,Occidente,2026-08-23,Agosto,Domingo,True,entregado,efectivo,bicicleta,15162.31,2719.76,12442.55,49.0,6.270705,-75.614256,2026-08-23 23:10:18+00:00,2026-08-23 23:59:18+00:00,Jorge Gonzalez
9524eca9-b576-4af3-b1d5-c8ede6a5b0f4,2493b729-731e-4c01-a114-f6dfc717faa7,Lucia Martinez,Male,66,50+,Occidente,2026-08-23,Agosto,Domingo,True,entregado,app,bicicleta,46644.94,8030.17,38614.77,32.0,6.234222,-75.597633,2026-08-23 23:58:51+00:00,2026-08-24 00:30:51+00:00,Valentina Garcia
698a2681-da3e-4dd0-af3f-012c9ebbf39e,aecd818b-df62-4138-a5fd-5d3004aa264b,Camila Lopez,Female,39,36-50,Norte,2026-08-24,Agosto,Lunes,False,entregado,efectivo,bicicleta,42808.95,10652.98,32155.97,62.0,6.289560,-75.573263,2026-08-24 00:12:55+00:00,2026-08-24 01:14:55+00:00,Juan Gonzalez
080b18fd-054d-4c85-8805-7a44ccc7453d,aecd818b-df62-4138-a5fd-5d3004aa264b,Camila Lopez,Female,39,36-50,Norte,2026-08-24,Agosto,Lunes,False,cancelado,tarjeta,moto_electrica,80167.05,14787.01,65380.04,,6.293285,-75.551907,2026-08-24 00:18:37+00:00,,
f11cf8c4-25ca-47a0-b19a-5e9ffd24964a,4602c60c-7f6c-49b6-a894-2f964ce24e73,Mateo Rodriguez,Female,35,26-35,Chapinero,2026-08-24,Agosto,Lunes,False,entregado,app,moto_electrica,44145.48,9302.44,34843.04,25.0,6.262729,-75.559677,2026-08-24 01:35:10+00:00,2026-08-24 02:00:10+00:00,Valentina Garcia
0a51eb23-976d-4bd4-a33b-224aed213f29,ceb11d92-eaf4-49dc-b011-4eaca397869c,Jorge Lopez,Female,25,18-25,Occidente,2026-08-24,Agosto,Lunes,False,entregado,tarjeta,bicicleta,30640.16,7192.92,23447.24,56.0,6.252452,-75.604522,2026-08-24 02:12:24+00:00,2026-08-24 03:08:24+00:00,Laura Perez
2f4b7e39-22ea-4ecb-a521-2b84331ac704,56eef3c1-26f4-4db0-ae36-a001ada2aa7a,Mateo Martinez,Male,45,36-50,Sur,2026-08-24,Agosto,Lunes,False,entregado,app,moto_electrica,65436.90,11987.85,53449.05,43.0,6.176792,-75.584936,2026-08-24 02:37:11+00:00,2026-08-24 03:20:11+00:00,Carlos Martinez
31458349-1e52-4235-beaa-e61ea9c9aba6,4602c60c-7f6c-49b6-a894-2f964ce24e73,Mateo Rodriguez,Female,35,26-35,Chapinero,2026-08-24,Agosto,Lunes,False,entregado,tarjeta,moto_electrica,94699.53,17323.90,77375.63,27.0,6.260651,-75.541863,2026-08-24 03:53:37+00:00,2026-08-24 04:20:37+00:00,Luis Lopez
f5333f5d-1a96-467b-856e-3e8da138c0e3,30010484-56ff-42bf-8c2c-27a95de8dadb,Luis Gonzalez,Female,77,50+,Chapinero,2026-08-24,Agosto,Lunes,False,entregado,tarjeta,moto_electrica,76798.33,13258.32,63540.01,29.0,6.268534,-75.546565,2026-08-24 04:00:41+00:00,2026-08-24 04:29:41+00:00,Diego Rodriguez
db3d25be-6edb-4716-ab2c-a24b7e014070,33d96349-be47-4ec3-a139-34ca61add917,Pedro Perez,Female,56,50+,Sur,2026-08-24,Agosto,Lunes,False,entregado,app,bicicleta,26151.45,6456.87,19694.58,39.0,6.176106,-75.596821,2026-08-24 04:34:03+00:00,2026-08-24 05:13:03+00:00,Valentina Lopez
3022cb4a-3e08-4618-a0c3-c8a89b6a846f,3eaec931-6c40-439f-b3ae-a324b6ed84ac,Carlos Rodriguez,Male,37,36-50,Occidente,2026-08-24,Agosto,Lunes,False,cancelado,efectivo,moto_electrica,73841.67,13983.42,59858.25,,6.243304,-75.615485,2026-08-24 05:02:58+00:00,,
868819a9-0351-49a5-83b6-1b45f28902d9,c6b06ff5-5bd5-4cf6-9ab7-14b19aae54c6,Camila Gonzalez,Male,59,50+,Sur,2026-08-24,Agosto,Lunes,False,entregado,efectivo,bicicleta,50669.09,9258.44,41410.65,47.0,6.179113,-75.599360,2026-08-24 05:32:48+00:00,2026-08-24 06:19:48+00:00,Juan Gonzalez
8d984d20-e437-4323-9b2b-af1c19238ddf,2db7afb4-3544-4567-8108-5861c213f9ed,Juan Garcia,Female,31,26-35,Centro,2026-08-24,Agosto,Lunes,False,entregado,tarjeta,moto_electrica,59521.22,14551.48,44969.74,35.0,6.248786,-75.557808,2026-08-24 05:55:24+00:00,2026-08-24 06:30:24+00:00,Valentina Lopez
466dbf3e-1533-452e-9704-397f5548f2a3,b08e0f7c-3078-41b9-8e89-00b4e8e31b8d,Jorge Gonzalez,Female,44,36-50,Chapinero,2026-08-24,Agosto,Lunes,False,entregado,app,bicicleta,32487.94,7418.85,25069.09,44.0,6.260903,-75.559348,2026-08-24 05:55:29+00:00,2026-08-24 06:39:29+00:00,Marta Perez
b5764eb2-3bf0-41f6-b992-d95bd7c0d689,85376b3d-bf0a-462c-9812-374620e92e59,Jorge Garcia,Female,72,50+,Occidente,2026-08-24,Agosto,Lunes,False,entregado,efectivo,bicicleta,73090.48,12249.80,60840.68,52.0,6.268626,-75.610381,2026-08-24 08:31:11+00:00,2026-08-24 09:23:11+00:00,Jorge Gomez
09dc66d9-2a71-4896-9fda-0342bdc9d824,501d52ea-dd62-4c6b-b43e-eb3cd5fa2d37,Maria Rodriguez,Male,59,50+,Chapinero,2026-08-24,Agosto,Lunes,False,entregado,app,moto_electrica,69300.78,11094.72,58206.06,43.0,6.267507,-75.547098,2026-08-24 10:01:11+00:00,2026-08-24 10:44:11+00:00,Andres Gomez
b581705b-13d6-47cf-beb6-d8963ec3c063,c0865051-d7c6-4a00-b5f5-c553e05e7b6f,Marta Rodriguez,Male,28,26-35,Norte,2026-08-24,Agosto,Lunes,False,entregado,app,bicicleta,76299.08,14099.82,62199.26,61.0,6.283580,-75.571979,2026-08-24 10:36:16+00:00,2026-08-24 11:37:16+00:00,Jorge Martinez
f9fd68ed-4eb8-4625-ba74-e1f07c53915e,7f429b09-d2c9-4b17-84f6-4ef50370180a,Sofia Martinez,Male,67,50+,Norte,2026-08-24,Agosto,Lunes,False,en_camino,efectivo,moto_electrica,49890.47,10637.86,39252.61,,6.282406,-75.569132,2026-08-24 10:49:36+00:00,,Luis Perez
ffb6e656-12c5-41e8-9c38-c5d010e62980,d9f1576e-b837-45f6-9043-bc29a44d438c,Andres Martinez,Male,62,50+,Sur,2026-08-24,Agosto,Lunes,False,entregado,efectivo,moto_electrica,48423.85,8341.55,40082.30,38.0,6.178069,-75.582656,2026-08-24 11:16:00+00:00,2026-08-24 11:54:00+00:00,Luis Garcia
7b04ffb1-be59-44d9-ab1b-71f50d6398e5,9b48ed18-2e2c-49c0-8caf-85c1d0fd941e,Andres Martinez,Male,81,50+,Centro,2026-08-24,Agosto,Lunes,False,entregado,tarjeta,moto_electrica,75747.19,17649.90,58097.29,30.0,6.259140,-75.559430,2026-08-24 12:27:52+00:00,2026-08-24 12:57:52+00:00,Marta Perez
c20157e8-13aa-4fb8-96e0-dfd35c6ca9ab,3b9ed80e-3c01-457b-bd6e-f8878424b937,Juan Gonzalez,Male,81,50+,Sur,2026-08-24,Agosto,Lunes,False,entregado,tarjeta,bicicleta,43243.07,8422.29,34820.78,44.0,6.158088,-75.596896,2026-08-24 14:14:50+00:00,2026-08-24 14:58:50+00:00,Laura Perez
bcc42f0f-96fe-464f-ac4e-75ba038a95f5,532946ef-c978-4995-b94c-d3c989755106,Ana Gonzalez,Female,57,50+,Centro,2026-08-24,Agosto,Lunes,False,entregado,app,bicicleta,33246.22,8065.97,25180.25,45.0,6.257529,-75.562227,2026-08-24 14:29:35+00:00,2026-08-24 15:14:35+00:00,Jorge Gonzalez
07e6ec3b-12de-4036-a1f4-1a59a7c52106,5a53097d-77e6-43e0-970b-3e537f059cf8,Diego Lopez,Male,35,26-35,Norte,2026-08-24,Agosto,Lunes,False,entregado,efectivo,moto_electrica,87710.72,15673.58,72037.14,41.0,6.295801,-75.562315,2026-08-24 16:01:30+00:00,2026-08-24 16:42:30+00:00,Jorge Martinez
1ef87ea9-113c-49d4-b064-4b63cbb65d96,f2dfaa5a-f205-4345-92ca-af0a6f5a2de7,Marta Lopez,Male,77,50+,Norte,2026-08-24,Agosto,Lunes,False,en_camino,efectivo,bicicleta,39462.26,7701.28,31760.98,,6.292422,-75.563856,2026-08-24 16:11:59+00:00,,Andres Gomez
db0b69f0-3add-47b3-bc9f-e8fb9dcd23fa,0bf86823-cb4c-48f8-8917-ae330525c6d5,Diego Gonzalez,Female,29,26-35,Centro,2026-08-24,Agosto,Lunes,False,entregado,app,bicicleta,24344.34,5182.01,19162.33,39.0,6.253841,-75.554124,2026-08-24 17:40:03+00:00,2026-08-24 18:19:03+00:00,Valentina Garcia
b0d1c69c-415e-442b-8649-689b3cd0ea83,8193543e-ba17-4ff3-9344-5f76c2184657,Andres Rodriguez,Female,54,50+,Norte,2026-08-24,Agosto,Lunes,False,entregado,app,bicicleta,43100.18,9853.13,33247.05,57.0,6.279835,-75.579446,2026-08-24 18:03:32+00:00,2026-08-24 19:00:32+00:00,Andres Gomez
70c82860-edaa-4900-93ca-fa293f1e7406,575c8a28-ba91-49bb-a720-b2b5c45d5a33,Maria Gomez,Male,78,50+,Occidente,2026-08-24,Agosto,Lunes,False,entregado,efectivo,moto_electrica,50819.17,10713.11,40106.06,28.0,6.232887,-75.602386,2026-08-24 19:06:53+00:00,2026-08-24 19:34:53+00:00,Marta Perez
7d328234-2142-4cd3-a76a-cebc834e8097,5cce9a92-b20a-48a7-b742-27d2cd0fa666,Juan Martinez,Male,46,36-50,Sur,2026-08-24,Agosto,Lunes,False,cancelado,app,bicicleta,81395.76,16172.51,65223.25,,6.159121,-75.604216,2026-08-24 20:06:56+00:00,,Diego Rodriguez
b1364f67-14de-4595-a97a-0674c6909298,c6b06ff5-5bd5-4cf6-9ab7-14b19aae54c6,Camila Gonzalez,Male,59,50+,Norte,2026-08-24,Agosto,Lunes,False,entregado,efectivo,moto_electrica,73699.94,12968.69,60731.25,51.0,6.286740,-75.555962,2026-08-24 20:15:03+00:00,2026-08-24 21:06:03+00:00,Andres Gomez
74903fa5-6507-4348-b916-69f9cecc1220,d2f47d32-9cdf-43f5-b42e-78288a36515c,Pedro Perez,Male,43,36-50,Chapinero,2026-08-24,Agosto,Lunes,False,entregado,app,moto_electrica,22373.72,4309.27,18064.45,22.0,6.266651,-75.550727,2026-08-24 20:33:01+00:00,2026-08-24 20:55:01+00:00,Jorge Lopez
cc88b906-f6de-4a87-9b96-16794ab699a9,fa03a4c0-a33c-47a6-aa10-616ec3e63346,Maria Perez,Male,68,50+,Occidente,2026-08-24,Agosto,Lunes,False,entregado,efectivo,bicicleta,81277.04,13876.55,67400.49,41.0,6.239066,-75.593027,2026-08-24 20:55:28+00:00,2026-08-24 21:36:28+00:00,Juan Gomez
87326701-72a4-47d0-8847-793032d08d51,0476ef54-6995-4f39-af70-f7f670e33789,Valentina Martinez,Male,55,50+,Centro,2026-08-24,Agosto,Lunes,False,entregado,tarjeta,moto_electrica,55028.06,9805.50,45222.56,33.0,6.251750,-75.558350,2026-08-24 21:31:32+00:00,2026-08-24 22:04:32+00:00,Carlos Martinez
aa789711-6ef1-49ff-929f-24b95833bf4c,9b929e05-3be7-47f5-8987-51f10d07938d,Marta Lopez,Female,52,50+,Chapinero,2026-08-24,Agosto,Lunes,False,entregado,efectivo,moto_electrica,76014.58,11424.20,64590.38,30.0,6.264978,-75.542032,2026-08-24 22:13:30+00:00,2026-08-24 22:43:30+00:00,Laura Gonzalez
38fb5d90-2db6-43d7-a934-5a38ae241aec,0476ef54-6995-4f39-af70-f7f670e33789,Valentina Martinez,Male,55,50+,Chapinero,2026-08-24,Agosto,Lunes,False,entregado,efectivo,moto_electrica,61571.08,11559.16,50011.92,39.0,6.268280,-75.555060,2026-08-24 22:23:49+00:00,2026-08-24 23:02:49+00:00,Jorge Gonzalez
11d34393-ae91-4294-bd19-e9b7b940d94c,a28985ff-49c5-4625-acee-adacb4e59154,Juan Gonzalez,Male,46,36-50,Occidente,2026-08-24,Agosto,Lunes,False,entregado,app,moto_electrica,79738.34,15127.82,64610.52,36.0,6.254688,-75.603626,2026-08-24 23:24:54+00:00,2026-08-25 00:00:54+00:00,Laura Perez
176feff9-d662-45f3-99df-f72db0065eb0,1bb9fc1b-4864-44ef-a2b3-5ea92d0e0afa,Laura Gonzalez,Female,77,50+,Chapinero,2026-08-24,Agosto,Lunes,False,entregado,tarjeta,bicicleta,64096.42,15700.40,48396.02,52.0,6.267468,-75.550490,2026-08-24 23:30:46+00:00,2026-08-25 00:22:46+00:00,Jorge Martinez
1c0acc8d-0aab-4690-bfa0-246028b6c31e,214122ff-3ed0-4ee7-b22f-e1e1b8f04e7e,Diego Rodriguez,Male,26,26-35,Sur,2026-08-25,Agosto,Martes,False,entregado,app,moto_electrica,16151.32,3044.66,13106.66,26.0,6.156726,-75.598332,2026-08-25 00:10:43+00:00,2026-08-25 00:36:43+00:00,Andres Gomez
6c000a97-ed3d-44d0-ae7a-c67b9035c0c9,f2dfaa5a-f205-4345-92ca-af0a6f5a2de7,Marta Lopez,Male,77,50+,Centro,2026-08-25,Agosto,Martes,False,entregado,tarjeta,moto_electrica,40012.45,8414.66,31597.79,28.0,6.246033,-75.557790,2026-08-25 00:33:35+00:00,2026-08-25 01:01:35+00:00,Lucia Gomez
55e36202-0eef-4bf5-b62f-e27e4166d152,8c4b07f3-4be0-4550-a487-d5bfdfe98e97,Marta Lopez,Male,74,50+,Occidente,2026-08-25,Agosto,Martes,False,entregado,efectivo,moto_electrica,28289.46,5839.17,22450.29,29.0,6.233523,-75.604938,2026-08-25 01:43:24+00:00,2026-08-25 02:12:24+00:00,Maria Martinez
14b6bdf4-1f2f-48ac-a8b2-a1fc263f4d76,c1c45866-47a2-47f7-b1e6-4dfecbbdda25,Lucia Lopez,Female,28,26-35,Centro,2026-08-25,Agosto,Martes,False,entregado,efectivo,moto_electrica,88001.27,19680.05,68321.22,27.0,6.250639,-75.567848,2026-08-25 02:38:44+00:00,2026-08-25 03:05:44+00:00,Valentina Garcia
c51c8fff-bccc-4c0b-9a0c-c2f3f30b5720,124884e3-8948-4e50-af07-f6c130335c60,Maria Perez,Female,80,50+,Sur,2026-08-25,Agosto,Martes,False,cancelado,tarjeta,bicicleta,31273.39,7603.12,23670.27,,6.153488,-75.606063,2026-08-25 02:59:58+00:00,,
be066a4a-d34e-48c7-ae5d-d6c7b2e5af76,7d75a9ec-1aa7-433b-920a-65483447d468,Pedro Gomez,Female,78,50+,Norte,2026-08-25,Agosto,Martes,False,entregado,tarjeta,moto_electrica,91636.07,22566.07,69070.00,47.0,6.274011,-75.576569,2026-08-25 04:17:04+00:00,2026-08-25 05:04:04+00:00,Mateo Martinez
d9cb54a5-8010-45b8-9f3f-ca8b4523da19,e933ff4c-ee9c-4811-81b0-36ecf8c6f87a,Luis Martinez,Female,75,50+,Sur,2026-08-25,Agosto,Martes,False,entregado,efectivo,moto_electrica,57577.74,9646.03,47931.71,42.0,6.163746,-75.592312,2026-08-25 04:43:12+00:00,2026-08-25 05:25:12+00:00,Jorge Gomez
c51946e1-bf57-4753-9a44-639df3869ae4,9b929e05-3be7-47f5-8987-51f10d07938d,Marta Lopez,Female,52,50+,Centro,2026-08-25,Agosto,Martes,False,en_camino,tarjeta,bicicleta,47021.89,11175.08,35846.81,,6.248963,-75.566173,2026-08-25 05:01:15+00:00,,Juan Gonzalez
02f38078-a379-4ada-91f5-0b70efc9a9f0,0bf86823-cb4c-48f8-8917-ae330525c6d5,Diego Gonzalez,Female,29,26-35,Occidente,2026-08-25,Agosto,Martes,False,entregado,efectivo,moto_electrica,89345.47,16065.26,73280.21,37.0,6.266128,-75.614091,2026-08-25 05:26:55+00:00,2026-08-25 06:03:55+00:00,Andres Gomez
5db1f27a-a5d3-44e6-85cf-ccdc60604173,937fe017-e232-4857-842b-9c2982b4c987,Sofia Gomez,Female,49,36-50,Norte,2026-08-25,Agosto,Martes,False,entregado,tarjeta,moto_electrica,49275.67,12087.14,37188.53,46.0,6.271361,-75.569653,2026-08-25 06:27:25+00:00,2026-08-25 07:13:25+00:00,Laura Gonzalez
fa73c334-ab54-47a7-83a4-20a9ceb0f765,31e98e9a-24de-4294-8826-fc491e8529cc,Pedro Garcia,Female,34,26-35,Norte,2026-08-25,Agosto,Martes,False,entregado,app,bicicleta,74354.55,14554.95,59799.60,49.0,6.280600,-75.573352,2026-08-25 06:45:53+00:00,2026-08-25 07:34:53+00:00,Luis Lopez
6ab4db0c-d2f9-4bd3-a0e8-79776b5c43c1,a76b46d5-3d05-4c09-9857-29ce77b7ebf6,Laura Martinez,Male,65,50+,Occidente,2026-08-25,Agosto,Martes,False,entregado,tarjeta,bicicleta,44047.18,8748.45,35298.73,51.0,6.278686,-75.597483,2026-08-25 08:09:26+00:00,2026-08-25 09:00:26+00:00,Carlos Martinez
dc551963-6281-4632-bd4f-860b16dd91c5,8193543e-ba17-4ff3-9344-5f76c2184657,Andres Rodriguez,Female,54,50+,Occidente,2026-08-25,Agosto,Martes,False,entregado,app,bicicleta,43470.48,7211.88,36258.60,46.0,6.231784,-75.601153,2026-08-25 08:15:43+00:00,2026-08-25 09:01:43+00:00,Laura Gonzalez
4e2a6d57-2d9b-4202-80ad-71102555d7c0,6c7dcc33-6f64-4bae-a30c-600099b54f33,Camila Martinez,Female,46,36-50,Centro,2026-08-25,Agosto,Martes,False,entregado,tarjeta,moto_electrica,15029.05,2785.76,12243.29,30.0,6.247314,-75.551184,2026-08-25 08:17:10+00:00,2026-08-25 08:47:10+00:00,Luis Garcia
a37d13a3-40fa-4f35-a93e-e2f545c1b7f9,c868f96d-ea66-42c6-ab2c-c8e836b35c37,Sofia Garcia,Male,80,50+,Centro,2026-08-25,Agosto,Martes,False,en_camino,app,moto_electrica,69836.04,15905.22,53930.82,,6.257721,-75.565936,2026-08-25 09:22:38+00:00,,Jorge Gomez
f9b1088c-94a6-401e-8f8c-1519e0642c68,a5fc4169-f965-493f-a8db-e44edb1d21a7,Luis Perez,Female,45,36-50,Occidente,2026-08-25,Agosto,Martes,False,cancelado,tarjeta,moto_electrica,23706.28,5724.31,17981.97,,6.246881,-75.607751,2026-08-25 09:59:41+00:00,,Marta Rodriguez
add1c2a8-3d95-44c5-b7fb-3d990607e2ad,64435586-3152-4620-8118-8c603a6994f4,Laura Lopez,Female,80,50+,Norte,2026-08-25,Agosto,Martes,False,entregado,tarjeta,moto_electrica,29833.70,5842.87,23990.83,41.0,6.277457,-75.567062,2026-08-25 10:04:38+00:00,2026-08-25 10:45:38+00:00,Luis Garcia
197f48b7-9182-40b4-ae00-406d94da4ce3,c9baeee8-18c8-43a5-91a4-eb6a1108ec13,Laura Perez,Male,69,50+,Chapinero,2026-08-25,Agosto,Martes,False,entregado,tarjeta,moto_electrica,74863.13,13128.89,61734.24,30.0,6.262163,-75.553384,2026-08-25 11:14:56+00:00,2026-08-25 11:44:56+00:00,Diego Lopez
de2f5fbd-fd95-4c21-8c9d-fb39ea862e71,66379f01-baf4-4625-af97-5671a7553d51,Marta Rodriguez,Female,33,26-35,Occidente,2026-08-25,Agosto,Martes,False,entregado,efectivo,moto_electrica,34288.79,5873.62,28415.17,28.0,6.233467,-75.594636,2026-08-25 11:48:26+00:00,2026-08-25 12:16:26+00:00,Marta Lopez
c4a74337-d34e-480a-a297-847c1366a5ce,a5fc4169-f965-493f-a8db-e44edb1d21a7,Luis Perez,Female,45,36-50,Chapinero,2026-08-25,Agosto,Martes,False,entregado,app,bicicleta,59858.62,12568.84,47289.78,50.0,6.263790,-75.554963,2026-08-25 12:20:47+00:00,2026-08-25 13:10:47+00:00,Jorge Gonzalez
260d2fc7-aa5e-4e70-9776-710e38342cf5,54233927-6db7-4079-8943-602740d70b79,Laura Lopez,Male,32,26-35,Occidente,2026-08-25,Agosto,Martes,False,en_camino,app,moto_electrica,49108.16,9406.40,39701.76,,6.248134,-75.617297,2026-08-25 13:48:24+00:00,,Diego Rodriguez
b2a5e22c-5de8-4ec0-9bed-620361ea5857,b2322744-c7c4-49f3-9caa-8df835be917b,Juan Gomez,Male,41,36-50,Chapinero,2026-08-25,Agosto,Martes,False,entregado,app,moto_electrica,58243.08,8945.39,49297.69,26.0,6.267266,-75.554319,2026-08-25 16:45:36+00:00,2026-08-25 17:11:36+00:00,Laura Gonzalez
44710b58-9d76-4781-a12d-953b19f99fce,d2f47d32-9cdf-43f5-b42e-78288a36515c,Pedro Perez,Male,43,36-50,Norte,2026-08-25,Agosto,Martes,False,entregado,tarjeta,bicicleta,15935.43,2956.41,12979.02,58.0,6.279502,-75.577040,2026-08-25 16:45:39+00:00,2026-08-25 17:43:39+00:00,Jorge Gomez
1801bdab-50ec-477d-a2a7-d83239539e8b,975f478d-4a1e-48cd-b2b3-f923d30b9251,Laura Martinez,Male,79,50+,Occidente,2026-08-25,Agosto,Martes,False,entregado,tarjeta,moto_electrica,71682.95,13426.11,58256.84,38.0,6.279557,-75.615801,2026-08-25 17:15:22+00:00,2026-08-25 17:53:22+00:00,Andres Gomez
218e5b30-d424-4458-9d5e-4ca05757645c,66379f01-baf4-4625-af97-5671a7553d51,Marta Rodriguez,Female,33,26-35,Chapinero,2026-08-25,Agosto,Martes,False,entregado,tarjeta,moto_electrica,79880.69,15685.15,64195.54,28.0,6.265140,-75.548545,2026-08-25 19:36:36+00:00,2026-08-25 20:04:36+00:00,Lucia Lopez
176c8f15-7f65-44d5-888f-5db2d8cfd47c,85376b3d-bf0a-462c-9812-374620e92e59,Jorge Garcia,Female,72,50+,Occidente,2026-08-25,Agosto,Martes,False,entregado,app,bicicleta,21255.72,4561.57,16694.15,40.0,6.245417,-75.599581,2026-08-25 19:41:36+00:00,2026-08-25 20:21:36+00:00,Ana Martinez
9b2874f4-2eda-4b6f-ae4e-d4a8e26530ff,fd944984-53a0-49d4-9474-ceb6fa280378,Marta Perez,Female,73,50+,Norte,2026-08-25,Agosto,Martes,False,entregado,tarjeta,bicicleta,36024.10,7609.31,28414.79,55.0,6.291726,-75.566732,2026-08-25 19:48:20+00:00,2026-08-25 20:43:20+00:00,Marta Lopez
da350180-425f-408a-995f-d6a0b008bff2,67eb9b39-abd5-461d-a8a3-342c6d582d81,Pedro Perez,Male,26,26-35,Occidente,2026-08-25,Agosto,Martes,False,entregado,efectivo,moto_electrica,61427.92,11738.37,49689.55,30.0,6.259873,-75.606490,2026-08-25 20:38:26+00:00,2026-08-25 21:08:26+00:00,Andres Gomez
9d35d17b-a469-43e9-86df-76f96771e86e,fa03a4c0-a33c-47a6-aa10-616ec3e63346,Maria Perez,Male,68,50+,Chapinero,2026-08-25,Agosto,Martes,False,entregado,efectivo,bicicleta,54283.72,8867.06,45416.66,35.0,6.262900,-75.540888,2026-08-25 20:53:17+00:00,2026-08-25 21:28:17+00:00,Diego Rodriguez
979b5118-c43d-4c03-97f3-e84c0c412ddf,3b9ed80e-3c01-457b-bd6e-f8878424b937,Juan Gonzalez,Male,81,50+,Sur,2026-08-25,Agosto,Martes,False,entregado,app,bicicleta,59203.97,11895.22,47308.75,32.0,6.177961,-75.590519,2026-08-25 21:22:05+00:00,2026-08-25 21:54:05+00:00,Andres Gomez
d668350b-28ad-419a-b9af-86ede5efdc4e,575c8a28-ba91-49bb-a720-b2b5c45d5a33,Maria Gomez,Male,78,50+,Occidente,2026-08-25,Agosto,Martes,False,entregado,efectivo,bicicleta,26945.54,5405.14,21540.40,42.0,6.244904,-75.607804,2026-08-25 22:52:38+00:00,2026-08-25 23:34:38+00:00,Valentina Garcia
00417fdd-5853-46df-ba8a-19887d799c6f,133e7b9f-2385-4705-9e99-3eb72a0f75cb,Mateo Gonzalez,Male,66,50+,Centro,2026-08-25,Agosto,Martes,False,entregado,app,bicicleta,33518.14,5537.44,27980.70,35.0,6.248510,-75.567104,2026-08-25 23:43:22+00:00,2026-08-26 00:18:22+00:00,Marta Perez
3395b6c9-fb76-43ea-b72f-1cce6504662a,bce090af-1112-4cbd-bbaa-873467f9a4fd,Sofia Martinez,Male,52,50+,Norte,2026-08-26,Agosto,Miércoles,False,cancelado,efectivo,moto_electrica,24319.48,4748.76,19570.72,,6.293786,-75.552747,2026-08-26 00:23:58+00:00,,
d735b5dd-634c-4b8c-b68a-3058df749a53,0cecba19-546d-45bc-a482-e679d7148b85,Valentina Rodriguez,Female,73,50+,Centro,2026-08-26,Agosto,Miércoles,False,entregado,efectivo,moto_electrica,60371.69,10672.60,49699.09,20.0,6.242633,-75.568587,2026-08-26 00:43:12+00:00,2026-08-26 01:03:12+00:00,Marta Perez
a0fd5086-48b9-4456-b838-d19cc1b79dfa,d6fde3c1-dc4b-4f8c-bad9-53234ff05ee2,Diego Garcia,Female,35,26-35,Norte,2026-08-26,Agosto,Miércoles,False,entregado,efectivo,bicicleta,43939.41,8833.57,35105.84,56.0,6.298116,-75.550030,2026-08-26 03:22:17+00:00,2026-08-26 04:18:17+00:00,Mateo Martinez
40b45f5f-aab7-4a7f-a5a5-5637a0a897ff,cde4c37d-3d93-402d-8476-5ac08324b8fc,Marta Gonzalez,Male,49,36-50,Norte,2026-08-26,Agosto,Miércoles,False,entregado,app,moto_electrica,24742.98,5668.07,19074.91,42.0,6.287350,-75.571945,2026-08-26 04:16:13+00:00,2026-08-26 04:58:13+00:00,Carlos Martinez
89f3774b-a8e1-4dfb-a19a-43083be04dbc,3eaec931-6c40-439f-b3ae-a324b6ed84ac,Carlos Rodriguez,Male,37,36-50,Occidente,2026-08-26,Agosto,Miércoles,False,entregado,app,bicicleta,47502.99,11574.68,35928.31,48.0,6.233102,-75.591584,2026-08-26 04:30:49+00:00,2026-08-26 05:18:49+00:00,Ana Gonzalez
fd42195d-1e62-4e69-bb51-ace53df8625a,a200fb08-fef7-4a11-b4af-a7fc9c26bc2e,Luis Garcia,Female,63,50+,Centro,2026-08-26,Agosto,Miércoles,False,entregado,efectivo,moto_electrica,84929.82,18638.19,66291.63,32.0,6.248970,-75.567810,2026-08-26 06:52:39+00:00,2026-08-26 07:24:39+00:00,Valentina Lopez
006b6ced-f629-402b-b421-37daf308a6b7,a200fb08-fef7-4a11-b4af-a7fc9c26bc2e,Luis Garcia,Female,63,50+,Chapinero,2026-08-26,Agosto,Miércoles,False,en_camino,app,moto_electrica,49752.07,9640.31,40111.76,,6.269252,-75.541831,2026-08-26 07:18:22+00:00,,Jorge Lopez
1d0e6d51-565b-44dc-888a-0353bad5aee7,fde42dcc-b6cc-4f58-995d-e8c613f6c077,Mateo Garcia,Male,53,50+,Centro,2026-08-26,Agosto,Miércoles,False,entregado,tarjeta,bicicleta,53536.76,12408.41,41128.35,46.0,6.257521,-75.556968,2026-08-26 12:35:31+00:00,2026-08-26 13:21:31+00:00,Valentina Garcia
aa1c3ecb-4400-4605-9615-7245621542b2,937fe017-e232-4857-842b-9c2982b4c987,Sofia Gomez,Female,49,36-50,Occidente,2026-08-26,Agosto,Miércoles,False,entregado,efectivo,moto_electrica,33388.43,7764.23,25624.20,38.0,6.270249,-75.594412,2026-08-26 12:39:02+00:00,2026-08-26 13:17:02+00:00,Valentina Garcia
6891188c-bbdd-4452-8648-6b44a04f598e,28146250-cf6a-4026-b1f9-b6628c2d8c60,Lucia Lopez,Female,59,50+,Centro,2026-08-26,Agosto,Miércoles,False,entregado,app,bicicleta,88996.36,13580.88,75415.48,40.0,6.241639,-75.562463,2026-08-26 12:45:09+00:00,2026-08-26 13:25:09+00:00,Diego Lopez
1fa410c4-b6e2-4953-b3ca-421832844502,06e97137-7dac-45fd-8c25-3d5ffc2931e2,Valentina Martinez,Female,53,50+,Sur,2026-08-26,Agosto,Miércoles,False,entregado,efectivo,bicicleta,15682.17,3739.68,11942.49,47.0,6.168802,-75.608314,2026-08-26 13:55:39+00:00,2026-08-26 14:42:39+00:00,Juan Gonzalez
682fe240-0b09-4edb-ba18-4b6ae292c207,fd944984-53a0-49d4-9474-ceb6fa280378,Marta Perez,Female,73,50+,Centro,2026-08-26,Agosto,Miércoles,False,en_camino,efectivo,moto_electrica,75075.92,14829.78,60246.14,,6.240305,-75.565549,2026-08-26 15:34:34+00:00,,Marta Lopez
763b4622-41ee-49ef-8b78-0723eb3cdea0,532946ef-c978-4995-b94c-d3c989755106,Ana Gonzalez,Female,57,50+,Chapinero,2026-08-26,Agosto,Miércoles,False,entregado,efectivo,bicicleta,51518.25,10860.35,40657.90,38.0,6.268262,-75.549095,2026-08-26 16:42:28+00:00,2026-08-26 17:20:28+00:00,Laura Perez
2f359515-bcd5-45e0-b992-83ae5879403e,e14bdbbd-1b66-47ce-a156-94fef926e48d,Valentina Gomez,Female,61,50+,Sur,2026-08-26,Agosto,Miércoles,False,entregado,tarjeta,bicicleta,74868.38,11562.44,63305.94,33.0,6.152844,-75.584867,2026-08-26 17:16:23+00:00,2026-08-26 17:49:23+00:00,Valentina Lopez
0dc5e98a-c70c-462c-af41-e3ba95a0db9c,a4be7243-5dfa-45d2-818a-54607daa3daa,Ana Lopez,Female,59,50+,Centro,2026-08-26,Agosto,Miércoles,False,en_camino,app,moto_electrica,58598.49,11006.44,47592.05,,6.253779,-75.558981,2026-08-26 17:41:47+00:00,,Marta Perez
2521ce5b-b2d3-44c5-91e7-f425e2db22e6,c5392279-bee4-46f6-9a0a-50b84b29381b,Juan Garcia,Male,76,50+,Chapinero,2026-08-26,Agosto,Miércoles,False,entregado,app,bicicleta,40765.83,6852.25,33913.58,52.0,6.264501,-75.551894,2026-08-26 17:51:12+00:00,2026-08-26 18:43:12+00:00,Marta Perez
d223cb6b-7d69-443c-ab21-67c64432fc06,d6fde3c1-dc4b-4f8c-bad9-53234ff05ee2,Diego Garcia,Female,35,26-35,Sur,2026-08-26,Agosto,Miércoles,False,entregado,efectivo,bicicleta,83450.09,20257.85,63192.24,45.0,6.177130,-75.597095,2026-08-26 18:11:48+00:00,2026-08-26 18:56:48+00:00,Marta Lopez
a9536507-871e-46eb-864b-765ca343de53,53e623f4-bf20-4228-82e3-ee34aa52cc05,Diego Lopez,Female,59,50+,Chapinero,2026-08-26,Agosto,Miércoles,False,cancelado,tarjeta,moto_electrica,67242.10,10869.37,56372.73,,6.268216,-75.546320,2026-08-26 18:31:45+00:00,,
10cf4ca5-b1ab-490a-8bac-f1a848e782a9,8b9a8480-24e2-4d18-aa2c-dd9488b5a08f,Carlos Perez,Male,51,50+,Centro,2026-08-26,Agosto,Miércoles,False,entregado,tarjeta,bicicleta,90968.61,19898.90,71069.71,55.0,6.240945,-75.554854,2026-08-26 19:39:50+00:00,2026-08-26 20:34:50+00:00,Laura Gonzalez
a8013d7d-0ad1-4687-a81a-b7c08314e0b8,f00e2d66-a77b-4a5b-a16d-97ff62ba0fd3,Juan Gomez,Female,35,26-35,Chapinero,2026-08-26,Agosto,Miércoles,False,entregado,tarjeta,bicicleta,18024.87,3362.12,14662.75,1616.0,6.262694,-75.550416,2026-08-26 19:52:13+00:00,2026-08-27 22:48:21.792743+00:00,Laura Gonzalez
6a8ef8c0-6047-470f-a136-15dbaebb28a1,641ead09-0b8f-4038-8289-ef1f96225b9d,Maria Lopez,Female,63,50+,Norte,2026-08-26,Agosto,Miércoles,False,entregado,app,moto_electrica,66227.67,12657.86,53569.81,44.0,6.292690,-75.561347,2026-08-26 19:59:33+00:00,2026-08-26 20:43:33+00:00,Jorge Martinez
f8a42ba9-1982-462c-b967-bb941e2f6785,85d139a7-7a45-49aa-9638-dcd1f5d1c539,Valentina Gomez,Female,47,36-50,Sur,2026-08-26,Agosto,Miércoles,False,entregado,efectivo,moto_electrica,46987.19,7131.84,39855.35,31.0,6.163470,-75.604538,2026-08-26 20:04:01+00:00,2026-08-26 20:35:01+00:00,Jorge Gonzalez
2843618c-6cb5-44bb-acdc-ccb0e8da88bb,30010484-56ff-42bf-8c2c-27a95de8dadb,Luis Gonzalez,Female,77,50+,Sur,2026-08-26,Agosto,Miércoles,False,entregado,app,bicicleta,23632.44,4225.73,19406.71,39.0,6.175322,-75.598255,2026-08-26 20:11:57+00:00,2026-08-26 20:50:57+00:00,Marta Rodriguez
1e0c88cf-b037-4c33-b4c1-3a723d35e7f9,065ed21a-e960-49f7-928c-facf2bab622a,Marta Perez,Female,37,36-50,Sur,2026-08-26,Agosto,Miércoles,False,entregado,app,moto_electrica,43364.90,9343.83,34021.07,25.0,6.175635,-75.590063,2026-08-26 20:29:31+00:00,2026-08-26 20:54:31+00:00,Luis Lopez
d7faa01f-63ac-4663-8b26-ce6d53c1f589,9b929e05-3be7-47f5-8987-51f10d07938d,Marta Lopez,Female,52,50+,Sur,2026-08-26,Agosto,Miércoles,False,entregado,efectivo,moto_electrica,89288.64,17968.08,71320.56,28.0,6.178443,-75.589244,2026-08-26 21:09:58+00:00,2026-08-26 21:37:58+00:00,Marta Lopez
8a544d02-5b5f-4167-ac20-aecdce5146ff,ec199edf-cdc2-4925-8ff2-1f0f224fc41a,Valentina Lopez,Male,48,36-50,Chapinero,2026-08-26,Agosto,Miércoles,False,entregado,efectivo,moto_electrica,31779.36,5631.18,26148.18,34.0,6.269687,-75.543761,2026-08-26 21:44:40+00:00,2026-08-26 22:18:40+00:00,Valentina Lopez
65ada9e6-d353-4baf-b868-1887909031ff,ec199edf-cdc2-4925-8ff2-1f0f224fc41a,Valentina Lopez,Male,48,36-50,Centro,2026-08-26,Agosto,Miércoles,False,entregado,efectivo,moto_electrica,89493.97,18256.20,71237.77,32.0,6.246781,-75.558548,2026-08-26 22:43:51+00:00,2026-08-26 23:15:51+00:00,Marta Lopez
2947ea67-5dff-4a87-b45c-3b746bfa1503,f00e2d66-a77b-4a5b-a16d-97ff62ba0fd3,Juan Gomez,Female,35,26-35,Occidente,2026-08-26,Agosto,Miércoles,False,entregado,app,bicicleta,79393.15,13719.74,65673.41,44.0,6.261053,-75.616762,2026-08-26 23:14:34+00:00,2026-08-26 23:58:34+00:00,Andres Lopez
b1284c1a-6d95-4a72-9e0d-531508844419,5cce9a92-b20a-48a7-b742-27d2cd0fa666,Juan Martinez,Male,46,36-50,Centro,2026-08-26,Agosto,Miércoles,False,entregado,efectivo,bicicleta,34607.51,7575.92,27031.59,45.0,6.245441,-75.566479,2026-08-26 23:25:48+00:00,2026-08-27 00:10:48+00:00,Valentina Lopez
f28ac3e6-8f88-44ef-9bc0-6dcff007dc3f,219bd9f5-a5f7-46bb-88b4-e9133b083ff7,Mateo Rodriguez,Female,65,50+,Centro,2026-08-26,Agosto,Miércoles,False,entregado,tarjeta,moto_electrica,55312.46,10342.43,44970.03,35.0,6.243719,-75.566550,2026-08-26 23:37:57+00:00,2026-08-27 00:12:57+00:00,Carlos Martinez
4f71123b-cb85-4f47-b474-81156b22d858,48bc34d2-7f99-4cca-8c08-2dc33d442d18,Carlos Gomez,Male,57,50+,Centro,2026-08-27,Agosto,Jueves,False,cancelado,app,moto_electrica,68261.28,12478.78,55782.50,,6.252788,-75.563511,2026-08-27 00:00:16+00:00,,
4b46c060-de1d-4d26-adea-6d900406beac,64435586-3152-4620-8118-8c603a6994f4,Laura Lopez,Female,80,50+,Norte,2026-08-27,Agosto,Jueves,False,cancelado,app,bicicleta,27785.81,5667.55,22118.26,,6.280100,-75.568021,2026-08-27 00:03:57+00:00,,
5f3a5f84-5aa3-4477-a7ff-02fbbe98bc2b,cab0f77c-6a9c-4833-ab98-ff5e181a7e8c,Diego Gonzalez,Female,40,36-50,Norte,2026-08-27,Agosto,Jueves,False,entregado,efectivo,bicicleta,21195.61,3181.01,18014.60,61.0,6.296828,-75.550789,2026-08-27 00:13:44+00:00,2026-08-27 01:14:44+00:00,Juan Gomez
b345786c-155d-4f63-94c6-fb263d208f27,02800f46-ceb6-4272-9dd5-2c07d23ca12a,Jorge Lopez,Female,54,50+,Norte,2026-08-27,Agosto,Jueves,False,entregado,tarjeta,bicicleta,72802.75,13554.71,59248.04,64.0,6.285349,-75.554302,2026-08-27 00:39:21+00:00,2026-08-27 01:43:21+00:00,Andres Martinez
99e15b63-4168-423c-a921-b562c658567f,31e98e9a-24de-4294-8826-fc491e8529cc,Pedro Garcia,Female,34,26-35,Occidente,2026-08-27,Agosto,Jueves,False,entregado,tarjeta,moto_electrica,33650.60,5493.47,28157.13,27.0,6.269776,-75.592767,2026-08-27 02:01:47+00:00,2026-08-27 02:28:47+00:00,Jorge Lopez
8f7cca54-3497-4e1c-b435-4d7bc98409d2,02800f46-ceb6-4272-9dd5-2c07d23ca12a,Jorge Lopez,Female,54,50+,Chapinero,2026-08-27,Agosto,Jueves,False,entregado,tarjeta,bicicleta,21899.35,4013.47,17885.88,53.0,6.268098,-75.553944,2026-08-27 04:07:50+00:00,2026-08-27 05:00:50+00:00,Andres Gomez
d359c912-32bc-4eb0-a595-f83b538f0acd,a07da55a-88bb-45a6-9d6f-bfdacccc0991,Marta Martinez,Male,72,50+,Sur,2026-08-27,Agosto,Jueves,False,entregado,app,moto_electrica,79160.13,19175.31,59984.82,32.0,6.178662,-75.580117,2026-08-27 04:54:43+00:00,2026-08-27 05:26:43+00:00,Andres Gomez
1843804b-7664-4aca-8344-4470c373e0a9,56eef3c1-26f4-4db0-ae36-a001ada2aa7a,Mateo Martinez,Male,45,36-50,Centro,2026-08-27,Agosto,Jueves,False,entregado,tarjeta,bicicleta,29974.42,7471.03,22503.39,44.0,6.255938,-75.552803,2026-08-27 05:22:45+00:00,2026-08-27 06:06:45+00:00,Carlos Martinez
309816cf-c0af-4b66-845c-1a5d1bb75b98,937fe017-e232-4857-842b-9c2982b4c987,Sofia Gomez,Female,49,36-50,Norte,2026-08-27,Agosto,Jueves,False,entregado,tarjeta,bicicleta,87891.00,18767.80,69123.20,51.0,6.293215,-75.566247,2026-08-27 05:52:29+00:00,2026-08-27 06:43:29+00:00,Andres Gomez
2abeb3ed-3847-4d8d-bdac-12f86fb6d74a,8193543e-ba17-4ff3-9344-5f76c2184657,Andres Rodriguez,Female,54,50+,Chapinero,2026-08-27,Agosto,Jueves,False,entregado,efectivo,moto_electrica,68567.82,11642.69,56925.13,40.0,6.260532,-75.559520,2026-08-27 06:12:58+00:00,2026-08-27 06:52:58+00:00,Diego Lopez
1c27b140-fdd4-4762-8d62-7a4f0945cdf6,30010484-56ff-42bf-8c2c-27a95de8dadb,Luis Gonzalez,Female,77,50+,Norte,2026-08-27,Agosto,Jueves,False,en_camino,efectivo,moto_electrica,62144.07,11444.60,50699.47,,6.283616,-75.568103,2026-08-27 08:09:16+00:00,,Jorge Gomez
f22c8f34-68d7-4a13-b1a5-f58f06b8884f,fa03a4c0-a33c-47a6-aa10-616ec3e63346,Maria Perez,Male,68,50+,Norte,2026-08-27,Agosto,Jueves,False,entregado,app,bicicleta,42934.17,7496.04,35438.13,59.0,6.280038,-75.558600,2026-08-27 08:43:58+00:00,2026-08-27 09:42:58+00:00,Juan Gonzalez
4c237680-bf43-43e1-9d3a-c7d74debaddf,c2117215-2808-47fd-8fc9-330bdba5c03a,Laura Martinez,Female,61,50+,Centro,2026-08-27,Agosto,Jueves,False,entregado,tarjeta,bicicleta,32638.21,7882.66,24755.55,39.0,6.248879,-75.564200,2026-08-27 09:17:07+00:00,2026-08-27 09:56:07+00:00,Jorge Martinez
f84b8038-05b5-4ca2-bf53-4d1608c2d4b7,36b94275-0968-4c8b-ad19-64e364fe7b21,Diego Garcia,Female,26,26-35,Sur,2026-08-27,Agosto,Jueves,False,entregado,efectivo,moto_electrica,90368.24,14503.95,75864.29,28.0,6.157336,-75.588239,2026-08-27 09:37:42+00:00,2026-08-27 10:05:42+00:00,Luis Lopez
8d6cb2ed-3e91-4289-9e82-3745236106a3,4602c60c-7f6c-49b6-a894-2f964ce24e73,Mateo Rodriguez,Female,35,26-35,Centro,2026-08-27,Agosto,Jueves,False,entregado,efectivo,moto_electrica,17149.83,2962.51,14187.32,28.0,6.259481,-75.551533,2026-08-27 10:59:40+00:00,2026-08-27 11:27:40+00:00,Lucia Lopez
6684b295-b7cf-4e5b-9ab0-c8df9b3b3f95,36b94275-0968-4c8b-ad19-64e364fe7b21,Diego Garcia,Female,26,26-35,Occidente,2026-08-27,Agosto,Jueves,False,entregado,tarjeta,moto_electrica,20073.53,4640.20,15433.33,32.0,6.249485,-75.591231,2026-08-27 11:10:54+00:00,2026-08-27 11:42:54+00:00,Laura Gonzalez
e088cadc-865d-45ac-8ce5-462aaa97a444,8f0ac0bd-4c61-4d9c-8a0a-a6c0f2d7227c,Andres Gomez,Female,33,26-35,Chapinero,2026-08-27,Agosto,Jueves,False,entregado,app,moto_electrica,17581.33,4122.59,13458.74,26.0,6.263693,-75.552373,2026-08-27 13:28:07+00:00,2026-08-27 13:54:07+00:00,Lucia Lopez
2ffaee87-2661-4298-8da8-3decb358bc65,67eb9b39-abd5-461d-a8a3-342c6d582d81,Pedro Perez,Male,26,26-35,Norte,2026-08-27,Agosto,Jueves,False,entregado,tarjeta,moto_electrica,91523.81,14776.90,76746.91,47.0,6.289422,-75.555471,2026-08-27 13:49:22+00:00,2026-08-27 14:36:22+00:00,Jorge Gomez
53a764ec-3468-42ac-93fb-bcf5645a9e59,41127643-beb8-48b2-958e-79180a8bf64c,Laura Gomez,Female,32,26-35,Norte,2026-08-27,Agosto,Jueves,False,entregado,tarjeta,bicicleta,36722.49,7812.15,28910.34,60.0,6.270797,-75.575100,2026-08-27 14:49:43+00:00,2026-08-27 15:49:43+00:00,Lucia Gomez
62ebf543-e029-4233-ab2d-f43d68e45129,a4be7243-5dfa-45d2-818a-54607daa3daa,Ana Lopez,Female,59,50+,Centro,2026-08-27,Agosto,Jueves,False,entregado,app,moto_electrica,70295.20,15280.67,55014.53,30.0,6.254542,-75.552464,2026-08-27 15:07:52+00:00,2026-08-27 15:37:52+00:00,Valentina Lopez
f044ace6-a3e6-4162-a2ef-0c183dba5d0d,d71fd6be-c4b7-4470-ac26-7d00a9f047c9,Mateo Martinez,Female,63,50+,Norte,2026-08-27,Agosto,Jueves,False,entregado,app,bicicleta,72397.21,10976.73,61420.48,52.0,6.283082,-75.551553,2026-08-27 16:07:21+00:00,2026-08-27 16:59:21+00:00,Andres Gomez
fee4ae6e-c6a9-43de-a2be-7048c2434b82,8b9a8480-24e2-4d18-aa2c-dd9488b5a08f,Carlos Perez,Male,51,50+,Norte,2026-08-27,Agosto,Jueves,False,entregado,tarjeta,bicicleta,60220.22,11985.87,48234.35,59.0,6.282765,-75.569332,2026-08-27 16:25:31+00:00,2026-08-27 17:24:31+00:00,Laura Gonzalez
5bbd786c-75a5-4d25-9590-ae16dae9e633,bce090af-1112-4cbd-bbaa-873467f9a4fd,Sofia Martinez,Male,52,50+,Norte,2026-08-27,Agosto,Jueves,False,entregado,app,moto_electrica,32741.12,7979.13,24761.99,46.0,6.270937,-75.567096,2026-08-27 16:33:39+00:00,2026-08-27 17:19:39+00:00,Juan Gonzalez
1e78c994-c3d3-4454-9315-cb8b7881c233,aecd818b-df62-4138-a5fd-5d3004aa264b,Camila Lopez,Female,39,36-50,Centro,2026-08-27,Agosto,Jueves,False,entregado,tarjeta,moto_electrica,48943.28,9972.30,38970.98,35.0,6.248374,-75.558175,2026-08-27 17:07:46+00:00,2026-08-27 17:42:46+00:00,Luis Garcia
bc186e9c-4cd0-4579-8303-0ca93242a1f8,56eef3c1-26f4-4db0-ae36-a001ada2aa7a,Mateo Martinez,Male,45,36-50,Norte,2026-08-27,Agosto,Jueves,False,entregado,efectivo,bicicleta,51783.31,11088.01,40695.30,61.0,6.273223,-75.575224,2026-08-27 17:13:13+00:00,2026-08-27 18:14:13+00:00,Laura Perez
ccc2fbf2-2e4c-4336-8a80-13c8c9fd359c,3eaec931-6c40-439f-b3ae-a324b6ed84ac,Carlos Rodriguez,Male,37,36-50,Centro,2026-08-27,Agosto,Jueves,False,entregado,app,moto_electrica,51415.41,12073.90,39341.51,18.0,6.251476,-75.566253,2026-08-27 17:44:41+00:00,2026-08-27 18:02:41+00:00,Andres Lopez
79351e45-9d07-478d-ac81-2f398e84ff70,90134b2f-22cb-42bb-8719-e7c7d7271e06,Andres Rodriguez,Male,46,36-50,Chapinero,2026-08-27,Agosto,Jueves,False,entregado,tarjeta,moto_electrica,53727.34,13422.29,40305.05,40.0,6.260790,-75.545937,2026-08-27 17:58:35+00:00,2026-08-27 18:38:35+00:00,Diego Lopez
84df19da-7562-47ad-95ea-492fee2424c0,5a53097d-77e6-43e0-970b-3e537f059cf8,Diego Lopez,Male,35,26-35,Centro,2026-08-27,Agosto,Jueves,False,entregado,tarjeta,bicicleta,51428.45,10299.86,41128.59,41.0,6.247849,-75.564527,2026-08-27 17:59:26+00:00,2026-08-27 18:40:26+00:00,Andres Gomez
eb3b3cd9-1657-49cb-b612-c20498630af2,aecd818b-df62-4138-a5fd-5d3004aa264b,Camila Lopez,Female,39,36-50,Sur,2026-08-27,Agosto,Jueves,False,entregado,efectivo,moto_electrica,44697.39,7273.30,37424.09,33.0,6.167008,-75.599150,2026-08-27 18:10:44+00:00,2026-08-27 18:43:44+00:00,Jorge Gonzalez
18bd281e-93fb-4212-8ed2-ddf854e27c69,e3d7ed4c-b628-4a8e-a070-6cb9dcb5d8d0,Mateo Gomez,Male,30,26-35,Sur,2026-08-27,Agosto,Jueves,False,entregado,tarjeta,bicicleta,17898.65,3966.17,13932.48,46.0,6.173137,-75.601764,2026-08-27 18:18:34+00:00,2026-08-27 19:04:34+00:00,Laura Perez
e909dee8-40dc-4d6c-b347-080e0227e59e,cab0f77c-6a9c-4833-ab98-ff5e181a7e8c,Diego Gonzalez,Female,40,36-50,Norte,2026-08-27,Agosto,Jueves,False,en_camino,app,bicicleta,35000.00,3500.00,31500.00,,6.283900,-75.565400,2026-08-27 21:35:17.486560+00:00,,
7a5ae007-50f6-45eb-bb31-7d4fc2111fad,cab0f77c-6a9c-4833-ab98-ff5e181a7e8c,Diego Gonzalez,Female,40,36-50,Sur,2026-08-27,Agosto,Jueves,False,en_camino,tarjeta,moto_electrica,36850.00,5527.50,31322.50,,6.164900,-75.595300,2026-08-27 21:56:38.698021+00:00,,
0435e6bb-ef34-4c1f-9957-a85e5c5e8c4f,cab0f77c-6a9c-4833-ab98-ff5e181a7e8c,Diego Gonzalez,Female,40,36-50,Norte,2026-08-27,Agosto,Jueves,False,en_camino,app,moto_electrica,42000.00,6300.00,35700.00,,6.283900,-75.565400,2026-08-27 22:29:25.881954+00:00,,
89587aeb-133d-4533-93e6-d595ab30340a,cab0f77c-6a9c-4833-ab98-ff5e181a7e8c,Diego Gonzalez,Female,40,36-50,Norte,2026-08-27,Agosto,Jueves,False,en_camino,app,moto_electrica,42000.00,6300.00,35700.00,,6.281962,-75.563684,2026-08-27 23:03:27.970995+00:00,,Carlos Martinez
475d6e02-b0d9-4ef7-b26b-b721c3126ef5,cab0f77c-6a9c-4833-ab98-ff5e181a7e8c,Diego Gonzalez,Female,40,36-50,Chapinero,2026-08-27,Agosto,Jueves,False,en_camino,efectivo,bicicleta,50000.00,5000.00,45000.00,,6.262865,-75.551292,2026-08-27 23:09:18.160369+00:00,,Andres Gomez
